[12:25:33.685][info] [#0:C:/Users/downloader/AppData/Local/nvim-data/mason/packages/lua-language-server\main.lua:71]: Lua Lsp startup, root: 	C:/Users/downloader/AppData/Local/nvim-data/mason/packages/lua-language-server
[12:25:33.686][info] [#0:C:/Users/downloader/AppData/Local/nvim-data/mason/packages/lua-language-server\main.lua:72]: ROOT:	C:/Users/downloader/AppData/Local/nvim-data/mason/packages/lua-language-server
[12:25:33.686][info] [#0:C:/Users/downloader/AppData/Local/nvim-data/mason/packages/lua-language-server\main.lua:73]: LOGPATH:	C:/Users/downloader/AppData/Local/nvim-data/mason/packages/lua-language-server/log
[12:25:33.686][info] [#0:C:/Users/downloader/AppData/Local/nvim-data/mason/packages/lua-language-server\main.lua:74]: METAPATH:	C:/Users/downloader/AppData/Local/nvim-data/mason/packages/lua-language-server/meta
[12:25:33.686][info] [#0:C:/Users/downloader/AppData/Local/nvim-data/mason/packages/lua-language-server\main.lua:75]: VERSION:	3.16.1
[12:25:33.726][info] [#0:script\proto\proto.lua:260]: Listen Mode: stdio
[12:25:33.726][info] [#0:script\service\service.lua:145]: 
========= Medical Examination Report =========
    --------------- Memory ---------------
        Total: 2.212 MB
        # 00 : 2.212 MB
        # 01 : 0.000 MB
        # 02 : 0.000 MB
        # 03 : 0.000 MB
        # 04 : 0.000 MB
    --------------- Coroutine ---------------
        Total:     0
        Running:   0
        Suspended: 0
        Normal:    0
        Dead:      0
    --------------- Cache ---------------
        Total: 1
        Dead:  0
    ---------------  RPC  ---------------
        Holdon:   0
        Waiting:  0
==============================================
[12:25:33.833][info] [#0:script\client.lua:657]: Client init	{
  capabilities = {
    general = {
      positionEncodings = { "utf-8", "utf-16", "utf-32" }
    },
    textDocument = {
      callHierarchy = {
        dynamicRegistration = false
      },
      codeAction = {
        codeActionLiteralSupport = {
          codeActionKind = {
            valueSet = { "", "quickfix", "refactor", "refactor.extract", "refactor.inline", "refactor.rewrite", "source", "source.organizeImports" }
          }
        },
        dataSupport = true,
        dynamicRegistration = true,
        isPreferredSupport = true,
        resolveSupport = {
          properties = { "edit", "command" }
        }
      },
      codeLens = {
        dynamicRegistration = false,
        resolveSupport = {
          properties = { "command" }
        }
      },
      completion = {
        completionItem = {
          commitCharactersSupport = false,
          deprecatedSupport = true,
          documentationFormat = { "markdown", "plaintext" },
          insertReplaceSupport = true,
          insertTextModeSupport = {
            valueSet = { 1 }
          },
          labelDetailsSupport = true,
          preselectSupport = false,
          resolveSupport = {
            properties = { "documentation", "detail", "additionalTextEdits", "command", "data" }
          },
          snippetSupport = true,
          tagSupport = {
            valueSet = { 1 }
          }
        },
        completionItemKind = {
          valueSet = { 1, 2, 3, 4, 5, 6, 7, 8, 9, 10, 11, 12, 13, 14, 15, 16, 17, 18, 19, 20, 21, 22, 23, 24, 25 }
        },
        completionList = {
          itemDefaults = { "commitCharacters", "editRange", "insertTextFormat", "insertTextMode", "data" }
        },
        contextSupport = true,
        dynamicRegistration = false,
        insertTextMode = 1
      },
      declaration = {
        linkSupport = true
      },
      definition = {
        dynamicRegistration = true,
        linkSupport = true
      },
      diagnostic = {
        dynamicRegistration = false,
        tagSupport = {
          valueSet = { 1, 2 }
        }
      },
      documentHighlight = {
        dynamicRegistration = false
      },
      documentSymbol = {
        dynamicRegistration = false,
        hierarchicalDocumentSymbolSupport = true,
        symbolKind = {
          valueSet = { 1, 2, 3, 4, 5, 6, 7, 8, 9, 10, 11, 12, 13, 14, 15, 16, 17, 18, 19, 20, 21, 22, 23, 24, 25, 26 }
        }
      },
      foldingRange = {
        dynamicRegistration = false,
        foldingRange = {
          collapsedText = true
        },
        foldingRangeKind = {
          valueSet = { "comment", "imports", "region" }
        },
        lineFoldingOnly = true
      },
      formatting = {
        dynamicRegistration = true
      },
      hover = {
        contentFormat = { "markdown", "plaintext" },
        dynamicRegistration = true
      },
      implementation = {
        linkSupport = true
      },
      inlayHint = {
        dynamicRegistration = true,
        resolveSupport = {
          properties = { "textEdits", "tooltip", "location", "command" }
        }
      },
      publishDiagnostics = {
        dataSupport = true,
        relatedInformation = true,
        tagSupport = {
          valueSet = { 1, 2 }
        }
      },
      rangeFormatting = {
        dynamicRegistration = true,
        rangesSupport = true
      },
      references = {
        dynamicRegistration = false
      },
      rename = {
        dynamicRegistration = true,
        prepareSupport = true
      },
      semanticTokens = {
        augmentsSyntaxTokens = true,
        dynamicRegistration = false,
        formats = { "relative" },
        multilineTokenSupport = false,
        overlappingTokenSupport = true,
        requests = {
          full = {
            delta = true
          },
          range = false
        },
        serverCancelSupport = false,
        tokenModifiers = { "declaration", "definition", "readonly", "static", "deprecated", "abstract", "async", "modification", "documentation", "defaultLibrary" },
        tokenTypes = { "namespace", "type", "class", "enum", "interface", "struct", "typeParameter", "parameter", "variable", "property", "enumMember", "event", "function", "method", "macro", "keyword", "modifier", "comment", "string", "number", "regexp", "operator", "decorator" }
      },
      signatureHelp = {
        dynamicRegistration = false,
        signatureInformation = {
          activeParameterSupport = true,
          documentationFormat = { "markdown", "plaintext" },
          parameterInformation = {
            labelOffsetSupport = true
          }
        }
      },
      synchronization = {
        didSave = true,
        dynamicRegistration = false,
        willSave = true,
        willSaveWaitUntil = true
      },
      typeDefinition = {
        linkSupport = true
      }
    },
    window = {
      showDocument = {
        support = true
      },
      showMessage = {
        messageActionItem = {
          additionalPropertiesSupport = true
        }
      },
      workDoneProgress = true
    },
    workspace = {
      applyEdit = true,
      configuration = true,
      didChangeConfiguration = {
        dynamicRegistration = false
      },
      didChangeWatchedFiles = {
        dynamicRegistration = true,
        relativePatternSupport = true
      },
      inlayHint = {
        refreshSupport = true
      },
      semanticTokens = {
        refreshSupport = true
      },
      symbol = {
        dynamicRegistration = false,
        symbolKind = {
          valueSet = { 1, 2, 3, 4, 5, 6, 7, 8, 9, 10, 11, 12, 13, 14, 15, 16, 17, 18, 19, 20, 21, 22, 23, 24, 25, 26 }
        }
      },
      workspaceEdit = {
        resourceOperations = { "rename", "create", "delete" }
      },
      workspaceFolders = true
    }
  },
  clientInfo = {
    name = "Neovim",
    version = "0.11.5+g9fa7c0a046"
  },
  processId = 23188,
  rootPath = "C:\\Users\\downloader\\AppData\\Local\\nvim-data",
  rootUri = "file:///C:/Users/downloader/AppData/Local/nvim-data",
  trace = "off",
  workDoneToken = "1",
  workspaceFolders = { {
      name = "C:/Users/downloader/AppData/Local/nvim-data",
      uri = "file:///C:/Users/downloader/AppData/Local/nvim-data"
    } }
}
[12:25:33.834][info] [#0:script\language.lua:137]: VSC language: nil
[12:25:33.834][info] [#0:script\language.lua:138]: LS  language: en-us
[12:25:33.834][info] [#0:script\workspace\workspace.lua:38]: Workspace init root: 	file:///C:/Users/downloader/AppData/Local/nvim-data
[12:25:33.834][info] [#0:script\workspace\workspace.lua:42]: Log path: 	C:/Users/downloader/AppData/Local/nvim-data/mason/packages/lua-language-server/log/file_C_Users_downloader_AppData_Local_nvim-data.log
[12:25:33.846][info] [#0:script\workspace\workspace.lua:48]: Workspace create: 	file:///c%3A/Users/downloader/AppData/Local/nvim-data
[12:25:34.554][info] [#0:script\provider\provider.lua:49]: Load config from client	file:///c%3A/Users/downloader/AppData/Local/nvim-data
[12:25:34.554][info] [#0:script\provider\provider.lua:50]: {
  Lua = {
    codeLens = {
      enable = true
    },
    hint = {
      enable = true,
      semicolon = "Disable"
    },
    runtime = {
      path = { "?.lua", "?/init.lua" },
      pathStrict = true,
      version = "LuaJIT"
    },
    workspace = {
      checkThirdParty = false,
      ignoreDir = { "/lua" },
      library = { "C:/Program Files/Neovim/share/nvim/runtime/lua", "C:/Users/downloader/AppData/Local/nvim-data/lua", "C:/Users/downloader/AppData/Local/nvim-data/lazy/nvim-treesitter/lua" }
    }
  }
}
[12:25:34.554][info] [#0:script\provider\provider.lua:49]: Load config from client	file:///c%3A/Users/downloader/AppData/Local/nvim-data
[12:25:34.554][info] [#0:script\provider\provider.lua:50]: {
  Lua = {
    codeLens = {
      enable = true
    },
    hint = {
      enable = true,
      semicolon = "Disable"
    },
    runtime = {
      path = { "?.lua", "?/init.lua" },
      pathStrict = true,
      version = "LuaJIT"
    },
    workspace = {
      checkThirdParty = false,
      ignoreDir = { "/lua" },
      library = { "C:/Program Files/Neovim/share/nvim/runtime/lua", "C:/Users/downloader/AppData/Local/nvim-data/lua", "C:/Users/downloader/AppData/Local/nvim-data/lazy/nvim-treesitter/lua" }
    }
  }
}
[12:25:34.554][warn] [#0:script\config\loader.lua:116]: No config?	{}
[12:25:34.554][info] [#0:script\provider\provider.lua:65]: Load config from client	fallback
[12:25:34.554][info] [#0:script\provider\provider.lua:66]: nil
[12:25:34.554][warn] [#0:script\config\loader.lua:116]: No config?	{}
[12:25:34.554][info] [#0:script\provider\provider.lua:65]: Load config from client	fallback
[12:25:34.554][info] [#0:script\provider\provider.lua:66]: nil
[12:25:34.554][info] [#0:script\provider\provider.lua:49]: Load config from client	file:///c%3A/Users/downloader/AppData/Local/nvim-data
[12:25:34.554][info] [#0:script\provider\provider.lua:50]: {
  Lua = {
    codeLens = {
      enable = true
    },
    hint = {
      enable = true,
      semicolon = "Disable"
    },
    runtime = {
      path = { "?.lua", "?/init.lua" },
      pathStrict = true,
      version = "LuaJIT"
    },
    workspace = {
      checkThirdParty = false,
      ignoreDir = { "/lua" },
      library = { "C:/Program Files/Neovim/share/nvim/runtime/lua", "C:/Users/downloader/AppData/Local/nvim-data/lua", "C:/Users/downloader/AppData/Local/nvim-data/lazy/nvim-treesitter/lua" }
    }
  }
}
[12:25:34.664][info] [#0:script\library.lua:216]: Init builtin library at:	file:///c%3A/Users/downloader/AppData/Local/nvim-data
[12:25:34.683][info] [#0:script\library.lua:216]: Init builtin library at:	nil
[12:25:34.700][warn] [#0:script\config\loader.lua:116]: No config?	{}
[12:25:34.700][info] [#0:script\provider\provider.lua:65]: Load config from client	fallback
[12:25:34.700][info] [#0:script\provider\provider.lua:66]: nil
[12:25:34.801][info] [#0:script\workspace\workspace.lua:330]: Preload start:	file:///c%3A/Users/downloader/AppData/Local/nvim-data
[12:25:34.807][info] [#0:script\workspace\workspace.lua:336]: Scan files at:	file:///c%3A/Users/downloader/AppData/Local/nvim-data
[12:25:34.808][info] [#0:script\workspace\workspace.lua:330]: Preload start:	<fallback>
[12:25:34.809][info] [#0:script\workspace\workspace.lua:359]: Scan library at:	file:///c%3A/Users/downloader/AppData/Local/nvim-data/mason/packages/lua-language-server/meta/Lua%205.4%20en-us%20utf8/basic.lua
[12:25:34.810][info] [#0:script\workspace\workspace.lua:359]: Scan library at:	file:///c%3A/Users/downloader/AppData/Local/nvim-data/mason/packages/lua-language-server/meta/Lua%205.4%20en-us%20utf8/io.lua
[12:25:34.811][info] [#0:script\workspace\workspace.lua:359]: Scan library at:	file:///c%3A/Users/downloader/AppData/Local/nvim-data/mason/packages/lua-language-server/meta/Lua%205.4%20en-us%20utf8/utf8.lua
[12:25:34.811][info] [#0:script\workspace\workspace.lua:359]: Scan library at:	file:///c%3A/Users/downloader/AppData/Local/nvim-data/mason/packages/lua-language-server/meta/Lua%205.4%20en-us%20utf8/table.lua
[12:25:34.811][info] [#0:script\workspace\workspace.lua:359]: Scan library at:	file:///c%3A/Users/downloader/AppData/Local/nvim-data/mason/packages/lua-language-server/meta/Lua%205.4%20en-us%20utf8/debug.lua
[12:25:34.812][info] [#0:script\workspace\workspace.lua:359]: Scan library at:	file:///c%3A/Users/downloader/AppData/Local/nvim-data/mason/packages/lua-language-server/meta/Lua%205.4%20en-us%20utf8/coroutine.lua
[12:25:34.812][info] [#0:script\workspace\workspace.lua:359]: Scan library at:	file:///c%3A/Users/downloader/AppData/Local/nvim-data/mason/packages/lua-language-server/meta/Lua%205.4%20en-us%20utf8/package.lua
[12:25:34.813][info] [#0:script\workspace\workspace.lua:359]: Scan library at:	file:///c%3A/Users/downloader/AppData/Local/nvim-data/mason/packages/lua-language-server/meta/Lua%205.4%20en-us%20utf8/os.lua
[12:25:34.814][info] [#0:script\workspace\workspace.lua:359]: Scan library at:	file:///c%3A/Users/downloader/AppData/Local/nvim-data/mason/packages/lua-language-server/meta/Lua%205.4%20en-us%20utf8/string.lua
[12:25:34.814][info] [#0:script\workspace\workspace.lua:359]: Scan library at:	file:///c%3A/Users/downloader/AppData/Local/nvim-data/mason/packages/lua-language-server/meta/Lua%205.4%20en-us%20utf8/math.lua
[12:25:34.815][info] [#0:script\workspace\workspace.lua:359]: Scan library at:	file:///c%3A/Users/downloader/AppData/Local/nvim-data/mason/packages/lua-language-server/meta/Lua%205.4%20en-us%20utf8/builtin.lua
[12:25:34.915][info] [#0:script\workspace\workspace.lua:385]: Found 11 files at:	<fallback>
[12:25:34.915][info] [#0:script\workspace\loading.lua:160]: Load files from disk:	<fallback>
[12:25:34.916][info] [#0:script\workspace\loading.lua:100]: Preload file at: file:///c%3A/Users/downloader/AppData/Local/nvim-data/mason/packages/lua-language-server/meta/Lua%205.4%20en-us%20utf8/builtin.lua , size = 0.302 KB
[12:25:34.917][info] [#0:script\workspace\loading.lua:112]: ++++As library of:	file:///c%3A/Users/downloader/AppData/Local/nvim-data/mason/packages/lua-language-server/meta/Lua%205.4%20en-us%20utf8/builtin.lua
[12:25:34.917][info] [#0:script\workspace\loading.lua:100]: Preload file at: file:///c%3A/Users/downloader/AppData/Local/nvim-data/mason/packages/lua-language-server/meta/Lua%205.4%20en-us%20utf8/math.lua , size = 8.595 KB
[12:25:34.922][info] [#0:script\workspace\loading.lua:112]: ++++As library of:	file:///c%3A/Users/downloader/AppData/Local/nvim-data/mason/packages/lua-language-server/meta/Lua%205.4%20en-us%20utf8/math.lua
[12:25:34.922][info] [#0:script\workspace\loading.lua:100]: Preload file at: file:///c%3A/Users/downloader/AppData/Local/nvim-data/mason/packages/lua-language-server/meta/Lua%205.4%20en-us%20utf8/string.lua , size = 5.234 KB
[12:25:34.924][info] [#0:script\workspace\loading.lua:112]: ++++As library of:	file:///c%3A/Users/downloader/AppData/Local/nvim-data/mason/packages/lua-language-server/meta/Lua%205.4%20en-us%20utf8/string.lua
[12:25:34.924][info] [#0:script\workspace\loading.lua:100]: Preload file at: file:///c%3A/Users/downloader/AppData/Local/nvim-data/mason/packages/lua-language-server/meta/Lua%205.4%20en-us%20utf8/os.lua , size = 5.611 KB
[12:25:34.926][info] [#0:script\workspace\loading.lua:112]: ++++As library of:	file:///c%3A/Users/downloader/AppData/Local/nvim-data/mason/packages/lua-language-server/meta/Lua%205.4%20en-us%20utf8/os.lua
[12:25:34.926][info] [#0:script\workspace\loading.lua:100]: Preload file at: file:///c%3A/Users/downloader/AppData/Local/nvim-data/mason/packages/lua-language-server/meta/Lua%205.4%20en-us%20utf8/package.lua , size = 2.944 KB
[12:25:34.927][info] [#0:script\workspace\loading.lua:112]: ++++As library of:	file:///c%3A/Users/downloader/AppData/Local/nvim-data/mason/packages/lua-language-server/meta/Lua%205.4%20en-us%20utf8/package.lua
[12:25:34.927][info] [#0:script\workspace\loading.lua:100]: Preload file at: file:///c%3A/Users/downloader/AppData/Local/nvim-data/mason/packages/lua-language-server/meta/Lua%205.4%20en-us%20utf8/coroutine.lua , size = 2.590 KB
[12:25:34.930][info] [#0:script\workspace\loading.lua:112]: ++++As library of:	file:///c%3A/Users/downloader/AppData/Local/nvim-data/mason/packages/lua-language-server/meta/Lua%205.4%20en-us%20utf8/coroutine.lua
[12:25:34.930][info] [#0:script\workspace\loading.lua:100]: Preload file at: file:///c%3A/Users/downloader/AppData/Local/nvim-data/mason/packages/lua-language-server/meta/Lua%205.4%20en-us%20utf8/debug.lua , size = 7.637 KB
[12:25:34.933][info] [#0:script\workspace\loading.lua:112]: ++++As library of:	file:///c%3A/Users/downloader/AppData/Local/nvim-data/mason/packages/lua-language-server/meta/Lua%205.4%20en-us%20utf8/debug.lua
[12:25:34.934][info] [#0:script\workspace\loading.lua:100]: Preload file at: file:///c%3A/Users/downloader/AppData/Local/nvim-data/mason/packages/lua-language-server/meta/Lua%205.4%20en-us%20utf8/table.lua , size = 5.020 KB
[12:25:34.936][info] [#0:script\workspace\loading.lua:112]: ++++As library of:	file:///c%3A/Users/downloader/AppData/Local/nvim-data/mason/packages/lua-language-server/meta/Lua%205.4%20en-us%20utf8/table.lua
[12:25:34.936][info] [#0:script\workspace\loading.lua:100]: Preload file at: file:///c%3A/Users/downloader/AppData/Local/nvim-data/mason/packages/lua-language-server/meta/Lua%205.4%20en-us%20utf8/utf8.lua , size = 2.386 KB
[12:25:34.937][info] [#0:script\workspace\loading.lua:112]: ++++As library of:	file:///c%3A/Users/downloader/AppData/Local/nvim-data/mason/packages/lua-language-server/meta/Lua%205.4%20en-us%20utf8/utf8.lua
[12:25:34.938][info] [#0:script\workspace\loading.lua:100]: Preload file at: file:///c%3A/Users/downloader/AppData/Local/nvim-data/mason/packages/lua-language-server/meta/Lua%205.4%20en-us%20utf8/io.lua , size = 6.364 KB
[12:25:34.940][info] [#0:script\workspace\loading.lua:112]: ++++As library of:	file:///c%3A/Users/downloader/AppData/Local/nvim-data/mason/packages/lua-language-server/meta/Lua%205.4%20en-us%20utf8/io.lua
[12:25:34.941][info] [#0:script\workspace\loading.lua:100]: Preload file at: file:///c%3A/Users/downloader/AppData/Local/nvim-data/mason/packages/lua-language-server/meta/Lua%205.4%20en-us%20utf8/basic.lua , size = 17.350 KB
[12:25:34.947][info] [#0:script\workspace\loading.lua:112]: ++++As library of:	file:///c%3A/Users/downloader/AppData/Local/nvim-data/mason/packages/lua-language-server/meta/Lua%205.4%20en-us%20utf8/basic.lua
[12:25:34.948][info] [#0:script\workspace\loading.lua:172]: Loaded files takes [0.032] sec: <fallback>
[12:25:34.948][info] [#0:script\workspace\loading.lua:181]: Compile files takes [0.000] sec: <fallback>
[12:25:34.948][info] [#0:script\workspace\loading.lua:182]: Loaded finish:	<fallback>
[12:25:34.948][info] [#0:script\workspace\workspace.lua:387]: Preload finish at:	<fallback>
[12:25:36.326][info] [#0:script\workspace\workspace.lua:359]: Scan library at:	file:///c%3A/Users/downloader/AppData/Local/nvim-data/mason/packages/lua-language-server/meta/LuaJIT%20en-us%20utf8/table/new.lua
[12:25:36.327][info] [#0:script\workspace\workspace.lua:359]: Scan library at:	file:///c%3A/Program%20Files/Neovim/share/nvim/runtime/lua
[12:25:36.345][info] [#0:script\workspace\workspace.lua:359]: Scan library at:	file:///c%3A/Users/downloader/AppData/Local/nvim-data/mason/packages/lua-language-server/meta/LuaJIT%20en-us%20utf8/jit.lua
[12:25:36.345][info] [#0:script\workspace\workspace.lua:359]: Scan library at:	file:///c%3A/Users/downloader/AppData/Local/nvim-data/mason/packages/lua-language-server/meta/LuaJIT%20en-us%20utf8/debug.lua
[12:25:36.346][info] [#0:script\workspace\workspace.lua:359]: Scan library at:	file:///c%3A/Users/downloader/AppData/Local/nvim-data/mason/packages/lua-language-server/meta/LuaJIT%20en-us%20utf8/math.lua
[12:25:36.346][info] [#0:script\workspace\workspace.lua:359]: Scan library at:	file:///c%3A/Users/downloader/AppData/Local/nvim-data/mason/packages/lua-language-server/meta/LuaJIT%20en-us%20utf8/coroutine.lua
[12:25:36.346][info] [#0:script\workspace\workspace.lua:359]: Scan library at:	file:///c%3A/Users/downloader/AppData/Local/nvim-data/mason/packages/lua-language-server/meta/LuaJIT%20en-us%20utf8/os.lua
[12:25:36.347][info] [#0:script\workspace\workspace.lua:359]: Scan library at:	file:///c%3A/Users/downloader/AppData/Local/nvim-data/mason/packages/lua-language-server/meta/LuaJIT%20en-us%20utf8/builtin.lua
[12:25:36.347][info] [#0:script\workspace\workspace.lua:359]: Scan library at:	file:///c%3A/Users/downloader/AppData/Local/nvim-data/mason/packages/lua-language-server/meta/LuaJIT%20en-us%20utf8/table.lua
[12:25:36.347][info] [#0:script\workspace\workspace.lua:359]: Scan library at:	file:///c%3A/Users/downloader/AppData/Local/nvim-data/mason/packages/lua-language-server/meta/LuaJIT%20en-us%20utf8/string.lua
[12:25:36.347][info] [#0:script\workspace\workspace.lua:359]: Scan library at:	file:///c%3A/Users/downloader/AppData/Local/nvim-data/mason/packages/lua-language-server/meta/LuaJIT%20en-us%20utf8/ffi.lua
[12:25:36.348][info] [#0:script\workspace\workspace.lua:359]: Scan library at:	file:///c%3A/Users/downloader/AppData/Local/nvim-data/mason/packages/lua-language-server/meta/LuaJIT%20en-us%20utf8/string/buffer.lua
[12:25:36.348][info] [#0:script\workspace\workspace.lua:359]: Scan library at:	file:///c%3A/Users/downloader/AppData/Local/nvim-data/mason/packages/lua-language-server/meta/LuaJIT%20en-us%20utf8/table/clear.lua
[12:25:36.348][info] [#0:script\workspace\workspace.lua:359]: Scan library at:	file:///c%3A/Users/downloader/AppData/Local/nvim-data/mason/packages/lua-language-server/meta/LuaJIT%20en-us%20utf8/package.lua
[12:25:36.348][info] [#0:script\workspace\workspace.lua:359]: Scan library at:	file:///c%3A/Users/downloader/AppData/Local/nvim-data/lazy/nvim-treesitter/lua
[12:25:36.350][info] [#0:script\workspace\workspace.lua:359]: Scan library at:	file:///c%3A/Users/downloader/AppData/Local/nvim-data/mason/packages/lua-language-server/meta/LuaJIT%20en-us%20utf8/io.lua
[12:25:36.351][info] [#0:script\workspace\workspace.lua:359]: Scan library at:	file:///c%3A/Users/downloader/AppData/Local/nvim-data/mason/packages/lua-language-server/meta/LuaJIT%20en-us%20utf8/jit/util.lua
[12:25:36.351][info] [#0:script\workspace\workspace.lua:359]: Scan library at:	file:///c%3A/Users/downloader/AppData/Local/nvim-data/lua
[12:25:36.354][info] [#0:script\workspace\workspace.lua:359]: Scan library at:	file:///c%3A/Users/downloader/AppData/Local/nvim-data/mason/packages/lua-language-server/meta/LuaJIT%20en-us%20utf8/basic.lua
[12:25:36.354][info] [#0:script\workspace\workspace.lua:359]: Scan library at:	file:///c%3A/Users/downloader/AppData/Local/nvim-data/mason/packages/lua-language-server/meta/LuaJIT%20en-us%20utf8/bit.lua
[12:25:36.355][info] [#0:script\workspace\workspace.lua:359]: Scan library at:	file:///c%3A/Users/downloader/AppData/Local/nvim-data/mason/packages/lua-language-server/meta/LuaJIT%20en-us%20utf8/jit/profile.lua
[12:25:36.456][info] [#0:script\workspace\workspace.lua:385]: Found 3780 files at:	file:///c%3A/Users/downloader/AppData/Local/nvim-data
[12:25:36.456][info] [#0:script\workspace\loading.lua:160]: Load files from disk:	file:///c%3A/Users/downloader/AppData/Local/nvim-data
[12:25:36.456][info] [#0:script\workspace\loading.lua:88]: Skip loaded file: file:///c%3A/Users/downloader/AppData/Local/nvim-data/lua/custom/plugins/treesitter.lua
[12:25:36.456][info] [#0:script\workspace\loading.lua:112]: ++++As library of:	file:///c%3A/Users/downloader/AppData/Local/nvim-data/lua
[12:25:36.456][info] [#0:script\workspace\loading.lua:100]: Preload file at: file:///c%3A/Users/downloader/AppData/Local/nvim-data/mason/packages/lua-language-server/meta/LuaJIT%20en-us%20utf8/jit/profile.lua , size = 0.348 KB
[12:25:36.457][info] [#0:script\workspace\loading.lua:112]: ++++As library of:	file:///c%3A/Users/downloader/AppData/Local/nvim-data/mason/packages/lua-language-server/meta/LuaJIT%20en-us%20utf8/jit/profile.lua
[12:25:36.457][info] [#0:script\workspace\loading.lua:100]: Preload file at: file:///c%3A/Users/downloader/AppData/Local/nvim-data/mason/packages/lua-language-server/meta/LuaJIT%20en-us%20utf8/bit.lua , size = 1.243 KB
[12:25:36.462][info] [#0:script\workspace\loading.lua:112]: ++++As library of:	file:///c%3A/Users/downloader/AppData/Local/nvim-data/mason/packages/lua-language-server/meta/LuaJIT%20en-us%20utf8/bit.lua
[12:25:36.462][info] [#0:script\workspace\loading.lua:100]: Preload file at: file:///c%3A/Users/downloader/AppData/Local/nvim-data/mason/packages/lua-language-server/meta/LuaJIT%20en-us%20utf8/basic.lua , size = 16.760 KB
[12:25:36.467][info] [#0:script\workspace\loading.lua:112]: ++++As library of:	file:///c%3A/Users/downloader/AppData/Local/nvim-data/mason/packages/lua-language-server/meta/LuaJIT%20en-us%20utf8/basic.lua
[12:25:36.467][info] [#0:script\workspace\loading.lua:100]: Preload file at: file:///c%3A/Users/downloader/AppData/Local/nvim-data/lua/custom/plugins/alpha.lua , size = 2.190 KB
[12:25:36.468][info] [#0:script\workspace\loading.lua:112]: ++++As library of:	file:///c%3A/Users/downloader/AppData/Local/nvim-data/lua
[12:25:36.468][info] [#0:script\workspace\loading.lua:100]: Preload file at: file:///c%3A/Users/downloader/AppData/Local/nvim-data/lua/custom/plugins/autoformat.lua , size = 1.197 KB
[12:25:36.468][info] [#0:script\workspace\loading.lua:112]: ++++As library of:	file:///c%3A/Users/downloader/AppData/Local/nvim-data/lua
[12:25:36.468][info] [#0:script\workspace\loading.lua:100]: Preload file at: file:///c%3A/Users/downloader/AppData/Local/nvim-data/lua/custom/plugins/comments.lua , size = 0.126 KB
[12:25:36.468][info] [#0:script\workspace\loading.lua:112]: ++++As library of:	file:///c%3A/Users/downloader/AppData/Local/nvim-data/lua
[12:25:36.468][info] [#0:script\workspace\loading.lua:100]: Preload file at: file:///c%3A/Users/downloader/AppData/Local/nvim-data/lua/custom/plugins/completions.lua , size = 1.609 KB
[12:25:36.469][info] [#0:script\workspace\loading.lua:112]: ++++As library of:	file:///c%3A/Users/downloader/AppData/Local/nvim-data/lua
[12:25:36.469][info] [#0:script\workspace\loading.lua:100]: Preload file at: file:///c%3A/Users/downloader/AppData/Local/nvim-data/lua/custom/plugins/gitsigns.lua , size = 0.327 KB
[12:25:36.469][info] [#0:script\workspace\loading.lua:112]: ++++As library of:	file:///c%3A/Users/downloader/AppData/Local/nvim-data/lua
[12:25:36.469][info] [#0:script\workspace\loading.lua:100]: Preload file at: file:///c%3A/Users/downloader/AppData/Local/nvim-data/lua/custom/plugins/init.lua , size = 0.210 KB
[12:25:36.469][info] [#0:script\workspace\loading.lua:112]: ++++As library of:	file:///c%3A/Users/downloader/AppData/Local/nvim-data/lua
[12:25:36.469][info] [#0:script\workspace\loading.lua:100]: Preload file at: file:///c%3A/Users/downloader/AppData/Local/nvim-data/lua/custom/plugins/lazydev.lua , size = 0.357 KB
[12:25:36.470][info] [#0:script\workspace\loading.lua:112]: ++++As library of:	file:///c%3A/Users/downloader/AppData/Local/nvim-data/lua
[12:25:36.470][info] [#0:script\workspace\loading.lua:100]: Preload file at: file:///c%3A/Users/downloader/AppData/Local/nvim-data/lua/custom/plugins/misc.lua , size = 1.354 KB
[12:25:36.470][info] [#0:script\workspace\loading.lua:112]: ++++As library of:	file:///c%3A/Users/downloader/AppData/Local/nvim-data/lua
[12:25:36.470][info] [#0:script\workspace\loading.lua:100]: Preload file at: file:///c%3A/Users/downloader/AppData/Local/nvim-data/lua/custom/plugins/telescope.lua , size = 4.521 KB
[12:25:36.471][info] [#0:script\workspace\loading.lua:112]: ++++As library of:	file:///c%3A/Users/downloader/AppData/Local/nvim-data/lua
[12:25:36.471][info] [#0:script\workspace\loading.lua:100]: Preload file at: file:///c%3A/Users/downloader/AppData/Local/nvim-data/lua/custom/plugins/tokyo_night.lua , size = 0.889 KB
[12:25:36.472][info] [#0:script\workspace\loading.lua:112]: ++++As library of:	file:///c%3A/Users/downloader/AppData/Local/nvim-data/lua
[12:25:36.472][info] [#0:script\workspace\loading.lua:100]: Preload file at: file:///c%3A/Users/downloader/AppData/Local/nvim-data/lua/kickstart/health.lua , size = 1.558 KB
[12:25:36.473][info] [#0:script\workspace\loading.lua:112]: ++++As library of:	file:///c%3A/Users/downloader/AppData/Local/nvim-data/lua
[12:25:36.473][info] [#0:script\workspace\loading.lua:100]: Preload file at: file:///c%3A/Users/downloader/AppData/Local/nvim-data/lua/kickstart/plugins/autopairs.lua , size = 0.139 KB
[12:25:36.473][info] [#0:script\workspace\loading.lua:112]: ++++As library of:	file:///c%3A/Users/downloader/AppData/Local/nvim-data/lua
[12:25:36.473][info] [#0:script\workspace\loading.lua:100]: Preload file at: file:///c%3A/Users/downloader/AppData/Local/nvim-data/lua/kickstart/plugins/debug.lua , size = 4.508 KB
[12:25:36.474][info] [#0:script\workspace\loading.lua:112]: ++++As library of:	file:///c%3A/Users/downloader/AppData/Local/nvim-data/lua
[12:25:36.474][info] [#0:script\workspace\loading.lua:100]: Preload file at: file:///c%3A/Users/downloader/AppData/Local/nvim-data/lua/kickstart/plugins/gitsigns.lua , size = 2.454 KB
[12:25:36.475][info] [#0:script\workspace\loading.lua:112]: ++++As library of:	file:///c%3A/Users/downloader/AppData/Local/nvim-data/lua
[12:25:36.475][info] [#0:script\workspace\loading.lua:100]: Preload file at: file:///c%3A/Users/downloader/AppData/Local/nvim-data/lua/kickstart/plugins/indent_line.lua , size = 0.221 KB
[12:25:36.475][info] [#0:script\workspace\loading.lua:112]: ++++As library of:	file:///c%3A/Users/downloader/AppData/Local/nvim-data/lua
[12:25:36.475][info] [#0:script\workspace\loading.lua:100]: Preload file at: file:///c%3A/Users/downloader/AppData/Local/nvim-data/lua/kickstart/plugins/lint.lua , size = 2.167 KB
[12:25:36.476][info] [#0:script\workspace\loading.lua:112]: ++++As library of:	file:///c%3A/Users/downloader/AppData/Local/nvim-data/lua
[12:25:36.476][info] [#0:script\workspace\loading.lua:100]: Preload file at: file:///c%3A/Users/downloader/AppData/Local/nvim-data/lua/kickstart/plugins/neo-tree.lua , size = 1.162 KB
[12:25:36.476][info] [#0:script\workspace\loading.lua:112]: ++++As library of:	file:///c%3A/Users/downloader/AppData/Local/nvim-data/lua
[12:25:36.476][info] [#0:script\workspace\loading.lua:100]: Preload file at: file:///c%3A/Users/downloader/AppData/Local/nvim-data/mason/packages/lua-language-server/meta/LuaJIT%20en-us%20utf8/jit/util.lua , size = 1.984 KB
[12:25:36.478][info] [#0:script\workspace\loading.lua:112]: ++++As library of:	file:///c%3A/Users/downloader/AppData/Local/nvim-data/mason/packages/lua-language-server/meta/LuaJIT%20en-us%20utf8/jit/util.lua
[12:25:36.478][info] [#0:script\workspace\loading.lua:100]: Preload file at: file:///c%3A/Users/downloader/AppData/Local/nvim-data/mason/packages/lua-language-server/meta/LuaJIT%20en-us%20utf8/io.lua , size = 6.364 KB
[12:25:36.480][info] [#0:script\workspace\loading.lua:112]: ++++As library of:	file:///c%3A/Users/downloader/AppData/Local/nvim-data/mason/packages/lua-language-server/meta/LuaJIT%20en-us%20utf8/io.lua
[12:25:36.480][info] [#0:script\workspace\loading.lua:100]: Preload file at: file:///c%3A/Users/downloader/AppData/Local/nvim-data/lazy/nvim-treesitter/lua/nvim-treesitter/async.lua , size = 17.095 KB
[12:25:36.488][info] [#0:script\workspace\loading.lua:112]: ++++As library of:	file:///c%3A/Users/downloader/AppData/Local/nvim-data/lazy/nvim-treesitter/lua
[12:25:36.488][info] [#0:script\workspace\loading.lua:100]: Preload file at: file:///c%3A/Users/downloader/AppData/Local/nvim-data/lazy/nvim-treesitter/lua/nvim-treesitter/config.lua , size = 4.447 KB
[12:25:36.490][info] [#0:script\workspace\loading.lua:112]: ++++As library of:	file:///c%3A/Users/downloader/AppData/Local/nvim-data/lazy/nvim-treesitter/lua
[12:25:36.501][info] [#0:script\workspace\loading.lua:100]: Preload file at: file:///c%3A/Users/downloader/AppData/Local/nvim-data/lazy/nvim-treesitter/lua/nvim-treesitter/health.lua , size = 5.118 KB
[12:25:36.503][info] [#0:script\workspace\loading.lua:112]: ++++As library of:	file:///c%3A/Users/downloader/AppData/Local/nvim-data/lazy/nvim-treesitter/lua
[12:25:36.503][info] [#0:script\workspace\loading.lua:100]: Preload file at: file:///c%3A/Users/downloader/AppData/Local/nvim-data/lazy/nvim-treesitter/lua/nvim-treesitter/indent.lua , size = 11.180 KB
[12:25:36.507][info] [#0:script\workspace\loading.lua:112]: ++++As library of:	file:///c%3A/Users/downloader/AppData/Local/nvim-data/lazy/nvim-treesitter/lua
[12:25:36.507][info] [#0:script\workspace\loading.lua:100]: Preload file at: file:///c%3A/Users/downloader/AppData/Local/nvim-data/lazy/nvim-treesitter/lua/nvim-treesitter/init.lua , size = 0.631 KB
[12:25:36.508][info] [#0:script\workspace\loading.lua:112]: ++++As library of:	file:///c%3A/Users/downloader/AppData/Local/nvim-data/lazy/nvim-treesitter/lua
[12:25:36.508][info] [#0:script\workspace\loading.lua:100]: Preload file at: file:///c%3A/Users/downloader/AppData/Local/nvim-data/lazy/nvim-treesitter/lua/nvim-treesitter/log.lua , size = 2.352 KB
[12:25:36.510][info] [#0:script\workspace\loading.lua:112]: ++++As library of:	file:///c%3A/Users/downloader/AppData/Local/nvim-data/lazy/nvim-treesitter/lua
[12:25:36.510][info] [#0:script\workspace\loading.lua:100]: Preload file at: file:///c%3A/Users/downloader/AppData/Local/nvim-data/lazy/nvim-treesitter/lua/nvim-treesitter/install.lua , size = 16.343 KB
[12:25:36.518][info] [#0:script\workspace\loading.lua:112]: ++++As library of:	file:///c%3A/Users/downloader/AppData/Local/nvim-data/lazy/nvim-treesitter/lua
[12:25:36.518][info] [#0:script\workspace\loading.lua:100]: Preload file at: file:///c%3A/Users/downloader/AppData/Local/nvim-data/lazy/nvim-treesitter/lua/nvim-treesitter/parsers.lua , size = 73.737 KB
[12:25:36.532][info] [#0:script\workspace\loading.lua:112]: ++++As library of:	file:///c%3A/Users/downloader/AppData/Local/nvim-data/lazy/nvim-treesitter/lua
[12:25:36.532][info] [#0:script\workspace\loading.lua:100]: Preload file at: file:///c%3A/Users/downloader/AppData/Local/nvim-data/lazy/nvim-treesitter/lua/nvim-treesitter/util.lua , size = 0.378 KB
[12:25:36.533][info] [#0:script\workspace\loading.lua:112]: ++++As library of:	file:///c%3A/Users/downloader/AppData/Local/nvim-data/lazy/nvim-treesitter/lua
[12:25:36.533][info] [#0:script\workspace\loading.lua:100]: Preload file at: file:///c%3A/Users/downloader/AppData/Local/nvim-data/lazy/nvim-treesitter/lua/nvim-treesitter/_meta/parsers.lua , size = 1.399 KB
[12:25:36.533][info] [#0:script\workspace\loading.lua:112]: ++++As library of:	file:///c%3A/Users/downloader/AppData/Local/nvim-data/lazy/nvim-treesitter/lua
[12:25:36.533][info] [#0:script\workspace\loading.lua:100]: Preload file at: file:///c%3A/Users/downloader/AppData/Local/nvim-data/mason/packages/lua-language-server/meta/LuaJIT%20en-us%20utf8/package.lua , size = 2.699 KB
[12:25:36.534][info] [#0:script\workspace\loading.lua:112]: ++++As library of:	file:///c%3A/Users/downloader/AppData/Local/nvim-data/mason/packages/lua-language-server/meta/LuaJIT%20en-us%20utf8/package.lua
[12:25:36.534][info] [#0:script\workspace\loading.lua:100]: Preload file at: file:///c%3A/Users/downloader/AppData/Local/nvim-data/mason/packages/lua-language-server/meta/LuaJIT%20en-us%20utf8/table/clear.lua , size = 0.797 KB
[12:25:36.535][info] [#0:script\workspace\loading.lua:112]: ++++As library of:	file:///c%3A/Users/downloader/AppData/Local/nvim-data/mason/packages/lua-language-server/meta/LuaJIT%20en-us%20utf8/table/clear.lua
[12:25:36.535][info] [#0:script\workspace\loading.lua:100]: Preload file at: file:///c%3A/Users/downloader/AppData/Local/nvim-data/mason/packages/lua-language-server/meta/LuaJIT%20en-us%20utf8/string/buffer.lua , size = 18.057 KB
[12:25:36.538][info] [#0:script\workspace\loading.lua:112]: ++++As library of:	file:///c%3A/Users/downloader/AppData/Local/nvim-data/mason/packages/lua-language-server/meta/LuaJIT%20en-us%20utf8/string/buffer.lua
[12:25:36.538][info] [#0:script\workspace\loading.lua:100]: Preload file at: file:///c%3A/Users/downloader/AppData/Local/nvim-data/mason/packages/lua-language-server/meta/LuaJIT%20en-us%20utf8/ffi.lua , size = 2.529 KB
[12:25:36.539][info] [#0:script\workspace\loading.lua:112]: ++++As library of:	file:///c%3A/Users/downloader/AppData/Local/nvim-data/mason/packages/lua-language-server/meta/LuaJIT%20en-us%20utf8/ffi.lua
[12:25:36.539][info] [#0:script\workspace\loading.lua:100]: Preload file at: file:///c%3A/Users/downloader/AppData/Local/nvim-data/mason/packages/lua-language-server/meta/LuaJIT%20en-us%20utf8/string.lua , size = 5.217 KB
[12:25:36.542][info] [#0:script\workspace\loading.lua:112]: ++++As library of:	file:///c%3A/Users/downloader/AppData/Local/nvim-data/mason/packages/lua-language-server/meta/LuaJIT%20en-us%20utf8/string.lua
[12:25:36.542][info] [#0:script\workspace\loading.lua:100]: Preload file at: file:///c%3A/Users/downloader/AppData/Local/nvim-data/mason/packages/lua-language-server/meta/LuaJIT%20en-us%20utf8/table.lua , size = 5.020 KB
[12:25:36.552][info] [#0:script\workspace\loading.lua:112]: ++++As library of:	file:///c%3A/Users/downloader/AppData/Local/nvim-data/mason/packages/lua-language-server/meta/LuaJIT%20en-us%20utf8/table.lua
[12:25:36.552][info] [#0:script\workspace\loading.lua:100]: Preload file at: file:///c%3A/Users/downloader/AppData/Local/nvim-data/mason/packages/lua-language-server/meta/LuaJIT%20en-us%20utf8/builtin.lua , size = 0.302 KB
[12:25:36.553][info] [#0:script\workspace\loading.lua:112]: ++++As library of:	file:///c%3A/Users/downloader/AppData/Local/nvim-data/mason/packages/lua-language-server/meta/LuaJIT%20en-us%20utf8/builtin.lua
[12:25:36.553][info] [#0:script\workspace\loading.lua:100]: Preload file at: file:///c%3A/Users/downloader/AppData/Local/nvim-data/mason/packages/lua-language-server/meta/LuaJIT%20en-us%20utf8/os.lua , size = 5.611 KB
[12:25:36.555][info] [#0:script\workspace\loading.lua:112]: ++++As library of:	file:///c%3A/Users/downloader/AppData/Local/nvim-data/mason/packages/lua-language-server/meta/LuaJIT%20en-us%20utf8/os.lua
[12:25:36.555][info] [#0:script\workspace\loading.lua:100]: Preload file at: file:///c%3A/Users/downloader/AppData/Local/nvim-data/mason/packages/lua-language-server/meta/LuaJIT%20en-us%20utf8/coroutine.lua , size = 2.541 KB
[12:25:36.556][info] [#0:script\workspace\loading.lua:112]: ++++As library of:	file:///c%3A/Users/downloader/AppData/Local/nvim-data/mason/packages/lua-language-server/meta/LuaJIT%20en-us%20utf8/coroutine.lua
[12:25:36.556][info] [#0:script\workspace\loading.lua:100]: Preload file at: file:///c%3A/Users/downloader/AppData/Local/nvim-data/mason/packages/lua-language-server/meta/LuaJIT%20en-us%20utf8/math.lua , size = 8.035 KB
[12:25:36.559][info] [#0:script\workspace\loading.lua:112]: ++++As library of:	file:///c%3A/Users/downloader/AppData/Local/nvim-data/mason/packages/lua-language-server/meta/LuaJIT%20en-us%20utf8/math.lua
[12:25:36.559][info] [#0:script\workspace\loading.lua:100]: Preload file at: file:///c%3A/Users/downloader/AppData/Local/nvim-data/mason/packages/lua-language-server/meta/LuaJIT%20en-us%20utf8/debug.lua , size = 7.310 KB
[12:25:36.562][info] [#0:script\workspace\loading.lua:112]: ++++As library of:	file:///c%3A/Users/downloader/AppData/Local/nvim-data/mason/packages/lua-language-server/meta/LuaJIT%20en-us%20utf8/debug.lua
[12:25:36.562][info] [#0:script\workspace\loading.lua:100]: Preload file at: file:///c%3A/Users/downloader/AppData/Local/nvim-data/mason/packages/lua-language-server/meta/LuaJIT%20en-us%20utf8/jit.lua , size = 0.884 KB
[12:25:36.563][info] [#0:script\workspace\loading.lua:112]: ++++As library of:	file:///c%3A/Users/downloader/AppData/Local/nvim-data/mason/packages/lua-language-server/meta/LuaJIT%20en-us%20utf8/jit.lua
[12:25:36.563][info] [#0:script\workspace\loading.lua:100]: Preload file at: file:///c%3A/Program%20Files/Neovim/share/nvim/runtime/lua/coxpcall.lua , size = 3.785 KB
[12:25:36.565][info] [#0:script\workspace\loading.lua:112]: ++++As library of:	file:///c%3A/Program%20Files/Neovim/share/nvim/runtime/lua
[12:25:36.565][info] [#0:script\workspace\loading.lua:100]: Preload file at: file:///c%3A/Program%20Files/Neovim/share/nvim/runtime/lua/editorconfig.lua , size = 11.569 KB
[12:25:36.569][info] [#0:script\workspace\loading.lua:112]: ++++As library of:	file:///c%3A/Program%20Files/Neovim/share/nvim/runtime/lua
[12:25:36.569][info] [#0:script\workspace\loading.lua:100]: Preload file at: file:///c%3A/Program%20Files/Neovim/share/nvim/runtime/lua/jit/bc.lua , size = 5.417 KB
[12:25:36.572][info] [#0:script\workspace\loading.lua:112]: ++++As library of:	file:///c%3A/Program%20Files/Neovim/share/nvim/runtime/lua
[12:25:36.572][info] [#0:script\workspace\loading.lua:100]: Preload file at: file:///c%3A/Program%20Files/Neovim/share/nvim/runtime/lua/jit/bcsave.lua , size = 17.090 KB
[12:25:36.580][info] [#0:script\workspace\loading.lua:112]: ++++As library of:	file:///c%3A/Program%20Files/Neovim/share/nvim/runtime/lua
[12:25:36.580][info] [#0:script\workspace\loading.lua:100]: Preload file at: file:///c%3A/Program%20Files/Neovim/share/nvim/runtime/lua/jit/dis_arm.lua , size = 18.891 KB
[12:25:36.589][info] [#0:script\workspace\loading.lua:112]: ++++As library of:	file:///c%3A/Program%20Files/Neovim/share/nvim/runtime/lua
[12:25:36.589][info] [#0:script\workspace\loading.lua:100]: Preload file at: file:///c%3A/Program%20Files/Neovim/share/nvim/runtime/lua/jit/dis_arm64.lua , size = 29.971 KB
[12:25:36.604][info] [#0:script\workspace\loading.lua:112]: ++++As library of:	file:///c%3A/Program%20Files/Neovim/share/nvim/runtime/lua
[12:25:36.604][info] [#0:script\workspace\loading.lua:100]: Preload file at: file:///c%3A/Program%20Files/Neovim/share/nvim/runtime/lua/jit/dis_arm64be.lua , size = 0.604 KB
[12:25:36.604][info] [#0:script\workspace\loading.lua:112]: ++++As library of:	file:///c%3A/Program%20Files/Neovim/share/nvim/runtime/lua
[12:25:36.604][info] [#0:script\workspace\loading.lua:100]: Preload file at: file:///c%3A/Program%20Files/Neovim/share/nvim/runtime/lua/jit/dis_mips.lua , size = 21.494 KB
[12:25:36.613][info] [#0:script\workspace\loading.lua:112]: ++++As library of:	file:///c%3A/Program%20Files/Neovim/share/nvim/runtime/lua
[12:25:36.614][info] [#0:script\workspace\loading.lua:100]: Preload file at: file:///c%3A/Program%20Files/Neovim/share/nvim/runtime/lua/jit/dis_mips64.lua , size = 0.689 KB
[12:25:36.614][info] [#0:script\workspace\loading.lua:112]: ++++As library of:	file:///c%3A/Program%20Files/Neovim/share/nvim/runtime/lua
[12:25:36.614][info] [#0:script\workspace\loading.lua:100]: Preload file at: file:///c%3A/Program%20Files/Neovim/share/nvim/runtime/lua/jit/dis_mips64el.lua , size = 0.700 KB
[12:25:36.614][info] [#0:script\workspace\loading.lua:112]: ++++As library of:	file:///c%3A/Program%20Files/Neovim/share/nvim/runtime/lua
[12:25:36.614][info] [#0:script\workspace\loading.lua:100]: Preload file at: file:///c%3A/Program%20Files/Neovim/share/nvim/runtime/lua/jit/dis_mips64r6.lua , size = 0.700 KB
[12:25:36.615][info] [#0:script\workspace\loading.lua:112]: ++++As library of:	file:///c%3A/Program%20Files/Neovim/share/nvim/runtime/lua
[12:25:36.615][info] [#0:script\workspace\loading.lua:100]: Preload file at: file:///c%3A/Program%20Files/Neovim/share/nvim/runtime/lua/jit/dis_mips64r6el.lua , size = 0.711 KB
[12:25:36.615][info] [#0:script\workspace\loading.lua:112]: ++++As library of:	file:///c%3A/Program%20Files/Neovim/share/nvim/runtime/lua
[12:25:36.615][info] [#0:script\workspace\loading.lua:100]: Preload file at: file:///c%3A/Program%20Files/Neovim/share/nvim/runtime/lua/jit/dis_mipsel.lua , size = 0.698 KB
[12:25:36.615][info] [#0:script\workspace\loading.lua:112]: ++++As library of:	file:///c%3A/Program%20Files/Neovim/share/nvim/runtime/lua
[12:25:36.615][info] [#0:script\workspace\loading.lua:100]: Preload file at: file:///c%3A/Program%20Files/Neovim/share/nvim/runtime/lua/jit/dis_ppc.lua , size = 19.825 KB
[12:25:36.636][info] [#0:script\workspace\loading.lua:112]: ++++As library of:	file:///c%3A/Program%20Files/Neovim/share/nvim/runtime/lua
[12:25:36.636][info] [#0:script\workspace\loading.lua:100]: Preload file at: file:///c%3A/Program%20Files/Neovim/share/nvim/runtime/lua/jit/dis_x64.lua , size = 0.695 KB
[12:25:36.636][info] [#0:script\workspace\loading.lua:112]: ++++As library of:	file:///c%3A/Program%20Files/Neovim/share/nvim/runtime/lua
[12:25:36.636][info] [#0:script\workspace\loading.lua:100]: Preload file at: file:///c%3A/Program%20Files/Neovim/share/nvim/runtime/lua/jit/dis_x86.lua , size = 33.033 KB
[12:25:36.651][info] [#0:script\workspace\loading.lua:112]: ++++As library of:	file:///c%3A/Program%20Files/Neovim/share/nvim/runtime/lua
[12:25:36.651][info] [#0:script\workspace\loading.lua:100]: Preload file at: file:///c%3A/Program%20Files/Neovim/share/nvim/runtime/lua/jit/p.lua , size = 8.874 KB
[12:25:36.655][info] [#0:script\workspace\loading.lua:112]: ++++As library of:	file:///c%3A/Program%20Files/Neovim/share/nvim/runtime/lua
[12:25:36.655][info] [#0:script\workspace\loading.lua:100]: Preload file at: file:///c%3A/Program%20Files/Neovim/share/nvim/runtime/lua/jit/dump.lua , size = 20.269 KB
[12:25:36.665][info] [#0:script\workspace\loading.lua:112]: ++++As library of:	file:///c%3A/Program%20Files/Neovim/share/nvim/runtime/lua
[12:25:36.665][info] [#0:script\workspace\loading.lua:100]: Preload file at: file:///c%3A/Program%20Files/Neovim/share/nvim/runtime/lua/jit/v.lua , size = 5.731 KB
[12:25:36.667][info] [#0:script\workspace\loading.lua:112]: ++++As library of:	file:///c%3A/Program%20Files/Neovim/share/nvim/runtime/lua
[12:25:36.667][info] [#0:script\workspace\loading.lua:100]: Preload file at: file:///c%3A/Program%20Files/Neovim/share/nvim/runtime/lua/jit/vmdef.lua , size = 8.307 KB
[12:25:36.669][info] [#0:script\workspace\loading.lua:112]: ++++As library of:	file:///c%3A/Program%20Files/Neovim/share/nvim/runtime/lua
[12:25:36.669][info] [#0:script\workspace\loading.lua:100]: Preload file at: file:///c%3A/Program%20Files/Neovim/share/nvim/runtime/lua/jit/zone.lua , size = 0.979 KB
[12:25:36.669][info] [#0:script\workspace\loading.lua:112]: ++++As library of:	file:///c%3A/Program%20Files/Neovim/share/nvim/runtime/lua
[12:25:36.669][info] [#0:script\workspace\loading.lua:100]: Preload file at: file:///c%3A/Program%20Files/Neovim/share/nvim/runtime/lua/man.lua , size = 24.133 KB
[12:25:36.680][info] [#0:script\workspace\loading.lua:112]: ++++As library of:	file:///c%3A/Program%20Files/Neovim/share/nvim/runtime/lua
[12:25:36.680][info] [#0:script\workspace\loading.lua:100]: Preload file at: file:///c%3A/Program%20Files/Neovim/share/nvim/runtime/lua/nvim/tutor.lua , size = 2.711 KB
[12:25:36.681][info] [#0:script\workspace\loading.lua:112]: ++++As library of:	file:///c%3A/Program%20Files/Neovim/share/nvim/runtime/lua
[12:25:36.681][info] [#0:script\workspace\loading.lua:100]: Preload file at: file:///c%3A/Program%20Files/Neovim/share/nvim/runtime/lua/tohtml.lua , size = 44.658 KB
[12:25:36.701][info] [#0:script\workspace\loading.lua:112]: ++++As library of:	file:///c%3A/Program%20Files/Neovim/share/nvim/runtime/lua
[12:25:36.702][info] [#0:script\workspace\loading.lua:100]: Preload file at: file:///c%3A/Program%20Files/Neovim/share/nvim/runtime/lua/vim/deprecated/health.lua , size = 1.301 KB
[12:25:36.702][info] [#0:script\workspace\loading.lua:112]: ++++As library of:	file:///c%3A/Program%20Files/Neovim/share/nvim/runtime/lua
[12:25:36.702][info] [#0:script\workspace\loading.lua:100]: Preload file at: file:///c%3A/Program%20Files/Neovim/share/nvim/runtime/lua/vim/diagnostic.lua , size = 87.821 KB
[12:25:36.736][info] [#0:script\workspace\loading.lua:112]: ++++As library of:	file:///c%3A/Program%20Files/Neovim/share/nvim/runtime/lua
[12:25:36.736][info] [#0:script\workspace\loading.lua:100]: Preload file at: file:///c%3A/Program%20Files/Neovim/share/nvim/runtime/lua/vim/F.lua , size = 1.136 KB
[12:25:36.737][info] [#0:script\workspace\loading.lua:112]: ++++As library of:	file:///c%3A/Program%20Files/Neovim/share/nvim/runtime/lua
[12:25:36.737][info] [#0:script\workspace\loading.lua:100]: Preload file at: file:///c%3A/Program%20Files/Neovim/share/nvim/runtime/lua/vim/filetype/detect.lua , size = 63.451 KB
[12:25:36.782][info] [#0:script\workspace\loading.lua:112]: ++++As library of:	file:///c%3A/Program%20Files/Neovim/share/nvim/runtime/lua
[12:25:36.782][info] [#0:script\workspace\loading.lua:100]: Preload file at: file:///c%3A/Program%20Files/Neovim/share/nvim/runtime/lua/vim/filetype/options.lua , size = 2.645 KB
[12:25:36.784][info] [#0:script\workspace\loading.lua:112]: ++++As library of:	file:///c%3A/Program%20Files/Neovim/share/nvim/runtime/lua
[12:25:36.784][info] [#0:script\workspace\loading.lua:100]: Preload file at: file:///c%3A/Program%20Files/Neovim/share/nvim/runtime/lua/vim/filetype.lua , size = 81.927 KB
[12:25:36.808][info] [#0:script\workspace\loading.lua:112]: ++++As library of:	file:///c%3A/Program%20Files/Neovim/share/nvim/runtime/lua
[12:25:36.809][info] [#0:script\workspace\loading.lua:100]: Preload file at: file:///c%3A/Program%20Files/Neovim/share/nvim/runtime/lua/vim/fs.lua , size = 25.258 KB
[12:25:36.818][info] [#0:script\workspace\loading.lua:112]: ++++As library of:	file:///c%3A/Program%20Files/Neovim/share/nvim/runtime/lua
[12:25:36.818][info] [#0:script\workspace\loading.lua:100]: Preload file at: file:///c%3A/Program%20Files/Neovim/share/nvim/runtime/lua/vim/func/_memoize.lua , size = 2.061 KB
[12:25:36.819][info] [#0:script\workspace\loading.lua:112]: ++++As library of:	file:///c%3A/Program%20Files/Neovim/share/nvim/runtime/lua
[12:25:36.819][info] [#0:script\workspace\loading.lua:100]: Preload file at: file:///c%3A/Program%20Files/Neovim/share/nvim/runtime/lua/vim/func.lua , size = 1.993 KB
[12:25:36.820][info] [#0:script\workspace\loading.lua:112]: ++++As library of:	file:///c%3A/Program%20Files/Neovim/share/nvim/runtime/lua
[12:25:36.820][info] [#0:script\workspace\loading.lua:100]: Preload file at: file:///c%3A/Program%20Files/Neovim/share/nvim/runtime/lua/vim/glob.lua , size = 3.405 KB
[12:25:36.821][info] [#0:script\workspace\loading.lua:112]: ++++As library of:	file:///c%3A/Program%20Files/Neovim/share/nvim/runtime/lua
[12:25:36.821][info] [#0:script\workspace\loading.lua:100]: Preload file at: file:///c%3A/Program%20Files/Neovim/share/nvim/runtime/lua/vim/health/health.lua , size = 13.327 KB
[12:25:36.827][info] [#0:script\workspace\loading.lua:112]: ++++As library of:	file:///c%3A/Program%20Files/Neovim/share/nvim/runtime/lua
[12:25:36.827][info] [#0:script\workspace\loading.lua:100]: Preload file at: file:///c%3A/Program%20Files/Neovim/share/nvim/runtime/lua/vim/health.lua , size = 16.265 KB
[12:25:36.833][info] [#0:script\workspace\loading.lua:112]: ++++As library of:	file:///c%3A/Program%20Files/Neovim/share/nvim/runtime/lua
[12:25:36.833][info] [#0:script\workspace\loading.lua:100]: Preload file at: file:///c%3A/Program%20Files/Neovim/share/nvim/runtime/lua/vim/hl.lua , size = 6.250 KB
[12:25:36.836][info] [#0:script\workspace\loading.lua:112]: ++++As library of:	file:///c%3A/Program%20Files/Neovim/share/nvim/runtime/lua
[12:25:36.836][info] [#0:script\workspace\loading.lua:100]: Preload file at: file:///c%3A/Program%20Files/Neovim/share/nvim/runtime/lua/vim/inspect.lua , size = 9.271 KB
[12:25:36.840][info] [#0:script\workspace\loading.lua:112]: ++++As library of:	file:///c%3A/Program%20Files/Neovim/share/nvim/runtime/lua
[12:25:36.840][info] [#0:script\workspace\loading.lua:100]: Preload file at: file:///c%3A/Program%20Files/Neovim/share/nvim/runtime/lua/vim/keymap.lua , size = 3.812 KB
[12:25:36.842][info] [#0:script\workspace\loading.lua:112]: ++++As library of:	file:///c%3A/Program%20Files/Neovim/share/nvim/runtime/lua
[12:25:36.842][info] [#0:script\workspace\loading.lua:100]: Preload file at: file:///c%3A/Program%20Files/Neovim/share/nvim/runtime/lua/vim/iter.lua , size = 26.995 KB
[12:25:36.853][info] [#0:script\workspace\loading.lua:112]: ++++As library of:	file:///c%3A/Program%20Files/Neovim/share/nvim/runtime/lua
[12:25:36.853][info] [#0:script\workspace\loading.lua:100]: Preload file at: file:///c%3A/Program%20Files/Neovim/share/nvim/runtime/lua/vim/loader.lua , size = 15.078 KB
[12:25:36.860][info] [#0:script\workspace\loading.lua:112]: ++++As library of:	file:///c%3A/Program%20Files/Neovim/share/nvim/runtime/lua
[12:25:36.861][info] [#0:script\workspace\loading.lua:100]: Preload file at: file:///c%3A/Program%20Files/Neovim/share/nvim/runtime/lua/vim/lsp/buf.lua , size = 44.586 KB
[12:25:36.877][info] [#0:script\workspace\loading.lua:112]: ++++As library of:	file:///c%3A/Program%20Files/Neovim/share/nvim/runtime/lua
[12:25:36.877][info] [#0:script\workspace\loading.lua:100]: Preload file at: file:///c%3A/Program%20Files/Neovim/share/nvim/runtime/lua/vim/lsp/client.lua , size = 41.904 KB
[12:25:36.893][info] [#0:script\workspace\loading.lua:112]: ++++As library of:	file:///c%3A/Program%20Files/Neovim/share/nvim/runtime/lua
[12:25:36.893][info] [#0:script\workspace\loading.lua:100]: Preload file at: file:///c%3A/Program%20Files/Neovim/share/nvim/runtime/lua/vim/lsp/codelens.lua , size = 9.558 KB
[12:25:36.897][info] [#0:script\workspace\loading.lua:112]: ++++As library of:	file:///c%3A/Program%20Files/Neovim/share/nvim/runtime/lua
[12:25:36.897][info] [#0:script\workspace\loading.lua:100]: Preload file at: file:///c%3A/Program%20Files/Neovim/share/nvim/runtime/lua/vim/lsp/completion.lua , size = 28.187 KB
[12:25:36.908][info] [#0:script\workspace\loading.lua:112]: ++++As library of:	file:///c%3A/Program%20Files/Neovim/share/nvim/runtime/lua
[12:25:36.908][info] [#0:script\workspace\loading.lua:100]: Preload file at: file:///c%3A/Program%20Files/Neovim/share/nvim/runtime/lua/vim/lsp/diagnostic.lua , size = 12.248 KB
[12:25:36.913][info] [#0:script\workspace\loading.lua:112]: ++++As library of:	file:///c%3A/Program%20Files/Neovim/share/nvim/runtime/lua
[12:25:36.913][info] [#0:script\workspace\loading.lua:100]: Preload file at: file:///c%3A/Program%20Files/Neovim/share/nvim/runtime/lua/vim/lsp/handlers.lua , size = 24.986 KB
[12:25:36.954][info] [#0:script\workspace\loading.lua:112]: ++++As library of:	file:///c%3A/Program%20Files/Neovim/share/nvim/runtime/lua
[12:25:36.954][info] [#0:script\workspace\loading.lua:100]: Preload file at: file:///c%3A/Program%20Files/Neovim/share/nvim/runtime/lua/vim/lsp/health.lua , size = 7.571 KB
[12:25:36.957][info] [#0:script\workspace\loading.lua:112]: ++++As library of:	file:///c%3A/Program%20Files/Neovim/share/nvim/runtime/lua
[12:25:36.957][info] [#0:script\workspace\loading.lua:100]: Preload file at: file:///c%3A/Program%20Files/Neovim/share/nvim/runtime/lua/vim/lsp/inlay_hint.lua , size = 12.354 KB
[12:25:36.963][info] [#0:script\workspace\loading.lua:112]: ++++As library of:	file:///c%3A/Program%20Files/Neovim/share/nvim/runtime/lua
[12:25:36.963][info] [#0:script\workspace\loading.lua:100]: Preload file at: file:///c%3A/Program%20Files/Neovim/share/nvim/runtime/lua/vim/lsp/log.lua , size = 5.792 KB
[12:25:36.965][info] [#0:script\workspace\loading.lua:112]: ++++As library of:	file:///c%3A/Program%20Files/Neovim/share/nvim/runtime/lua
[12:25:36.965][info] [#0:script\workspace\loading.lua:100]: Preload file at: file:///c%3A/Program%20Files/Neovim/share/nvim/runtime/lua/vim/lsp/protocol.lua , size = 46.139 KB
[12:25:36.973][info] [#0:script\workspace\loading.lua:112]: ++++As library of:	file:///c%3A/Program%20Files/Neovim/share/nvim/runtime/lua
[12:25:36.973][info] [#0:script\workspace\loading.lua:100]: Preload file at: file:///c%3A/Program%20Files/Neovim/share/nvim/runtime/lua/vim/lsp/rpc.lua , size = 22.811 KB
[12:25:36.982][info] [#0:script\workspace\loading.lua:112]: ++++As library of:	file:///c%3A/Program%20Files/Neovim/share/nvim/runtime/lua
[12:25:36.982][info] [#0:script\workspace\loading.lua:100]: Preload file at: file:///c%3A/Program%20Files/Neovim/share/nvim/runtime/lua/vim/lsp/semantic_tokens.lua , size = 28.051 KB
[12:25:36.992][info] [#0:script\workspace\loading.lua:112]: ++++As library of:	file:///c%3A/Program%20Files/Neovim/share/nvim/runtime/lua
[12:25:36.992][info] [#0:script\workspace\loading.lua:100]: Preload file at: file:///c%3A/Program%20Files/Neovim/share/nvim/runtime/lua/vim/lsp/sync.lua , size = 16.149 KB
[12:25:36.997][info] [#0:script\workspace\loading.lua:112]: ++++As library of:	file:///c%3A/Program%20Files/Neovim/share/nvim/runtime/lua
[12:25:36.997][info] [#0:script\workspace\loading.lua:100]: Preload file at: file:///c%3A/Program%20Files/Neovim/share/nvim/runtime/lua/vim/lsp/util.lua , size = 77.301 KB
[12:25:37.027][info] [#0:script\workspace\loading.lua:112]: ++++As library of:	file:///c%3A/Program%20Files/Neovim/share/nvim/runtime/lua
[12:25:37.028][info] [#0:script\workspace\loading.lua:100]: Preload file at: file:///c%3A/Program%20Files/Neovim/share/nvim/runtime/lua/vim/lsp/_changetracking.lua , size = 11.857 KB
[12:25:37.032][info] [#0:script\workspace\loading.lua:112]: ++++As library of:	file:///c%3A/Program%20Files/Neovim/share/nvim/runtime/lua
[12:25:37.032][info] [#0:script\workspace\loading.lua:100]: Preload file at: file:///c%3A/Program%20Files/Neovim/share/nvim/runtime/lua/vim/lsp/_folding_range.lua , size = 11.837 KB
[12:25:37.037][info] [#0:script\workspace\loading.lua:112]: ++++As library of:	file:///c%3A/Program%20Files/Neovim/share/nvim/runtime/lua
[12:25:37.038][info] [#0:script\workspace\loading.lua:100]: Preload file at: file:///c%3A/Program%20Files/Neovim/share/nvim/runtime/lua/vim/lsp/_meta.lua , size = 0.602 KB
[12:25:37.038][info] [#0:script\workspace\loading.lua:112]: ++++As library of:	file:///c%3A/Program%20Files/Neovim/share/nvim/runtime/lua
[12:25:37.038][info] [#0:script\workspace\loading.lua:100]: Preload file at: file:///c%3A/Program%20Files/Neovim/share/nvim/runtime/lua/vim/lsp/_meta/protocol.lua , size = 194.566 KB
[12:25:37.079][info] [#0:script\workspace\loading.lua:112]: ++++As library of:	file:///c%3A/Program%20Files/Neovim/share/nvim/runtime/lua
[12:25:37.079][info] [#0:script\workspace\loading.lua:100]: Preload file at: file:///c%3A/Program%20Files/Neovim/share/nvim/runtime/lua/vim/lsp/_snippet_grammar.lua , size = 6.405 KB
[12:25:37.083][info] [#0:script\workspace\loading.lua:112]: ++++As library of:	file:///c%3A/Program%20Files/Neovim/share/nvim/runtime/lua
[12:25:37.083][info] [#0:script\workspace\loading.lua:100]: Preload file at: file:///c%3A/Program%20Files/Neovim/share/nvim/runtime/lua/vim/lsp/_tagfunc.lua , size = 3.334 KB
[12:25:37.084][info] [#0:script\workspace\loading.lua:112]: ++++As library of:	file:///c%3A/Program%20Files/Neovim/share/nvim/runtime/lua
[12:25:37.084][info] [#0:script\workspace\loading.lua:100]: Preload file at: file:///c%3A/Program%20Files/Neovim/share/nvim/runtime/lua/vim/lsp/_transport.lua , size = 5.330 KB
[12:25:37.087][info] [#0:script\workspace\loading.lua:112]: ++++As library of:	file:///c%3A/Program%20Files/Neovim/share/nvim/runtime/lua
[12:25:37.087][info] [#0:script\workspace\loading.lua:100]: Preload file at: file:///c%3A/Program%20Files/Neovim/share/nvim/runtime/lua/vim/lsp/_watchfiles.lua , size = 6.989 KB
[12:25:37.090][info] [#0:script\workspace\loading.lua:112]: ++++As library of:	file:///c%3A/Program%20Files/Neovim/share/nvim/runtime/lua
[12:25:37.090][info] [#0:script\workspace\loading.lua:100]: Preload file at: file:///c%3A/Program%20Files/Neovim/share/nvim/runtime/lua/vim/lsp.lua , size = 55.111 KB
[12:25:37.108][info] [#0:script\workspace\loading.lua:112]: ++++As library of:	file:///c%3A/Program%20Files/Neovim/share/nvim/runtime/lua
[12:25:37.108][info] [#0:script\workspace\loading.lua:100]: Preload file at: file:///c%3A/Program%20Files/Neovim/share/nvim/runtime/lua/vim/provider/health.lua , size = 30.838 KB
[12:25:37.118][info] [#0:script\workspace\loading.lua:112]: ++++As library of:	file:///c%3A/Program%20Files/Neovim/share/nvim/runtime/lua
[12:25:37.119][info] [#0:script\workspace\loading.lua:100]: Preload file at: file:///c%3A/Program%20Files/Neovim/share/nvim/runtime/lua/vim/provider/perl.lua , size = 2.062 KB
[12:25:37.120][info] [#0:script\workspace\loading.lua:112]: ++++As library of:	file:///c%3A/Program%20Files/Neovim/share/nvim/runtime/lua
[12:25:37.120][info] [#0:script\workspace\loading.lua:100]: Preload file at: file:///c%3A/Program%20Files/Neovim/share/nvim/runtime/lua/vim/provider/python.lua , size = 4.441 KB
[12:25:37.122][info] [#0:script\workspace\loading.lua:112]: ++++As library of:	file:///c%3A/Program%20Files/Neovim/share/nvim/runtime/lua
[12:25:37.122][info] [#0:script\workspace\loading.lua:100]: Preload file at: file:///c%3A/Program%20Files/Neovim/share/nvim/runtime/lua/vim/provider/ruby.lua , size = 1.623 KB
[12:25:37.123][info] [#0:script\workspace\loading.lua:112]: ++++As library of:	file:///c%3A/Program%20Files/Neovim/share/nvim/runtime/lua
[12:25:37.123][info] [#0:script\workspace\loading.lua:100]: Preload file at: file:///c%3A/Program%20Files/Neovim/share/nvim/runtime/lua/vim/provider.lua , size = 0.204 KB
[12:25:37.123][info] [#0:script\workspace\loading.lua:112]: ++++As library of:	file:///c%3A/Program%20Files/Neovim/share/nvim/runtime/lua
[12:25:37.123][info] [#0:script\workspace\loading.lua:100]: Preload file at: file:///c%3A/Program%20Files/Neovim/share/nvim/runtime/lua/vim/re.lua , size = 6.795 KB
[12:25:37.127][info] [#0:script\workspace\loading.lua:112]: ++++As library of:	file:///c%3A/Program%20Files/Neovim/share/nvim/runtime/lua
[12:25:37.127][info] [#0:script\workspace\loading.lua:100]: Preload file at: file:///c%3A/Program%20Files/Neovim/share/nvim/runtime/lua/vim/secure.lua , size = 6.715 KB
[12:25:37.130][info] [#0:script\workspace\loading.lua:112]: ++++As library of:	file:///c%3A/Program%20Files/Neovim/share/nvim/runtime/lua
[12:25:37.130][info] [#0:script\workspace\loading.lua:100]: Preload file at: file:///c%3A/Program%20Files/Neovim/share/nvim/runtime/lua/vim/shared.lua , size = 41.950 KB
[12:25:37.146][info] [#0:script\workspace\loading.lua:112]: ++++As library of:	file:///c%3A/Program%20Files/Neovim/share/nvim/runtime/lua
[12:25:37.146][info] [#0:script\workspace\loading.lua:100]: Preload file at: file:///c%3A/Program%20Files/Neovim/share/nvim/runtime/lua/vim/snippet.lua , size = 20.454 KB
[12:25:37.155][info] [#0:script\workspace\loading.lua:112]: ++++As library of:	file:///c%3A/Program%20Files/Neovim/share/nvim/runtime/lua
[12:25:37.155][info] [#0:script\workspace\loading.lua:100]: Preload file at: file:///c%3A/Program%20Files/Neovim/share/nvim/runtime/lua/vim/termcap.lua , size = 3.044 KB
[12:25:37.156][info] [#0:script\workspace\loading.lua:112]: ++++As library of:	file:///c%3A/Program%20Files/Neovim/share/nvim/runtime/lua
[12:25:37.156][info] [#0:script\workspace\loading.lua:100]: Preload file at: file:///c%3A/Program%20Files/Neovim/share/nvim/runtime/lua/vim/text.lua , size = 4.648 KB
[12:25:37.158][info] [#0:script\workspace\loading.lua:112]: ++++As library of:	file:///c%3A/Program%20Files/Neovim/share/nvim/runtime/lua
[12:25:37.158][info] [#0:script\workspace\loading.lua:100]: Preload file at: file:///c%3A/Program%20Files/Neovim/share/nvim/runtime/lua/vim/treesitter/dev.lua , size = 21.842 KB
[12:25:37.219][info] [#0:script\workspace\loading.lua:112]: ++++As library of:	file:///c%3A/Program%20Files/Neovim/share/nvim/runtime/lua
[12:25:37.219][info] [#0:script\workspace\loading.lua:100]: Preload file at: file:///c%3A/Program%20Files/Neovim/share/nvim/runtime/lua/vim/treesitter/health.lua , size = 2.121 KB
[12:25:37.221][info] [#0:script\workspace\loading.lua:112]: ++++As library of:	file:///c%3A/Program%20Files/Neovim/share/nvim/runtime/lua
[12:25:37.221][info] [#0:script\workspace\loading.lua:100]: Preload file at: file:///c%3A/Program%20Files/Neovim/share/nvim/runtime/lua/vim/treesitter/highlighter.lua , size = 17.306 KB
[12:25:37.228][info] [#0:script\workspace\loading.lua:112]: ++++As library of:	file:///c%3A/Program%20Files/Neovim/share/nvim/runtime/lua
[12:25:37.228][info] [#0:script\workspace\loading.lua:100]: Preload file at: file:///c%3A/Program%20Files/Neovim/share/nvim/runtime/lua/vim/treesitter/language.lua , size = 5.566 KB
[12:25:37.230][info] [#0:script\workspace\loading.lua:112]: ++++As library of:	file:///c%3A/Program%20Files/Neovim/share/nvim/runtime/lua
[12:25:37.230][info] [#0:script\workspace\loading.lua:100]: Preload file at: file:///c%3A/Program%20Files/Neovim/share/nvim/runtime/lua/vim/treesitter/languagetree.lua , size = 41.642 KB
[12:25:37.247][info] [#0:script\workspace\loading.lua:112]: ++++As library of:	file:///c%3A/Program%20Files/Neovim/share/nvim/runtime/lua
[12:25:37.247][info] [#0:script\workspace\loading.lua:100]: Preload file at: file:///c%3A/Program%20Files/Neovim/share/nvim/runtime/lua/vim/treesitter/query.lua , size = 38.887 KB
[12:25:37.262][info] [#0:script\workspace\loading.lua:112]: ++++As library of:	file:///c%3A/Program%20Files/Neovim/share/nvim/runtime/lua
[12:25:37.262][info] [#0:script\workspace\loading.lua:100]: Preload file at: file:///c%3A/Program%20Files/Neovim/share/nvim/runtime/lua/vim/treesitter/_fold.lua , size = 15.234 KB
[12:25:37.267][info] [#0:script\workspace\loading.lua:112]: ++++As library of:	file:///c%3A/Program%20Files/Neovim/share/nvim/runtime/lua
[12:25:37.267][info] [#0:script\workspace\loading.lua:100]: Preload file at: file:///c%3A/Program%20Files/Neovim/share/nvim/runtime/lua/vim/treesitter/_headings.lua , size = 4.127 KB
[12:25:37.269][info] [#0:script\workspace\loading.lua:112]: ++++As library of:	file:///c%3A/Program%20Files/Neovim/share/nvim/runtime/lua
[12:25:37.269][info] [#0:script\workspace\loading.lua:100]: Preload file at: file:///c%3A/Program%20Files/Neovim/share/nvim/runtime/lua/vim/treesitter/_meta/misc.lua , size = 2.896 KB
[12:25:37.271][info] [#0:script\workspace\loading.lua:112]: ++++As library of:	file:///c%3A/Program%20Files/Neovim/share/nvim/runtime/lua
[12:25:37.271][info] [#0:script\workspace\loading.lua:100]: Preload file at: file:///c%3A/Program%20Files/Neovim/share/nvim/runtime/lua/vim/treesitter/_meta/tsnode.lua , size = 6.028 KB
[12:25:37.273][info] [#0:script\workspace\loading.lua:112]: ++++As library of:	file:///c%3A/Program%20Files/Neovim/share/nvim/runtime/lua
[12:25:37.273][info] [#0:script\workspace\loading.lua:100]: Preload file at: file:///c%3A/Program%20Files/Neovim/share/nvim/runtime/lua/vim/treesitter/_meta/tsquery.lua , size = 1.904 KB
[12:25:37.274][info] [#0:script\workspace\loading.lua:112]: ++++As library of:	file:///c%3A/Program%20Files/Neovim/share/nvim/runtime/lua
[12:25:37.274][info] [#0:script\workspace\loading.lua:100]: Preload file at: file:///c%3A/Program%20Files/Neovim/share/nvim/runtime/lua/vim/treesitter/_meta/tstree.lua , size = 1.296 KB
[12:25:37.274][info] [#0:script\workspace\loading.lua:112]: ++++As library of:	file:///c%3A/Program%20Files/Neovim/share/nvim/runtime/lua
[12:25:37.274][info] [#0:script\workspace\loading.lua:100]: Preload file at: file:///c%3A/Program%20Files/Neovim/share/nvim/runtime/lua/vim/treesitter/_query_linter.lua , size = 8.070 KB
[12:25:37.278][info] [#0:script\workspace\loading.lua:112]: ++++As library of:	file:///c%3A/Program%20Files/Neovim/share/nvim/runtime/lua
[12:25:37.278][info] [#0:script\workspace\loading.lua:100]: Preload file at: file:///c%3A/Program%20Files/Neovim/share/nvim/runtime/lua/vim/treesitter/_range.lua , size = 4.115 KB
[12:25:37.281][info] [#0:script\workspace\loading.lua:112]: ++++As library of:	file:///c%3A/Program%20Files/Neovim/share/nvim/runtime/lua
[12:25:37.281][info] [#0:script\workspace\loading.lua:100]: Preload file at: file:///c%3A/Program%20Files/Neovim/share/nvim/runtime/lua/vim/treesitter.lua , size = 15.714 KB
[12:25:37.287][info] [#0:script\workspace\loading.lua:112]: ++++As library of:	file:///c%3A/Program%20Files/Neovim/share/nvim/runtime/lua
[12:25:37.287][info] [#0:script\workspace\loading.lua:100]: Preload file at: file:///c%3A/Program%20Files/Neovim/share/nvim/runtime/lua/vim/ui/clipboard/osc52.lua , size = 2.221 KB
[12:25:37.288][info] [#0:script\workspace\loading.lua:112]: ++++As library of:	file:///c%3A/Program%20Files/Neovim/share/nvim/runtime/lua
[12:25:37.288][info] [#0:script\workspace\loading.lua:100]: Preload file at: file:///c%3A/Program%20Files/Neovim/share/nvim/runtime/lua/vim/ui.lua , size = 7.915 KB
[12:25:37.291][info] [#0:script\workspace\loading.lua:112]: ++++As library of:	file:///c%3A/Program%20Files/Neovim/share/nvim/runtime/lua
[12:25:37.291][info] [#0:script\workspace\loading.lua:100]: Preload file at: file:///c%3A/Program%20Files/Neovim/share/nvim/runtime/lua/vim/uri.lua , size = 3.741 KB
[12:25:37.293][info] [#0:script\workspace\loading.lua:112]: ++++As library of:	file:///c%3A/Program%20Files/Neovim/share/nvim/runtime/lua
[12:25:37.293][info] [#0:script\workspace\loading.lua:100]: Preload file at: file:///c%3A/Program%20Files/Neovim/share/nvim/runtime/lua/vim/version.lua , size = 14.084 KB
[12:25:37.299][info] [#0:script\workspace\loading.lua:112]: ++++As library of:	file:///c%3A/Program%20Files/Neovim/share/nvim/runtime/lua
[12:25:37.299][info] [#0:script\workspace\loading.lua:100]: Preload file at: file:///c%3A/Program%20Files/Neovim/share/nvim/runtime/lua/vim/_buf.lua , size = 0.786 KB
[12:25:37.299][info] [#0:script\workspace\loading.lua:112]: ++++As library of:	file:///c%3A/Program%20Files/Neovim/share/nvim/runtime/lua
[12:25:37.299][info] [#0:script\workspace\loading.lua:100]: Preload file at: file:///c%3A/Program%20Files/Neovim/share/nvim/runtime/lua/vim/_comment.lua , size = 9.230 KB
[12:25:37.303][info] [#0:script\workspace\loading.lua:112]: ++++As library of:	file:///c%3A/Program%20Files/Neovim/share/nvim/runtime/lua
[12:25:37.303][info] [#0:script\workspace\loading.lua:100]: Preload file at: file:///c%3A/Program%20Files/Neovim/share/nvim/runtime/lua/vim/_defaults.lua , size = 33.469 KB
[12:25:37.315][info] [#0:script\workspace\loading.lua:112]: ++++As library of:	file:///c%3A/Program%20Files/Neovim/share/nvim/runtime/lua
[12:25:37.315][info] [#0:script\workspace\loading.lua:100]: Preload file at: file:///c%3A/Program%20Files/Neovim/share/nvim/runtime/lua/vim/_editor.lua , size = 45.910 KB
[12:25:37.332][info] [#0:script\workspace\loading.lua:112]: ++++As library of:	file:///c%3A/Program%20Files/Neovim/share/nvim/runtime/lua
[12:25:37.332][info] [#0:script\workspace\loading.lua:100]: Preload file at: file:///c%3A/Program%20Files/Neovim/share/nvim/runtime/lua/vim/_ftplugin/lua.lua , size = 0.562 KB
[12:25:37.333][info] [#0:script\workspace\loading.lua:112]: ++++As library of:	file:///c%3A/Program%20Files/Neovim/share/nvim/runtime/lua
[12:25:37.333][info] [#0:script\workspace\loading.lua:100]: Preload file at: file:///c%3A/Program%20Files/Neovim/share/nvim/runtime/lua/vim/_init_packages.lua , size = 3.120 KB
[12:25:37.334][info] [#0:script\workspace\loading.lua:112]: ++++As library of:	file:///c%3A/Program%20Files/Neovim/share/nvim/runtime/lua
[12:25:37.334][info] [#0:script\workspace\loading.lua:100]: Preload file at: file:///c%3A/Program%20Files/Neovim/share/nvim/runtime/lua/vim/_inspector.lua , size = 8.143 KB
[12:25:37.338][info] [#0:script\workspace\loading.lua:112]: ++++As library of:	file:///c%3A/Program%20Files/Neovim/share/nvim/runtime/lua
[12:25:37.338][info] [#0:script\workspace\loading.lua:100]: Preload file at: file:///c%3A/Program%20Files/Neovim/share/nvim/runtime/lua/vim/_meta/api.lua , size = 108.521 KB
[12:25:37.363][info] [#0:script\workspace\loading.lua:112]: ++++As library of:	file:///c%3A/Program%20Files/Neovim/share/nvim/runtime/lua
[12:25:37.363][info] [#0:script\workspace\loading.lua:100]: Preload file at: file:///c%3A/Program%20Files/Neovim/share/nvim/runtime/lua/vim/_meta/api_keysets.lua , size = 10.284 KB
[12:25:37.368][info] [#0:script\workspace\loading.lua:112]: ++++As library of:	file:///c%3A/Program%20Files/Neovim/share/nvim/runtime/lua
[12:25:37.368][info] [#0:script\workspace\loading.lua:100]: Preload file at: file:///c%3A/Program%20Files/Neovim/share/nvim/runtime/lua/vim/_meta/api_keysets_extra.lua , size = 7.199 KB
[12:25:37.371][info] [#0:script\workspace\loading.lua:112]: ++++As library of:	file:///c%3A/Program%20Files/Neovim/share/nvim/runtime/lua
[12:25:37.371][info] [#0:script\workspace\loading.lua:100]: Preload file at: file:///c%3A/Program%20Files/Neovim/share/nvim/runtime/lua/vim/_meta/base64.lua , size = 0.319 KB
[12:25:37.371][info] [#0:script\workspace\loading.lua:112]: ++++As library of:	file:///c%3A/Program%20Files/Neovim/share/nvim/runtime/lua
[12:25:37.371][info] [#0:script\workspace\loading.lua:100]: Preload file at: file:///c%3A/Program%20Files/Neovim/share/nvim/runtime/lua/vim/_meta/builtin.lua , size = 10.648 KB
[12:25:37.374][info] [#0:script\workspace\loading.lua:112]: ++++As library of:	file:///c%3A/Program%20Files/Neovim/share/nvim/runtime/lua
[12:25:37.374][info] [#0:script\workspace\loading.lua:100]: Preload file at: file:///c%3A/Program%20Files/Neovim/share/nvim/runtime/lua/vim/_meta/builtin_types.lua , size = 8.610 KB
[12:25:37.377][info] [#0:script\workspace\loading.lua:112]: ++++As library of:	file:///c%3A/Program%20Files/Neovim/share/nvim/runtime/lua
[12:25:37.378][info] [#0:script\workspace\loading.lua:100]: Preload file at: file:///c%3A/Program%20Files/Neovim/share/nvim/runtime/lua/vim/_meta/diff.lua , size = 2.562 KB
[12:25:37.378][info] [#0:script\workspace\loading.lua:112]: ++++As library of:	file:///c%3A/Program%20Files/Neovim/share/nvim/runtime/lua
[12:25:37.378][info] [#0:script\workspace\loading.lua:100]: Preload file at: file:///c%3A/Program%20Files/Neovim/share/nvim/runtime/lua/vim/_meta/json.lua , size = 1.578 KB
[12:25:37.379][info] [#0:script\workspace\loading.lua:112]: ++++As library of:	file:///c%3A/Program%20Files/Neovim/share/nvim/runtime/lua
[12:25:37.379][info] [#0:script\workspace\loading.lua:100]: Preload file at: file:///c%3A/Program%20Files/Neovim/share/nvim/runtime/lua/vim/_meta/lpeg.lua , size = 15.691 KB
[12:25:37.383][info] [#0:script\workspace\loading.lua:112]: ++++As library of:	file:///c%3A/Program%20Files/Neovim/share/nvim/runtime/lua
[12:25:37.383][info] [#0:script\workspace\loading.lua:100]: Preload file at: file:///c%3A/Program%20Files/Neovim/share/nvim/runtime/lua/vim/_meta/misc.lua , size = 0.307 KB
[12:25:37.383][info] [#0:script\workspace\loading.lua:112]: ++++As library of:	file:///c%3A/Program%20Files/Neovim/share/nvim/runtime/lua
[12:25:37.383][info] [#0:script\workspace\loading.lua:100]: Preload file at: file:///c%3A/Program%20Files/Neovim/share/nvim/runtime/lua/vim/_meta/mpack.lua , size = 0.495 KB
[12:25:37.384][info] [#0:script\workspace\loading.lua:112]: ++++As library of:	file:///c%3A/Program%20Files/Neovim/share/nvim/runtime/lua
[12:25:37.384][info] [#0:script\workspace\loading.lua:100]: Preload file at: file:///c%3A/Program%20Files/Neovim/share/nvim/runtime/lua/vim/_meta/re.lua , size = 2.270 KB
[12:25:37.384][info] [#0:script\workspace\loading.lua:112]: ++++As library of:	file:///c%3A/Program%20Files/Neovim/share/nvim/runtime/lua
[12:25:37.385][info] [#0:script\workspace\loading.lua:100]: Preload file at: file:///c%3A/Program%20Files/Neovim/share/nvim/runtime/lua/vim/_meta/options.lua , size = 332.968 KB
[12:25:37.456][info] [#0:script\workspace\loading.lua:112]: ++++As library of:	file:///c%3A/Program%20Files/Neovim/share/nvim/runtime/lua
[12:25:37.457][info] [#0:script\workspace\loading.lua:100]: Preload file at: file:///c%3A/Program%20Files/Neovim/share/nvim/runtime/lua/vim/_meta/regex.lua , size = 1.616 KB
[12:25:37.457][info] [#0:script\workspace\loading.lua:112]: ++++As library of:	file:///c%3A/Program%20Files/Neovim/share/nvim/runtime/lua
[12:25:37.457][info] [#0:script\workspace\loading.lua:100]: Preload file at: file:///c%3A/Program%20Files/Neovim/share/nvim/runtime/lua/vim/_meta/spell.lua , size = 0.960 KB
[12:25:37.458][info] [#0:script\workspace\loading.lua:112]: ++++As library of:	file:///c%3A/Program%20Files/Neovim/share/nvim/runtime/lua
[12:25:37.458][info] [#0:script\workspace\loading.lua:100]: Preload file at: file:///c%3A/Program%20Files/Neovim/share/nvim/runtime/lua/vim/_meta/vimfn.lua , size = 419.825 KB
[12:25:37.563][warn] [#0:script\files.lua:708]: Compile [file:///c%3A/Program%20Files/Neovim/share/nvim/runtime/lua/vim/_meta/vimfn.lua] takes [0.105] sec, size [429.901] kb.
[12:25:37.619][info] [#0:script\workspace\loading.lua:112]: ++++As library of:	file:///c%3A/Program%20Files/Neovim/share/nvim/runtime/lua
[12:25:37.619][info] [#0:script\workspace\loading.lua:100]: Preload file at: file:///c%3A/Program%20Files/Neovim/share/nvim/runtime/lua/vim/_meta/vvars.lua , size = 26.993 KB
[12:25:37.625][info] [#0:script\workspace\loading.lua:112]: ++++As library of:	file:///c%3A/Program%20Files/Neovim/share/nvim/runtime/lua
[12:25:37.625][info] [#0:script\workspace\loading.lua:100]: Preload file at: file:///c%3A/Program%20Files/Neovim/share/nvim/runtime/lua/vim/_meta/vvars_extra.lua , size = 4.133 KB
[12:25:37.626][info] [#0:script\workspace\loading.lua:112]: ++++As library of:	file:///c%3A/Program%20Files/Neovim/share/nvim/runtime/lua
[12:25:37.626][info] [#0:script\workspace\loading.lua:100]: Preload file at: file:///c%3A/Program%20Files/Neovim/share/nvim/runtime/lua/vim/_meta.lua , size = 1.039 KB
[12:25:37.627][info] [#0:script\workspace\loading.lua:112]: ++++As library of:	file:///c%3A/Program%20Files/Neovim/share/nvim/runtime/lua
[12:25:37.627][info] [#0:script\workspace\loading.lua:100]: Preload file at: file:///c%3A/Program%20Files/Neovim/share/nvim/runtime/lua/vim/_options.lua , size = 26.418 KB
[12:25:37.635][info] [#0:script\workspace\loading.lua:112]: ++++As library of:	file:///c%3A/Program%20Files/Neovim/share/nvim/runtime/lua
[12:25:37.635][info] [#0:script\workspace\loading.lua:100]: Preload file at: file:///c%3A/Program%20Files/Neovim/share/nvim/runtime/lua/vim/_system.lua , size = 10.250 KB
[12:25:37.640][info] [#0:script\workspace\loading.lua:112]: ++++As library of:	file:///c%3A/Program%20Files/Neovim/share/nvim/runtime/lua
[12:25:37.641][info] [#0:script\workspace\loading.lua:100]: Preload file at: file:///c%3A/Program%20Files/Neovim/share/nvim/runtime/lua/vim/_watch.lua , size = 10.062 KB
[12:25:37.644][info] [#0:script\workspace\loading.lua:112]: ++++As library of:	file:///c%3A/Program%20Files/Neovim/share/nvim/runtime/lua
[12:25:37.645][info] [#0:script\workspace\loading.lua:100]: Preload file at: file:///c%3A/Program%20Files/Neovim/share/nvim/runtime/lua/_vim9script.lua , size = 16.058 KB
[12:25:37.651][info] [#0:script\workspace\loading.lua:112]: ++++As library of:	file:///c%3A/Program%20Files/Neovim/share/nvim/runtime/lua
[12:25:37.651][info] [#0:script\workspace\loading.lua:100]: Preload file at: file:///c%3A/Users/downloader/AppData/Local/nvim-data/mason/packages/lua-language-server/meta/LuaJIT%20en-us%20utf8/table/new.lua , size = 0.642 KB
[12:25:37.651][info] [#0:script\workspace\loading.lua:112]: ++++As library of:	file:///c%3A/Users/downloader/AppData/Local/nvim-data/mason/packages/lua-language-server/meta/LuaJIT%20en-us%20utf8/table/new.lua
[12:25:37.651][info] [#0:script\workspace\loading.lua:100]: Preload file at: file:///c%3A/Users/downloader/AppData/Local/nvim-data/init.lua , size = 19.738 KB
[12:25:37.656][info] [#0:script\workspace\loading.lua:100]: Preload file at: file:///c%3A/Users/downloader/AppData/Local/nvim-data/lazy/blink.cmp/lua/blink/cmp/completion/accept/init.lua , size = 4.932 KB
[12:25:37.658][info] [#0:script\workspace\loading.lua:100]: Preload file at: file:///c%3A/Users/downloader/AppData/Local/nvim-data/lazy/blink.cmp/lua/blink/cmp/completion/accept/prefix.lua , size = 1.905 KB
[12:25:37.659][info] [#0:script\workspace\loading.lua:100]: Preload file at: file:///c%3A/Users/downloader/AppData/Local/nvim-data/lazy/blink.cmp/lua/blink/cmp/completion/accept/preview.lua , size = 1.550 KB
[12:25:37.660][info] [#0:script\workspace\loading.lua:100]: Preload file at: file:///c%3A/Users/downloader/AppData/Local/nvim-data/lazy/blink.cmp/lua/blink/cmp/completion/brackets/config.lua , size = 2.014 KB
[12:25:37.661][info] [#0:script\workspace\loading.lua:100]: Preload file at: file:///c%3A/Users/downloader/AppData/Local/nvim-data/lazy/blink.cmp/lua/blink/cmp/completion/brackets/init.lua , size = 0.196 KB
[12:25:37.661][info] [#0:script\workspace\loading.lua:100]: Preload file at: file:///c%3A/Users/downloader/AppData/Local/nvim-data/lazy/blink.cmp/lua/blink/cmp/completion/brackets/kind.lua , size = 2.497 KB
[12:25:37.662][info] [#0:script\workspace\loading.lua:100]: Preload file at: file:///c%3A/Users/downloader/AppData/Local/nvim-data/lazy/blink.cmp/lua/blink/cmp/completion/brackets/semantic.lua , size = 4.210 KB
[12:25:37.664][info] [#0:script\workspace\loading.lua:100]: Preload file at: file:///c%3A/Users/downloader/AppData/Local/nvim-data/lazy/blink.cmp/lua/blink/cmp/completion/brackets/utils.lua , size = 2.516 KB
[12:25:37.665][info] [#0:script\workspace\loading.lua:100]: Preload file at: file:///c%3A/Users/downloader/AppData/Local/nvim-data/lazy/blink.cmp/lua/blink/cmp/completion/init.lua , size = 3.664 KB
[12:25:37.666][info] [#0:script\workspace\loading.lua:100]: Preload file at: file:///c%3A/Users/downloader/AppData/Local/nvim-data/lazy/blink.cmp/lua/blink/cmp/completion/list.lua , size = 13.500 KB
[12:25:37.671][info] [#0:script\workspace\loading.lua:100]: Preload file at: file:///c%3A/Users/downloader/AppData/Local/nvim-data/lazy/blink.cmp/lua/blink/cmp/completion/prefetch.lua , size = 0.789 KB
[12:25:37.672][info] [#0:script\workspace\loading.lua:100]: Preload file at: file:///c%3A/Users/downloader/AppData/Local/nvim-data/lazy/blink.cmp/lua/blink/cmp/completion/trigger/context.lua , size = 7.973 KB
[12:25:37.679][info] [#0:script\workspace\loading.lua:100]: Preload file at: file:///c%3A/Users/downloader/AppData/Local/nvim-data/lazy/blink.cmp/lua/blink/cmp/completion/trigger/init.lua , size = 11.867 KB
[12:25:37.683][info] [#0:script\workspace\loading.lua:100]: Preload file at: file:///c%3A/Users/downloader/AppData/Local/nvim-data/lazy/blink.cmp/lua/blink/cmp/completion/windows/documentation.lua , size = 7.383 KB
[12:25:37.686][info] [#0:script\workspace\loading.lua:100]: Preload file at: file:///c%3A/Users/downloader/AppData/Local/nvim-data/lazy/blink.cmp/lua/blink/cmp/completion/windows/ghost_text/init.lua , size = 5.268 KB
[12:25:37.688][info] [#0:script\workspace\loading.lua:100]: Preload file at: file:///c%3A/Users/downloader/AppData/Local/nvim-data/lazy/blink.cmp/lua/blink/cmp/completion/windows/ghost_text/utils.lua , size = 1.171 KB
[12:25:37.689][info] [#0:script\workspace\loading.lua:100]: Preload file at: file:///c%3A/Users/downloader/AppData/Local/nvim-data/lazy/blink.cmp/lua/blink/cmp/completion/windows/menu.lua , size = 7.751 KB
[12:25:37.692][info] [#0:script\workspace\loading.lua:100]: Preload file at: file:///c%3A/Users/downloader/AppData/Local/nvim-data/lazy/blink.cmp/lua/blink/cmp/completion/windows/render/column.lua , size = 4.252 KB
[12:25:37.694][info] [#0:script\workspace\loading.lua:100]: Preload file at: file:///c%3A/Users/downloader/AppData/Local/nvim-data/lazy/blink.cmp/lua/blink/cmp/completion/windows/render/context.lua , size = 3.046 KB
[12:25:37.695][info] [#0:script\workspace\loading.lua:100]: Preload file at: file:///c%3A/Users/downloader/AppData/Local/nvim-data/lazy/blink.cmp/lua/blink/cmp/completion/windows/render/init.lua , size = 5.902 KB
[12:25:37.698][info] [#0:script\workspace\loading.lua:100]: Preload file at: file:///c%3A/Users/downloader/AppData/Local/nvim-data/lazy/blink.cmp/lua/blink/cmp/completion/windows/render/text.lua , size = 2.765 KB
[12:25:37.699][info] [#0:script\workspace\loading.lua:100]: Preload file at: file:///c%3A/Users/downloader/AppData/Local/nvim-data/lazy/blink.cmp/lua/blink/cmp/completion/windows/render/treesitter.lua , size = 1.750 KB
[12:25:37.701][info] [#0:script\workspace\loading.lua:100]: Preload file at: file:///c%3A/Users/downloader/AppData/Local/nvim-data/lazy/blink.cmp/lua/blink/cmp/completion/windows/render/types.lua , size = 1.732 KB
[12:25:37.701][info] [#0:script\workspace\loading.lua:100]: Preload file at: file:///c%3A/Users/downloader/AppData/Local/nvim-data/lazy/blink.cmp/lua/blink/cmp/config/appearance.lua , size = 1.683 KB
[12:25:37.702][info] [#0:script\workspace\loading.lua:100]: Preload file at: file:///c%3A/Users/downloader/AppData/Local/nvim-data/lazy/blink.cmp/lua/blink/cmp/config/completion/accept.lua , size = 3.794 KB
[12:25:37.703][info] [#0:script\workspace\loading.lua:100]: Preload file at: file:///c%3A/Users/downloader/AppData/Local/nvim-data/lazy/blink.cmp/lua/blink/cmp/config/completion/documentation.lua , size = 4.770 KB
[12:25:37.705][info] [#0:script\workspace\loading.lua:100]: Preload file at: file:///c%3A/Users/downloader/AppData/Local/nvim-data/lazy/blink.cmp/lua/blink/cmp/config/completion/ghost_text.lua , size = 1.241 KB
[12:25:37.706][info] [#0:script\workspace\loading.lua:100]: Preload file at: file:///c%3A/Users/downloader/AppData/Local/nvim-data/lazy/blink.cmp/lua/blink/cmp/config/completion/init.lua , size = 1.899 KB
[12:25:37.706][info] [#0:script\workspace\loading.lua:100]: Preload file at: file:///c%3A/Users/downloader/AppData/Local/nvim-data/lazy/blink.cmp/lua/blink/cmp/config/completion/keyword.lua , size = 0.964 KB
[12:25:37.707][info] [#0:script\workspace\loading.lua:100]: Preload file at: file:///c%3A/Users/downloader/AppData/Local/nvim-data/lazy/blink.cmp/lua/blink/cmp/config/completion/list.lua , size = 2.241 KB
[12:25:37.708][info] [#0:script\workspace\loading.lua:100]: Preload file at: file:///c%3A/Users/downloader/AppData/Local/nvim-data/lazy/blink.cmp/lua/blink/cmp/config/completion/menu.lua , size = 9.766 KB
[12:25:37.711][info] [#0:script\workspace\loading.lua:100]: Preload file at: file:///c%3A/Users/downloader/AppData/Local/nvim-data/lazy/blink.cmp/lua/blink/cmp/config/completion/trigger.lua , size = 4.021 KB
[12:25:37.712][info] [#0:script\workspace\loading.lua:100]: Preload file at: file:///c%3A/Users/downloader/AppData/Local/nvim-data/lazy/blink.cmp/lua/blink/cmp/config/fuzzy.lua , size = 7.192 KB
[12:25:37.715][info] [#0:script\workspace\loading.lua:100]: Preload file at: file:///c%3A/Users/downloader/AppData/Local/nvim-data/lazy/blink.cmp/lua/blink/cmp/config/init.lua , size = 5.425 KB
[12:25:37.717][info] [#0:script\workspace\loading.lua:100]: Preload file at: file:///c%3A/Users/downloader/AppData/Local/nvim-data/lazy/blink.cmp/lua/blink/cmp/config/keymap.lua , size = 9.793 KB
[12:25:37.719][info] [#0:script\workspace\loading.lua:100]: Preload file at: file:///c%3A/Users/downloader/AppData/Local/nvim-data/lazy/blink.cmp/lua/blink/cmp/config/modes/cmdline.lua , size = 0.697 KB
[12:25:37.719][info] [#0:script\workspace\loading.lua:100]: Preload file at: file:///c%3A/Users/downloader/AppData/Local/nvim-data/lazy/blink.cmp/lua/blink/cmp/config/modes/term.lua , size = 0.562 KB
[12:25:37.720][info] [#0:script\workspace\loading.lua:100]: Preload file at: file:///c%3A/Users/downloader/AppData/Local/nvim-data/lazy/blink.cmp/lua/blink/cmp/config/modes/types.lua , size = 4.793 KB
[12:25:37.722][info] [#0:script\workspace\loading.lua:100]: Preload file at: file:///c%3A/Users/downloader/AppData/Local/nvim-data/lazy/blink.cmp/lua/blink/cmp/config/shared.lua , size = 0.266 KB
[12:25:37.722][info] [#0:script\workspace\loading.lua:100]: Preload file at: file:///c%3A/Users/downloader/AppData/Local/nvim-data/lazy/blink.cmp/lua/blink/cmp/config/signature.lua , size = 4.813 KB
[12:25:37.724][info] [#0:script\workspace\loading.lua:100]: Preload file at: file:///c%3A/Users/downloader/AppData/Local/nvim-data/lazy/blink.cmp/lua/blink/cmp/config/snippets.lua , size = 3.802 KB
[12:25:37.725][info] [#0:script\workspace\loading.lua:100]: Preload file at: file:///c%3A/Users/downloader/AppData/Local/nvim-data/lazy/blink.cmp/lua/blink/cmp/config/sources.lua , size = 6.360 KB
[12:25:37.728][info] [#0:script\workspace\loading.lua:100]: Preload file at: file:///c%3A/Users/downloader/AppData/Local/nvim-data/lazy/blink.cmp/lua/blink/cmp/config/types_partial.lua , size = 5.022 KB
[12:25:37.729][info] [#0:script\workspace\loading.lua:100]: Preload file at: file:///c%3A/Users/downloader/AppData/Local/nvim-data/lazy/blink.cmp/lua/blink/cmp/config/utils.lua , size = 2.177 KB
[12:25:37.730][info] [#0:script\workspace\loading.lua:100]: Preload file at: file:///c%3A/Users/downloader/AppData/Local/nvim-data/lazy/blink.cmp/lua/blink/cmp/fuzzy/build/init.lua , size = 3.357 KB
[12:25:37.732][info] [#0:script\workspace\loading.lua:100]: Preload file at: file:///c%3A/Users/downloader/AppData/Local/nvim-data/lazy/blink.cmp/lua/blink/cmp/fuzzy/build/log.lua , size = 0.679 KB
[12:25:37.733][info] [#0:script\workspace\loading.lua:100]: Preload file at: file:///c%3A/Users/downloader/AppData/Local/nvim-data/lazy/blink.cmp/lua/blink/cmp/fuzzy/download/files.lua , size = 5.402 KB
[12:25:37.735][info] [#0:script\workspace\loading.lua:100]: Preload file at: file:///c%3A/Users/downloader/AppData/Local/nvim-data/lazy/blink.cmp/lua/blink/cmp/fuzzy/download/git.lua , size = 1.916 KB
[12:25:37.736][info] [#0:script\workspace\loading.lua:100]: Preload file at: file:///c%3A/Users/downloader/AppData/Local/nvim-data/lazy/blink.cmp/lua/blink/cmp/fuzzy/download/init.lua , size = 10.458 KB
[12:25:37.739][info] [#0:script\workspace\loading.lua:100]: Preload file at: file:///c%3A/Users/downloader/AppData/Local/nvim-data/lazy/blink.cmp/lua/blink/cmp/fuzzy/download/system.lua , size = 3.784 KB
[12:25:37.741][info] [#0:script\workspace\loading.lua:100]: Preload file at: file:///c%3A/Users/downloader/AppData/Local/nvim-data/lazy/blink.cmp/lua/blink/cmp/fuzzy/init.lua , size = 6.137 KB
[12:25:37.744][info] [#0:script\workspace\loading.lua:100]: Preload file at: file:///c%3A/Users/downloader/AppData/Local/nvim-data/lazy/blink.cmp/lua/blink/cmp/fuzzy/lua/char.lua , size = 1.754 KB
[12:25:37.745][info] [#0:script\workspace\loading.lua:100]: Preload file at: file:///c%3A/Users/downloader/AppData/Local/nvim-data/lazy/blink.cmp/lua/blink/cmp/fuzzy/lua/init.lua , size = 3.834 KB
[12:25:37.747][info] [#0:script\workspace\loading.lua:100]: Preload file at: file:///c%3A/Users/downloader/AppData/Local/nvim-data/lazy/blink.cmp/lua/blink/cmp/fuzzy/lua/keyword.lua , size = 3.227 KB
[12:25:37.748][info] [#0:script\workspace\loading.lua:100]: Preload file at: file:///c%3A/Users/downloader/AppData/Local/nvim-data/lazy/blink.cmp/lua/blink/cmp/fuzzy/lua/match.lua , size = 3.277 KB
[12:25:37.750][info] [#0:script\workspace\loading.lua:100]: Preload file at: file:///c%3A/Users/downloader/AppData/Local/nvim-data/lazy/blink.cmp/lua/blink/cmp/fuzzy/lua/match_indices.lua , size = 1.603 KB
[12:25:37.751][info] [#0:script\workspace\loading.lua:100]: Preload file at: file:///c%3A/Users/downloader/AppData/Local/nvim-data/lazy/blink.cmp/lua/blink/cmp/fuzzy/rust/init.lua , size = 0.630 KB
[12:25:37.751][info] [#0:script\workspace\loading.lua:100]: Preload file at: file:///c%3A/Users/downloader/AppData/Local/nvim-data/lazy/blink.cmp/lua/blink/cmp/fuzzy/sort.lua , size = 2.131 KB
[12:25:37.752][info] [#0:script\workspace\loading.lua:100]: Preload file at: file:///c%3A/Users/downloader/AppData/Local/nvim-data/lazy/blink.cmp/lua/blink/cmp/fuzzy/types.lua , size = 1.081 KB
[12:25:37.753][info] [#0:script\workspace\loading.lua:100]: Preload file at: file:///c%3A/Users/downloader/AppData/Local/nvim-data/lazy/blink.cmp/lua/blink/cmp/health.lua , size = 2.735 KB
[12:25:37.755][info] [#0:script\workspace\loading.lua:100]: Preload file at: file:///c%3A/Users/downloader/AppData/Local/nvim-data/lazy/blink.cmp/lua/blink/cmp/highlights.lua , size = 1.969 KB
[12:25:37.755][info] [#0:script\workspace\loading.lua:100]: Preload file at: file:///c%3A/Users/downloader/AppData/Local/nvim-data/lazy/blink.cmp/lua/blink/cmp/init.lua , size = 14.354 KB
[12:25:37.760][info] [#0:script\workspace\loading.lua:100]: Preload file at: file:///c%3A/Users/downloader/AppData/Local/nvim-data/lazy/blink.cmp/lua/blink/cmp/keymap/apply.lua , size = 5.507 KB
[12:25:37.763][info] [#0:script\workspace\loading.lua:100]: Preload file at: file:///c%3A/Users/downloader/AppData/Local/nvim-data/lazy/blink.cmp/lua/blink/cmp/keymap/fallback.lua , size = 3.590 KB
[12:25:37.764][info] [#0:script\workspace\loading.lua:100]: Preload file at: file:///c%3A/Users/downloader/AppData/Local/nvim-data/lazy/blink.cmp/lua/blink/cmp/keymap/init.lua , size = 3.832 KB
[12:25:37.766][info] [#0:script\workspace\loading.lua:100]: Preload file at: file:///c%3A/Users/downloader/AppData/Local/nvim-data/lazy/blink.cmp/lua/blink/cmp/keymap/presets.lua , size = 3.136 KB
[12:25:37.767][info] [#0:script\workspace\loading.lua:100]: Preload file at: file:///c%3A/Users/downloader/AppData/Local/nvim-data/lazy/blink.cmp/lua/blink/cmp/lib/async.lua , size = 8.064 KB
[12:25:37.771][info] [#0:script\workspace\loading.lua:100]: Preload file at: file:///c%3A/Users/downloader/AppData/Local/nvim-data/lazy/blink.cmp/lua/blink/cmp/lib/buffer_events.lua , size = 8.416 KB
[12:25:37.774][info] [#0:script\workspace\loading.lua:100]: Preload file at: file:///c%3A/Users/downloader/AppData/Local/nvim-data/lazy/blink.cmp/lua/blink/cmp/lib/cmdline_events.lua , size = 5.083 KB
[12:25:37.776][info] [#0:script\workspace\loading.lua:100]: Preload file at: file:///c%3A/Users/downloader/AppData/Local/nvim-data/lazy/blink.cmp/lua/blink/cmp/lib/event_emitter.lua , size = 1.554 KB
[12:25:37.777][info] [#0:script\workspace\loading.lua:100]: Preload file at: file:///c%3A/Users/downloader/AppData/Local/nvim-data/lazy/blink.cmp/lua/blink/cmp/lib/term_events.lua , size = 4.376 KB
[12:25:37.779][info] [#0:script\workspace\loading.lua:100]: Preload file at: file:///c%3A/Users/downloader/AppData/Local/nvim-data/lazy/blink.cmp/lua/blink/cmp/lib/text_edits.lua , size = 15.502 KB
[12:25:37.785][info] [#0:script\workspace\loading.lua:100]: Preload file at: file:///c%3A/Users/downloader/AppData/Local/nvim-data/lazy/blink.cmp/lua/blink/cmp/lib/utils.lua , size = 5.525 KB
[12:25:37.788][info] [#0:script\workspace\loading.lua:100]: Preload file at: file:///c%3A/Users/downloader/AppData/Local/nvim-data/lazy/blink.cmp/lua/blink/cmp/lib/window/cursor_line.lua , size = 2.258 KB
[12:25:37.789][info] [#0:script\workspace\loading.lua:100]: Preload file at: file:///c%3A/Users/downloader/AppData/Local/nvim-data/lazy/blink.cmp/lua/blink/cmp/lib/window/docs.lua , size = 5.352 KB
[12:25:37.791][info] [#0:script\workspace\loading.lua:100]: Preload file at: file:///c%3A/Users/downloader/AppData/Local/nvim-data/lazy/blink.cmp/lua/blink/cmp/lib/window/init.lua , size = 18.145 KB
[12:25:37.799][info] [#0:script\workspace\loading.lua:100]: Preload file at: file:///c%3A/Users/downloader/AppData/Local/nvim-data/lazy/blink.cmp/lua/blink/cmp/lib/window/scrollbar/geometry.lua , size = 3.206 KB
[12:25:37.801][info] [#0:script\workspace\loading.lua:100]: Preload file at: file:///c%3A/Users/downloader/AppData/Local/nvim-data/lazy/blink.cmp/lua/blink/cmp/lib/window/scrollbar/init.lua , size = 1.304 KB
[12:25:37.802][info] [#0:script\workspace\loading.lua:100]: Preload file at: file:///c%3A/Users/downloader/AppData/Local/nvim-data/lazy/blink.cmp/lua/blink/cmp/lib/window/scrollbar/win.lua , size = 3.876 KB
[12:25:37.804][info] [#0:script\workspace\loading.lua:100]: Preload file at: file:///c%3A/Users/downloader/AppData/Local/nvim-data/lazy/blink.cmp/lua/blink/cmp/lib/window/utils.lua , size = 0.636 KB
[12:25:37.805][info] [#0:script\workspace\loading.lua:100]: Preload file at: file:///c%3A/Users/downloader/AppData/Local/nvim-data/lazy/blink.cmp/lua/blink/cmp/signature/init.lua , size = 0.841 KB
[12:25:37.805][info] [#0:script\workspace\loading.lua:100]: Preload file at: file:///c%3A/Users/downloader/AppData/Local/nvim-data/lazy/blink.cmp/lua/blink/cmp/signature/list.lua , size = 0.036 KB
[12:25:37.805][info] [#0:script\workspace\loading.lua:100]: Preload file at: file:///c%3A/Users/downloader/AppData/Local/nvim-data/lazy/blink.cmp/lua/blink/cmp/signature/trigger.lua , size = 6.493 KB
[12:25:37.808][info] [#0:script\workspace\loading.lua:100]: Preload file at: file:///c%3A/Users/downloader/AppData/Local/nvim-data/lazy/blink.cmp/lua/blink/cmp/signature/window.lua , size = 5.860 KB
[12:25:37.810][info] [#0:script\workspace\loading.lua:100]: Preload file at: file:///c%3A/Users/downloader/AppData/Local/nvim-data/lazy/blink.cmp/lua/blink/cmp/sources/buffer/cache.lua , size = 1.172 KB
[12:25:37.811][info] [#0:script\workspace\loading.lua:100]: Preload file at: file:///c%3A/Users/downloader/AppData/Local/nvim-data/lazy/blink.cmp/lua/blink/cmp/sources/buffer/init.lua , size = 7.951 KB
[12:25:37.815][info] [#0:script\workspace\loading.lua:100]: Preload file at: file:///c%3A/Users/downloader/AppData/Local/nvim-data/lazy/blink.cmp/lua/blink/cmp/sources/buffer/parser.lua , size = 3.720 KB
[12:25:37.817][info] [#0:script\workspace\loading.lua:100]: Preload file at: file:///c%3A/Users/downloader/AppData/Local/nvim-data/lazy/blink.cmp/lua/blink/cmp/sources/buffer/priority.lua , size = 1.042 KB
[12:25:37.818][info] [#0:script\workspace\loading.lua:100]: Preload file at: file:///c%3A/Users/downloader/AppData/Local/nvim-data/lazy/blink.cmp/lua/blink/cmp/sources/buffer/recency.lua , size = 0.723 KB
[12:25:37.818][info] [#0:script\workspace\loading.lua:100]: Preload file at: file:///c%3A/Users/downloader/AppData/Local/nvim-data/lazy/blink.cmp/lua/blink/cmp/sources/buffer/utils.lua , size = 1.489 KB
[12:25:37.819][info] [#0:script\workspace\loading.lua:100]: Preload file at: file:///c%3A/Users/downloader/AppData/Local/nvim-data/lazy/blink.cmp/lua/blink/cmp/sources/cmdline/constants.lua , size = 3.194 KB
[12:25:37.820][info] [#0:script\workspace\loading.lua:100]: Preload file at: file:///c%3A/Users/downloader/AppData/Local/nvim-data/lazy/blink.cmp/lua/blink/cmp/sources/cmdline/help.lua , size = 1.201 KB
[12:25:37.821][info] [#0:script\workspace\loading.lua:100]: Preload file at: file:///c%3A/Users/downloader/AppData/Local/nvim-data/lazy/blink.cmp/lua/blink/cmp/sources/cmdline/init.lua , size = 13.776 KB
[12:25:37.825][info] [#0:script\workspace\loading.lua:100]: Preload file at: file:///c%3A/Users/downloader/AppData/Local/nvim-data/lazy/blink.cmp/lua/blink/cmp/sources/cmdline/utils.lua , size = 4.130 KB
[12:25:37.827][info] [#0:script\workspace\loading.lua:100]: Preload file at: file:///c%3A/Users/downloader/AppData/Local/nvim-data/lazy/blink.cmp/lua/blink/cmp/sources/complete_func.lua , size = 4.655 KB
[12:25:37.830][info] [#0:script\workspace\loading.lua:100]: Preload file at: file:///c%3A/Users/downloader/AppData/Local/nvim-data/lazy/blink.cmp/lua/blink/cmp/sources/lib/init.lua , size = 12.496 KB
[12:25:37.834][info] [#0:script\workspace\loading.lua:100]: Preload file at: file:///c%3A/Users/downloader/AppData/Local/nvim-data/lazy/blink.cmp/lua/blink/cmp/sources/lib/provider/config.lua , size = 1.900 KB
[12:25:37.835][info] [#0:script\workspace\loading.lua:100]: Preload file at: file:///c%3A/Users/downloader/AppData/Local/nvim-data/lazy/blink.cmp/lua/blink/cmp/sources/lib/provider/init.lua , size = 8.098 KB
[12:25:37.838][info] [#0:script\workspace\loading.lua:100]: Preload file at: file:///c%3A/Users/downloader/AppData/Local/nvim-data/lazy/blink.cmp/lua/blink/cmp/sources/lib/provider/list.lua , size = 4.731 KB
[12:25:37.840][info] [#0:script\workspace\loading.lua:100]: Preload file at: file:///c%3A/Users/downloader/AppData/Local/nvim-data/lazy/blink.cmp/lua/blink/cmp/sources/lib/provider/override.lua , size = 0.505 KB
[12:25:37.842][info] [#0:script\workspace\loading.lua:100]: Preload file at: file:///c%3A/Users/downloader/AppData/Local/nvim-data/lazy/blink.cmp/lua/blink/cmp/sources/lib/queue.lua , size = 2.432 KB
[12:25:37.843][info] [#0:script\workspace\loading.lua:100]: Preload file at: file:///c%3A/Users/downloader/AppData/Local/nvim-data/lazy/blink.cmp/lua/blink/cmp/sources/lib/tree.lua , size = 5.852 KB
[12:25:37.846][info] [#0:script\workspace\loading.lua:100]: Preload file at: file:///c%3A/Users/downloader/AppData/Local/nvim-data/lazy/blink.cmp/lua/blink/cmp/sources/lib/types.lua , size = 2.628 KB
[12:25:37.847][info] [#0:script\workspace\loading.lua:100]: Preload file at: file:///c%3A/Users/downloader/AppData/Local/nvim-data/lazy/blink.cmp/lua/blink/cmp/sources/lib/utils.lua , size = 3.693 KB
[12:25:37.849][info] [#0:script\workspace\loading.lua:100]: Preload file at: file:///c%3A/Users/downloader/AppData/Local/nvim-data/lazy/blink.cmp/lua/blink/cmp/sources/lsp/cache.lua , size = 0.894 KB
[12:25:37.849][info] [#0:script\workspace\loading.lua:100]: Preload file at: file:///c%3A/Users/downloader/AppData/Local/nvim-data/lazy/blink.cmp/lua/blink/cmp/sources/lsp/commands.lua , size = 0.505 KB
[12:25:37.849][info] [#0:script\workspace\loading.lua:100]: Preload file at: file:///c%3A/Users/downloader/AppData/Local/nvim-data/lazy/blink.cmp/lua/blink/cmp/sources/lsp/completion.lua , size = 4.207 KB
[12:25:37.851][info] [#0:script\workspace\loading.lua:100]: Preload file at: file:///c%3A/Users/downloader/AppData/Local/nvim-data/lazy/blink.cmp/lua/blink/cmp/sources/lsp/hacks/clangd.lua , size = 0.380 KB
[12:25:37.852][info] [#0:script\workspace\loading.lua:100]: Preload file at: file:///c%3A/Users/downloader/AppData/Local/nvim-data/lazy/blink.cmp/lua/blink/cmp/sources/lsp/hacks/docs.lua , size = 2.761 KB
[12:25:37.853][info] [#0:script\workspace\loading.lua:100]: Preload file at: file:///c%3A/Users/downloader/AppData/Local/nvim-data/lazy/blink.cmp/lua/blink/cmp/sources/lsp/hacks/emmet.lua , size = 0.295 KB
[12:25:37.853][info] [#0:script\workspace\loading.lua:100]: Preload file at: file:///c%3A/Users/downloader/AppData/Local/nvim-data/lazy/blink.cmp/lua/blink/cmp/sources/lsp/hacks/lua_ls.lua , size = 0.520 KB
[12:25:37.854][info] [#0:script\workspace\loading.lua:100]: Preload file at: file:///c%3A/Users/downloader/AppData/Local/nvim-data/lazy/blink.cmp/lua/blink/cmp/sources/lsp/hacks/tailwind.lua , size = 1.325 KB
[12:25:37.854][info] [#0:script\workspace\loading.lua:100]: Preload file at: file:///c%3A/Users/downloader/AppData/Local/nvim-data/lazy/blink.cmp/lua/blink/cmp/sources/lsp/init.lua , size = 7.151 KB
[12:25:37.857][info] [#0:script\workspace\loading.lua:100]: Preload file at: file:///c%3A/Users/downloader/AppData/Local/nvim-data/lazy/blink.cmp/lua/blink/cmp/sources/path/fs.lua , size = 1.568 KB
[12:25:37.858][info] [#0:script\workspace\loading.lua:100]: Preload file at: file:///c%3A/Users/downloader/AppData/Local/nvim-data/lazy/blink.cmp/lua/blink/cmp/sources/path/init.lua , size = 3.496 KB
[12:25:37.860][info] [#0:script\workspace\loading.lua:100]: Preload file at: file:///c%3A/Users/downloader/AppData/Local/nvim-data/lazy/blink.cmp/lua/blink/cmp/sources/path/lib.lua , size = 10.056 KB
[12:25:37.865][info] [#0:script\workspace\loading.lua:100]: Preload file at: file:///c%3A/Users/downloader/AppData/Local/nvim-data/lazy/blink.cmp/lua/blink/cmp/sources/path/regex.lua , size = 0.927 KB
[12:25:37.865][info] [#0:script\workspace\loading.lua:100]: Preload file at: file:///c%3A/Users/downloader/AppData/Local/nvim-data/lazy/blink.cmp/lua/blink/cmp/sources/snippets/default/builtin.lua , size = 6.456 KB
[12:25:37.868][info] [#0:script\workspace\loading.lua:100]: Preload file at: file:///c%3A/Users/downloader/AppData/Local/nvim-data/lazy/blink.cmp/lua/blink/cmp/sources/snippets/default/init.lua , size = 2.188 KB
[12:25:37.870][info] [#0:script\workspace\loading.lua:100]: Preload file at: file:///c%3A/Users/downloader/AppData/Local/nvim-data/lazy/blink.cmp/lua/blink/cmp/sources/snippets/default/registry.lua , size = 6.616 KB
[12:25:37.872][info] [#0:script\workspace\loading.lua:100]: Preload file at: file:///c%3A/Users/downloader/AppData/Local/nvim-data/lazy/blink.cmp/lua/blink/cmp/sources/snippets/default/scan.lua , size = 2.604 KB
[12:25:37.874][info] [#0:script\workspace\loading.lua:100]: Preload file at: file:///c%3A/Users/downloader/AppData/Local/nvim-data/lazy/blink.cmp/lua/blink/cmp/sources/snippets/init.lua , size = 0.227 KB
[12:25:37.874][info] [#0:script\workspace\loading.lua:100]: Preload file at: file:///c%3A/Users/downloader/AppData/Local/nvim-data/lazy/blink.cmp/lua/blink/cmp/sources/snippets/luasnip.lua , size = 7.680 KB
[12:25:37.877][info] [#0:script\workspace\loading.lua:100]: Preload file at: file:///c%3A/Users/downloader/AppData/Local/nvim-data/lazy/blink.cmp/lua/blink/cmp/sources/snippets/mini_snippets.lua , size = 4.812 KB
[12:25:37.879][info] [#0:script\workspace\loading.lua:100]: Preload file at: file:///c%3A/Users/downloader/AppData/Local/nvim-data/lazy/blink.cmp/lua/blink/cmp/sources/snippets/utils.lua , size = 3.321 KB
[12:25:37.881][info] [#0:script\workspace\loading.lua:100]: Preload file at: file:///c%3A/Users/downloader/AppData/Local/nvim-data/lazy/blink.cmp/lua/blink/cmp/sources/snippets/vsnip.lua , size = 2.552 KB
[12:25:37.882][info] [#0:script\workspace\loading.lua:100]: Preload file at: file:///c%3A/Users/downloader/AppData/Local/nvim-data/lazy/blink.cmp/lua/blink/cmp/types.lua , size = 1.495 KB
[12:25:37.883][info] [#0:script\workspace\loading.lua:100]: Preload file at: file:///c%3A/Users/downloader/AppData/Local/nvim-data/lazy/blink.cmp/lua/blink-cmp.lua , size = 0.027 KB
[12:25:37.883][info] [#0:script\workspace\loading.lua:100]: Preload file at: file:///c%3A/Users/downloader/AppData/Local/nvim-data/lazy/blink.cmp/plugin/blink-cmp.lua , size = 0.728 KB
[12:25:37.884][info] [#0:script\workspace\loading.lua:100]: Preload file at: file:///c%3A/Users/downloader/AppData/Local/nvim-data/lazy/blink.cmp/repro.lua , size = 1.053 KB
[12:25:37.884][info] [#0:script\workspace\loading.lua:100]: Preload file at: file:///c%3A/Users/downloader/AppData/Local/nvim-data/lazy/conform.nvim/lua/conform/dir_manager.lua , size = 1.283 KB
[12:25:37.885][info] [#0:script\workspace\loading.lua:100]: Preload file at: file:///c%3A/Users/downloader/AppData/Local/nvim-data/lazy/conform.nvim/lua/conform/errors.lua , size = 1.478 KB
[12:25:37.886][info] [#0:script\workspace\loading.lua:100]: Preload file at: file:///c%3A/Users/downloader/AppData/Local/nvim-data/lazy/conform.nvim/lua/conform/formatters/air.lua , size = 0.329 KB
[12:25:37.886][info] [#0:script\workspace\loading.lua:100]: Preload file at: file:///c%3A/Users/downloader/AppData/Local/nvim-data/lazy/conform.nvim/lua/conform/formatters/alejandra.lua , size = 0.192 KB
[12:25:37.886][info] [#0:script\workspace\loading.lua:100]: Preload file at: file:///c%3A/Users/downloader/AppData/Local/nvim-data/lazy/conform.nvim/lua/conform/formatters/ansible-lint.lua , size = 0.292 KB
[12:25:37.887][info] [#0:script\workspace\loading.lua:100]: Preload file at: file:///c%3A/Users/downloader/AppData/Local/nvim-data/lazy/conform.nvim/lua/conform/formatters/asmfmt.lua , size = 0.190 KB
[12:25:37.887][info] [#0:script\workspace\loading.lua:100]: Preload file at: file:///c%3A/Users/downloader/AppData/Local/nvim-data/lazy/conform.nvim/lua/conform/formatters/ast-grep.lua , size = 0.339 KB
[12:25:37.887][info] [#0:script\workspace\loading.lua:100]: Preload file at: file:///c%3A/Users/downloader/AppData/Local/nvim-data/lazy/conform.nvim/lua/conform/formatters/astyle.lua , size = 0.384 KB
[12:25:37.887][info] [#0:script\workspace\loading.lua:100]: Preload file at: file:///c%3A/Users/downloader/AppData/Local/nvim-data/lazy/conform.nvim/lua/conform/formatters/autocorrect.lua , size = 0.310 KB
[12:25:37.888][info] [#0:script\workspace\loading.lua:100]: Preload file at: file:///c%3A/Users/downloader/AppData/Local/nvim-data/lazy/conform.nvim/lua/conform/formatters/autoflake.lua , size = 0.275 KB
[12:25:37.888][info] [#0:script\workspace\loading.lua:100]: Preload file at: file:///c%3A/Users/downloader/AppData/Local/nvim-data/lazy/conform.nvim/lua/conform/formatters/autopep8.lua , size = 0.387 KB
[12:25:37.888][info] [#0:script\workspace\loading.lua:100]: Preload file at: file:///c%3A/Users/downloader/AppData/Local/nvim-data/lazy/conform.nvim/lua/conform/formatters/auto_optional.lua , size = 0.281 KB
[12:25:37.889][info] [#0:script\workspace\loading.lua:100]: Preload file at: file:///c%3A/Users/downloader/AppData/Local/nvim-data/lazy/conform.nvim/lua/conform/formatters/awk.lua , size = 0.247 KB
[12:25:37.889][info] [#0:script\workspace\loading.lua:100]: Preload file at: file:///c%3A/Users/downloader/AppData/Local/nvim-data/lazy/conform.nvim/lua/conform/formatters/bake.lua , size = 0.217 KB
[12:25:37.889][info] [#0:script\workspace\loading.lua:100]: Preload file at: file:///c%3A/Users/downloader/AppData/Local/nvim-data/lazy/conform.nvim/lua/conform/formatters/bean-format.lua , size = 0.318 KB
[12:25:37.889][info] [#0:script\workspace\loading.lua:100]: Preload file at: file:///c%3A/Users/downloader/AppData/Local/nvim-data/lazy/conform.nvim/lua/conform/formatters/beautysh.lua , size = 0.210 KB
[12:25:37.890][info] [#0:script\workspace\loading.lua:100]: Preload file at: file:///c%3A/Users/downloader/AppData/Local/nvim-data/lazy/conform.nvim/lua/conform/formatters/bibtex-tidy.lua , size = 0.245 KB
[12:25:37.890][info] [#0:script\workspace\loading.lua:100]: Preload file at: file:///c%3A/Users/downloader/AppData/Local/nvim-data/lazy/conform.nvim/lua/conform/formatters/bicep.lua , size = 0.278 KB
[12:25:37.890][info] [#0:script\workspace\loading.lua:100]: Preload file at: file:///c%3A/Users/downloader/AppData/Local/nvim-data/lazy/conform.nvim/lua/conform/formatters/biome-check.lua , size = 0.562 KB
[12:25:37.891][info] [#0:script\workspace\loading.lua:100]: Preload file at: file:///c%3A/Users/downloader/AppData/Local/nvim-data/lazy/conform.nvim/lua/conform/formatters/biome-organize-imports.lua , size = 0.629 KB
[12:25:37.891][info] [#0:script\workspace\loading.lua:100]: Preload file at: file:///c%3A/Users/downloader/AppData/Local/nvim-data/lazy/conform.nvim/lua/conform/formatters/biome.lua , size = 0.853 KB
[12:25:37.891][info] [#0:script\workspace\loading.lua:100]: Preload file at: file:///c%3A/Users/downloader/AppData/Local/nvim-data/lazy/conform.nvim/lua/conform/formatters/black.lua , size = 0.461 KB
[12:25:37.892][info] [#0:script\workspace\loading.lua:100]: Preload file at: file:///c%3A/Users/downloader/AppData/Local/nvim-data/lazy/conform.nvim/lua/conform/formatters/blade-formatter.lua , size = 0.379 KB
[12:25:37.892][info] [#0:script\workspace\loading.lua:100]: Preload file at: file:///c%3A/Users/downloader/AppData/Local/nvim-data/lazy/conform.nvim/lua/conform/formatters/blue.lua , size = 0.415 KB
[12:25:37.892][info] [#0:script\workspace\loading.lua:100]: Preload file at: file:///c%3A/Users/downloader/AppData/Local/nvim-data/lazy/conform.nvim/lua/conform/formatters/bpfmt.lua , size = 0.254 KB
[12:25:37.893][info] [#0:script\workspace\loading.lua:100]: Preload file at: file:///c%3A/Users/downloader/AppData/Local/nvim-data/lazy/conform.nvim/lua/conform/formatters/bsfmt.lua , size = 0.280 KB
[12:25:37.893][info] [#0:script\workspace\loading.lua:100]: Preload file at: file:///c%3A/Users/downloader/AppData/Local/nvim-data/lazy/conform.nvim/lua/conform/formatters/buf.lua , size = 0.319 KB
[12:25:37.893][info] [#0:script\workspace\loading.lua:100]: Preload file at: file:///c%3A/Users/downloader/AppData/Local/nvim-data/lazy/conform.nvim/lua/conform/formatters/buildifier.lua , size = 0.312 KB
[12:25:37.893][info] [#0:script\workspace\loading.lua:100]: Preload file at: file:///c%3A/Users/downloader/AppData/Local/nvim-data/lazy/conform.nvim/lua/conform/formatters/cabal_fmt.lua , size = 0.218 KB
[12:25:37.893][info] [#0:script\workspace\loading.lua:100]: Preload file at: file:///c%3A/Users/downloader/AppData/Local/nvim-data/lazy/conform.nvim/lua/conform/formatters/caramel_fmt.lua , size = 0.236 KB
[12:25:37.894][info] [#0:script\workspace\loading.lua:100]: Preload file at: file:///c%3A/Users/downloader/AppData/Local/nvim-data/lazy/conform.nvim/lua/conform/formatters/cbfmt.lua , size = 0.422 KB
[12:25:37.894][info] [#0:script\workspace\loading.lua:100]: Preload file at: file:///c%3A/Users/downloader/AppData/Local/nvim-data/lazy/conform.nvim/lua/conform/formatters/cedar.lua , size = 0.195 KB
[12:25:37.894][info] [#0:script\workspace\loading.lua:100]: Preload file at: file:///c%3A/Users/downloader/AppData/Local/nvim-data/lazy/conform.nvim/lua/conform/formatters/clang-format.lua , size = 0.639 KB
[12:25:37.895][info] [#0:script\workspace\loading.lua:100]: Preload file at: file:///c%3A/Users/downloader/AppData/Local/nvim-data/lazy/conform.nvim/lua/conform/formatters/clang_format.lua , size = 0.143 KB
[12:25:37.895][info] [#0:script\workspace\loading.lua:100]: Preload file at: file:///c%3A/Users/downloader/AppData/Local/nvim-data/lazy/conform.nvim/lua/conform/formatters/cljfmt.lua , size = 0.270 KB
[12:25:37.895][info] [#0:script\workspace\loading.lua:100]: Preload file at: file:///c%3A/Users/downloader/AppData/Local/nvim-data/lazy/conform.nvim/lua/conform/formatters/cljstyle.lua , size = 0.262 KB
[12:25:37.895][info] [#0:script\workspace\loading.lua:100]: Preload file at: file:///c%3A/Users/downloader/AppData/Local/nvim-data/lazy/conform.nvim/lua/conform/formatters/cmake_format.lua , size = 0.229 KB
[12:25:37.896][info] [#0:script\workspace\loading.lua:100]: Preload file at: file:///c%3A/Users/downloader/AppData/Local/nvim-data/lazy/conform.nvim/lua/conform/formatters/codeql.lua , size = 0.275 KB
[12:25:37.896][info] [#0:script\workspace\loading.lua:100]: Preload file at: file:///c%3A/Users/downloader/AppData/Local/nvim-data/lazy/conform.nvim/lua/conform/formatters/codespell.lua , size = 0.417 KB
[12:25:37.896][info] [#0:script\workspace\loading.lua:100]: Preload file at: file:///c%3A/Users/downloader/AppData/Local/nvim-data/lazy/conform.nvim/lua/conform/formatters/commitmsgfmt.lua , size = 0.230 KB
[12:25:37.896][info] [#0:script\workspace\loading.lua:100]: Preload file at: file:///c%3A/Users/downloader/AppData/Local/nvim-data/lazy/conform.nvim/lua/conform/formatters/crlfmt.lua , size = 0.262 KB
[12:25:37.897][info] [#0:script\workspace\loading.lua:100]: Preload file at: file:///c%3A/Users/downloader/AppData/Local/nvim-data/lazy/conform.nvim/lua/conform/formatters/crystal.lua , size = 0.215 KB
[12:25:37.897][info] [#0:script\workspace\loading.lua:100]: Preload file at: file:///c%3A/Users/downloader/AppData/Local/nvim-data/lazy/conform.nvim/lua/conform/formatters/csharpier.lua , size = 0.926 KB
[12:25:37.897][info] [#0:script\workspace\loading.lua:100]: Preload file at: file:///c%3A/Users/downloader/AppData/Local/nvim-data/lazy/conform.nvim/lua/conform/formatters/css_beautify.lua , size = 0.523 KB
[12:25:37.898][info] [#0:script\workspace\loading.lua:100]: Preload file at: file:///c%3A/Users/downloader/AppData/Local/nvim-data/lazy/conform.nvim/lua/conform/formatters/cue_fmt.lua , size = 0.215 KB
[12:25:37.898][info] [#0:script\workspace\loading.lua:100]: Preload file at: file:///c%3A/Users/downloader/AppData/Local/nvim-data/lazy/conform.nvim/lua/conform/formatters/d2.lua , size = 0.275 KB
[12:25:37.898][info] [#0:script\workspace\loading.lua:100]: Preload file at: file:///c%3A/Users/downloader/AppData/Local/nvim-data/lazy/conform.nvim/lua/conform/formatters/darker.lua , size = 0.865 KB
[12:25:37.899][info] [#0:script\workspace\loading.lua:100]: Preload file at: file:///c%3A/Users/downloader/AppData/Local/nvim-data/lazy/conform.nvim/lua/conform/formatters/dart_format.lua , size = 0.402 KB
[12:25:37.899][info] [#0:script\workspace\loading.lua:100]: Preload file at: file:///c%3A/Users/downloader/AppData/Local/nvim-data/lazy/conform.nvim/lua/conform/formatters/dcm_fix.lua , size = 0.297 KB
[12:25:37.899][info] [#0:script\workspace\loading.lua:100]: Preload file at: file:///c%3A/Users/downloader/AppData/Local/nvim-data/lazy/conform.nvim/lua/conform/formatters/dcm_format.lua , size = 0.254 KB
[12:25:37.899][info] [#0:script\workspace\loading.lua:100]: Preload file at: file:///c%3A/Users/downloader/AppData/Local/nvim-data/lazy/conform.nvim/lua/conform/formatters/deno_fmt.lua , size = 1.534 KB
[12:25:37.900][info] [#0:script\workspace\loading.lua:100]: Preload file at: file:///c%3A/Users/downloader/AppData/Local/nvim-data/lazy/conform.nvim/lua/conform/formatters/dfmt.lua , size = 0.183 KB
[12:25:37.900][info] [#0:script\workspace\loading.lua:100]: Preload file at: file:///c%3A/Users/downloader/AppData/Local/nvim-data/lazy/conform.nvim/lua/conform/formatters/dioxus.lua , size = 0.324 KB
[12:25:37.900][info] [#0:script\workspace\loading.lua:100]: Preload file at: file:///c%3A/Users/downloader/AppData/Local/nvim-data/lazy/conform.nvim/lua/conform/formatters/djlint.lua , size = 0.375 KB
[12:25:37.901][info] [#0:script\workspace\loading.lua:100]: Preload file at: file:///c%3A/Users/downloader/AppData/Local/nvim-data/lazy/conform.nvim/lua/conform/formatters/docformatter.lua , size = 0.332 KB
[12:25:37.901][info] [#0:script\workspace\loading.lua:100]: Preload file at: file:///c%3A/Users/downloader/AppData/Local/nvim-data/lazy/conform.nvim/lua/conform/formatters/dockerfmt.lua , size = 0.194 KB
[12:25:37.901][info] [#0:script\workspace\loading.lua:100]: Preload file at: file:///c%3A/Users/downloader/AppData/Local/nvim-data/lazy/conform.nvim/lua/conform/formatters/docstrfmt.lua , size = 0.204 KB
[12:25:37.901][info] [#0:script\workspace\loading.lua:100]: Preload file at: file:///c%3A/Users/downloader/AppData/Local/nvim-data/lazy/conform.nvim/lua/conform/formatters/doctoc.lua , size = 0.274 KB
[12:25:37.902][info] [#0:script\workspace\loading.lua:100]: Preload file at: file:///c%3A/Users/downloader/AppData/Local/nvim-data/lazy/conform.nvim/lua/conform/formatters/dprint.lua , size = 0.428 KB
[12:25:37.902][info] [#0:script\workspace\loading.lua:100]: Preload file at: file:///c%3A/Users/downloader/AppData/Local/nvim-data/lazy/conform.nvim/lua/conform/formatters/easy-coding-standard.lua , size = 0.484 KB
[12:25:37.902][info] [#0:script\workspace\loading.lua:100]: Preload file at: file:///c%3A/Users/downloader/AppData/Local/nvim-data/lazy/conform.nvim/lua/conform/formatters/efmt.lua , size = 0.199 KB
[12:25:37.903][info] [#0:script\workspace\loading.lua:100]: Preload file at: file:///c%3A/Users/downloader/AppData/Local/nvim-data/lazy/conform.nvim/lua/conform/formatters/elm_format.lua , size = 0.327 KB
[12:25:37.903][info] [#0:script\workspace\loading.lua:100]: Preload file at: file:///c%3A/Users/downloader/AppData/Local/nvim-data/lazy/conform.nvim/lua/conform/formatters/erb_format.lua , size = 0.227 KB
[12:25:37.903][info] [#0:script\workspace\loading.lua:100]: Preload file at: file:///c%3A/Users/downloader/AppData/Local/nvim-data/lazy/conform.nvim/lua/conform/formatters/erlfmt.lua , size = 0.238 KB
[12:25:37.903][info] [#0:script\workspace\loading.lua:100]: Preload file at: file:///c%3A/Users/downloader/AppData/Local/nvim-data/lazy/conform.nvim/lua/conform/formatters/eslint_d.lua , size = 0.366 KB
[12:25:37.904][info] [#0:script\workspace\loading.lua:100]: Preload file at: file:///c%3A/Users/downloader/AppData/Local/nvim-data/lazy/conform.nvim/lua/conform/formatters/fantomas.lua , size = 0.225 KB
[12:25:37.904][info] [#0:script\workspace\loading.lua:100]: Preload file at: file:///c%3A/Users/downloader/AppData/Local/nvim-data/lazy/conform.nvim/lua/conform/formatters/findent.lua , size = 0.212 KB
[12:25:37.904][info] [#0:script\workspace\loading.lua:100]: Preload file at: file:///c%3A/Users/downloader/AppData/Local/nvim-data/lazy/conform.nvim/lua/conform/formatters/fish_indent.lua , size = 0.228 KB
[12:25:37.904][info] [#0:script\workspace\loading.lua:100]: Preload file at: file:///c%3A/Users/downloader/AppData/Local/nvim-data/lazy/conform.nvim/lua/conform/formatters/fixjson.lua , size = 0.194 KB
[12:25:37.904][info] [#0:script\workspace\loading.lua:100]: Preload file at: file:///c%3A/Users/downloader/AppData/Local/nvim-data/lazy/conform.nvim/lua/conform/formatters/fnlfmt.lua , size = 0.199 KB
[12:25:37.905][info] [#0:script\workspace\loading.lua:100]: Preload file at: file:///c%3A/Users/downloader/AppData/Local/nvim-data/lazy/conform.nvim/lua/conform/formatters/forge_fmt.lua , size = 0.309 KB
[12:25:37.905][info] [#0:script\workspace\loading.lua:100]: Preload file at: file:///c%3A/Users/downloader/AppData/Local/nvim-data/lazy/conform.nvim/lua/conform/formatters/format-dune-file.lua , size = 0.223 KB
[12:25:37.905][info] [#0:script\workspace\loading.lua:100]: Preload file at: file:///c%3A/Users/downloader/AppData/Local/nvim-data/lazy/conform.nvim/lua/conform/formatters/format-queries.lua , size = 1.129 KB
[12:25:37.906][info] [#0:script\workspace\loading.lua:100]: Preload file at: file:///c%3A/Users/downloader/AppData/Local/nvim-data/lazy/conform.nvim/lua/conform/formatters/fourmolu.lua , size = 0.310 KB
[12:25:37.906][info] [#0:script\workspace\loading.lua:100]: Preload file at: file:///c%3A/Users/downloader/AppData/Local/nvim-data/lazy/conform.nvim/lua/conform/formatters/fprettify.lua , size = 0.403 KB
[12:25:37.906][info] [#0:script\workspace\loading.lua:100]: Preload file at: file:///c%3A/Users/downloader/AppData/Local/nvim-data/lazy/conform.nvim/lua/conform/formatters/gawk.lua , size = 0.226 KB
[12:25:37.906][info] [#0:script\workspace\loading.lua:100]: Preload file at: file:///c%3A/Users/downloader/AppData/Local/nvim-data/lazy/conform.nvim/lua/conform/formatters/gci.lua , size = 0.316 KB
[12:25:37.907][info] [#0:script\workspace\loading.lua:100]: Preload file at: file:///c%3A/Users/downloader/AppData/Local/nvim-data/lazy/conform.nvim/lua/conform/formatters/gdformat.lua , size = 0.217 KB
[12:25:37.907][info] [#0:script\workspace\loading.lua:100]: Preload file at: file:///c%3A/Users/downloader/AppData/Local/nvim-data/lazy/conform.nvim/lua/conform/formatters/gdscript-formatter.lua , size = 0.223 KB
[12:25:37.907][info] [#0:script\workspace\loading.lua:100]: Preload file at: file:///c%3A/Users/downloader/AppData/Local/nvim-data/lazy/conform.nvim/lua/conform/formatters/gersemi.lua , size = 0.315 KB
[12:25:37.908][info] [#0:script\workspace\loading.lua:100]: Preload file at: file:///c%3A/Users/downloader/AppData/Local/nvim-data/lazy/conform.nvim/lua/conform/formatters/ghdl.lua , size = 0.254 KB
[12:25:37.908][info] [#0:script\workspace\loading.lua:100]: Preload file at: file:///c%3A/Users/downloader/AppData/Local/nvim-data/lazy/conform.nvim/lua/conform/formatters/ghokin.lua , size = 0.257 KB
[12:25:37.908][info] [#0:script\workspace\loading.lua:100]: Preload file at: file:///c%3A/Users/downloader/AppData/Local/nvim-data/lazy/conform.nvim/lua/conform/formatters/gleam.lua , size = 0.252 KB
[12:25:37.908][info] [#0:script\workspace\loading.lua:100]: Preload file at: file:///c%3A/Users/downloader/AppData/Local/nvim-data/lazy/conform.nvim/lua/conform/formatters/gluon_fmt.lua , size = 0.251 KB
[12:25:37.908][info] [#0:script\workspace\loading.lua:100]: Preload file at: file:///c%3A/Users/downloader/AppData/Local/nvim-data/lazy/conform.nvim/lua/conform/formatters/gn.lua , size = 0.194 KB
[12:25:37.909][info] [#0:script\workspace\loading.lua:100]: Preload file at: file:///c%3A/Users/downloader/AppData/Local/nvim-data/lazy/conform.nvim/lua/conform/formatters/gofmt.lua , size = 0.165 KB
[12:25:37.909][info] [#0:script\workspace\loading.lua:100]: Preload file at: file:///c%3A/Users/downloader/AppData/Local/nvim-data/lazy/conform.nvim/lua/conform/formatters/gofumpt.lua , size = 0.300 KB
[12:25:37.909][info] [#0:script\workspace\loading.lua:100]: Preload file at: file:///c%3A/Users/downloader/AppData/Local/nvim-data/lazy/conform.nvim/lua/conform/formatters/goimports-reviser.lua , size = 0.293 KB
[12:25:37.909][info] [#0:script\workspace\loading.lua:100]: Preload file at: file:///c%3A/Users/downloader/AppData/Local/nvim-data/lazy/conform.nvim/lua/conform/formatters/goimports.lua , size = 0.286 KB
[12:25:37.910][info] [#0:script\workspace\loading.lua:100]: Preload file at: file:///c%3A/Users/downloader/AppData/Local/nvim-data/lazy/conform.nvim/lua/conform/formatters/gojq.lua , size = 0.176 KB
[12:25:37.910][info] [#0:script\workspace\loading.lua:100]: Preload file at: file:///c%3A/Users/downloader/AppData/Local/nvim-data/lazy/conform.nvim/lua/conform/formatters/golangci-lint.lua , size = 0.248 KB
[12:25:37.910][info] [#0:script\workspace\loading.lua:100]: Preload file at: file:///c%3A/Users/downloader/AppData/Local/nvim-data/lazy/conform.nvim/lua/conform/formatters/golines.lua , size = 0.195 KB
[12:25:37.910][info] [#0:script\workspace\loading.lua:100]: Preload file at: file:///c%3A/Users/downloader/AppData/Local/nvim-data/lazy/conform.nvim/lua/conform/formatters/google-java-format.lua , size = 0.248 KB
[12:25:37.910][info] [#0:script\workspace\loading.lua:100]: Preload file at: file:///c%3A/Users/downloader/AppData/Local/nvim-data/lazy/conform.nvim/lua/conform/formatters/grain_format.lua , size = 0.274 KB
[12:25:37.911][info] [#0:script\workspace\loading.lua:100]: Preload file at: file:///c%3A/Users/downloader/AppData/Local/nvim-data/lazy/conform.nvim/lua/conform/formatters/hcl.lua , size = 0.176 KB
[12:25:37.911][info] [#0:script\workspace\loading.lua:100]: Preload file at: file:///c%3A/Users/downloader/AppData/Local/nvim-data/lazy/conform.nvim/lua/conform/formatters/hindent.lua , size = 0.224 KB
[12:25:37.911][info] [#0:script\workspace\loading.lua:100]: Preload file at: file:///c%3A/Users/downloader/AppData/Local/nvim-data/lazy/conform.nvim/lua/conform/formatters/hledger-fmt.lua , size = 0.254 KB
[12:25:37.911][info] [#0:script\workspace\loading.lua:100]: Preload file at: file:///c%3A/Users/downloader/AppData/Local/nvim-data/lazy/conform.nvim/lua/conform/formatters/htmlbeautifier.lua , size = 0.276 KB
[12:25:37.911][info] [#0:script\workspace\loading.lua:100]: Preload file at: file:///c%3A/Users/downloader/AppData/Local/nvim-data/lazy/conform.nvim/lua/conform/formatters/html_beautify.lua , size = 0.526 KB
[12:25:37.912][info] [#0:script\workspace\loading.lua:100]: Preload file at: file:///c%3A/Users/downloader/AppData/Local/nvim-data/lazy/conform.nvim/lua/conform/formatters/hurlfmt.lua , size = 0.155 KB
[12:25:37.912][info] [#0:script\workspace\loading.lua:100]: Preload file at: file:///c%3A/Users/downloader/AppData/Local/nvim-data/lazy/conform.nvim/lua/conform/formatters/imba_fmt.lua , size = 0.290 KB
[12:25:37.912][info] [#0:script\workspace\loading.lua:100]: Preload file at: file:///c%3A/Users/downloader/AppData/Local/nvim-data/lazy/conform.nvim/lua/conform/formatters/indent.lua , size = 0.181 KB
[12:25:37.913][info] [#0:script\workspace\loading.lua:100]: Preload file at: file:///c%3A/Users/downloader/AppData/Local/nvim-data/lazy/conform.nvim/lua/conform/formatters/init.lua , size = 1.160 KB
[12:25:37.913][info] [#0:script\workspace\loading.lua:100]: Preload file at: file:///c%3A/Users/downloader/AppData/Local/nvim-data/lazy/conform.nvim/lua/conform/formatters/injected.lua , size = 13.928 KB
[12:25:37.918][info] [#0:script\workspace\loading.lua:100]: Preload file at: file:///c%3A/Users/downloader/AppData/Local/nvim-data/lazy/conform.nvim/lua/conform/formatters/inko.lua , size = 0.221 KB
[12:25:37.919][info] [#0:script\workspace\loading.lua:100]: Preload file at: file:///c%3A/Users/downloader/AppData/Local/nvim-data/lazy/conform.nvim/lua/conform/formatters/isort.lua , size = 0.683 KB
[12:25:37.919][info] [#0:script\workspace\loading.lua:100]: Preload file at: file:///c%3A/Users/downloader/AppData/Local/nvim-data/lazy/conform.nvim/lua/conform/formatters/janet-format.lua , size = 0.200 KB
[12:25:37.919][info] [#0:script\workspace\loading.lua:100]: Preload file at: file:///c%3A/Users/downloader/AppData/Local/nvim-data/lazy/conform.nvim/lua/conform/formatters/joker.lua , size = 0.237 KB
[12:25:37.919][info] [#0:script\workspace\loading.lua:100]: Preload file at: file:///c%3A/Users/downloader/AppData/Local/nvim-data/lazy/conform.nvim/lua/conform/formatters/jq.lua , size = 0.271 KB
[12:25:37.920][info] [#0:script\workspace\loading.lua:100]: Preload file at: file:///c%3A/Users/downloader/AppData/Local/nvim-data/lazy/conform.nvim/lua/conform/formatters/jsonnetfmt.lua , size = 0.274 KB
[12:25:37.920][info] [#0:script\workspace\loading.lua:100]: Preload file at: file:///c%3A/Users/downloader/AppData/Local/nvim-data/lazy/conform.nvim/lua/conform/formatters/json_repair.lua , size = 0.226 KB
[12:25:37.920][info] [#0:script\workspace\loading.lua:100]: Preload file at: file:///c%3A/Users/downloader/AppData/Local/nvim-data/lazy/conform.nvim/lua/conform/formatters/js_beautify.lua , size = 0.528 KB
[12:25:37.921][info] [#0:script\workspace\loading.lua:100]: Preload file at: file:///c%3A/Users/downloader/AppData/Local/nvim-data/lazy/conform.nvim/lua/conform/formatters/just.lua , size = 0.195 KB
[12:25:37.921][info] [#0:script\workspace\loading.lua:100]: Preload file at: file:///c%3A/Users/downloader/AppData/Local/nvim-data/lazy/conform.nvim/lua/conform/formatters/kcl.lua , size = 0.279 KB
[12:25:37.921][info] [#0:script\workspace\loading.lua:100]: Preload file at: file:///c%3A/Users/downloader/AppData/Local/nvim-data/lazy/conform.nvim/lua/conform/formatters/kdlfmt.lua , size = 0.225 KB
[12:25:37.921][info] [#0:script\workspace\loading.lua:100]: Preload file at: file:///c%3A/Users/downloader/AppData/Local/nvim-data/lazy/conform.nvim/lua/conform/formatters/keep-sorted.lua , size = 0.275 KB
[12:25:37.922][info] [#0:script\workspace\loading.lua:100]: Preload file at: file:///c%3A/Users/downloader/AppData/Local/nvim-data/lazy/conform.nvim/lua/conform/formatters/ktfmt.lua , size = 0.252 KB
[12:25:37.922][info] [#0:script\workspace\loading.lua:100]: Preload file at: file:///c%3A/Users/downloader/AppData/Local/nvim-data/lazy/conform.nvim/lua/conform/formatters/ktlint.lua , size = 0.256 KB
[12:25:37.922][info] [#0:script\workspace\loading.lua:100]: Preload file at: file:///c%3A/Users/downloader/AppData/Local/nvim-data/lazy/conform.nvim/lua/conform/formatters/kulala-fmt.lua , size = 0.272 KB
[12:25:37.923][info] [#0:script\workspace\loading.lua:100]: Preload file at: file:///c%3A/Users/downloader/AppData/Local/nvim-data/lazy/conform.nvim/lua/conform/formatters/latexindent.lua , size = 0.407 KB
[12:25:37.923][info] [#0:script\workspace\loading.lua:100]: Preload file at: file:///c%3A/Users/downloader/AppData/Local/nvim-data/lazy/conform.nvim/lua/conform/formatters/leptosfmt.lua , size = 0.219 KB
[12:25:37.923][info] [#0:script\workspace\loading.lua:100]: Preload file at: file:///c%3A/Users/downloader/AppData/Local/nvim-data/lazy/conform.nvim/lua/conform/formatters/liquidsoap-prettier.lua , size = 0.320 KB
[12:25:37.923][info] [#0:script\workspace\loading.lua:100]: Preload file at: file:///c%3A/Users/downloader/AppData/Local/nvim-data/lazy/conform.nvim/lua/conform/formatters/llf.lua , size = 0.189 KB
[12:25:37.924][info] [#0:script\workspace\loading.lua:100]: Preload file at: file:///c%3A/Users/downloader/AppData/Local/nvim-data/lazy/conform.nvim/lua/conform/formatters/lua-format.lua , size = 0.198 KB
[12:25:37.924][info] [#0:script\workspace\loading.lua:100]: Preload file at: file:///c%3A/Users/downloader/AppData/Local/nvim-data/lazy/conform.nvim/lua/conform/formatters/mago_format.lua , size = 0.311 KB
[12:25:37.924][info] [#0:script\workspace\loading.lua:100]: Preload file at: file:///c%3A/Users/downloader/AppData/Local/nvim-data/lazy/conform.nvim/lua/conform/formatters/mago_lint.lua , size = 0.326 KB
[12:25:37.924][info] [#0:script\workspace\loading.lua:100]: Preload file at: file:///c%3A/Users/downloader/AppData/Local/nvim-data/lazy/conform.nvim/lua/conform/formatters/markdown-toc.lua , size = 0.563 KB
[12:25:37.925][info] [#0:script\workspace\loading.lua:100]: Preload file at: file:///c%3A/Users/downloader/AppData/Local/nvim-data/lazy/conform.nvim/lua/conform/formatters/markdownfmt.lua , size = 0.190 KB
[12:25:37.925][info] [#0:script\workspace\loading.lua:100]: Preload file at: file:///c%3A/Users/downloader/AppData/Local/nvim-data/lazy/conform.nvim/lua/conform/formatters/markdownlint-cli2.lua , size = 0.457 KB
[12:25:37.925][info] [#0:script\workspace\loading.lua:100]: Preload file at: file:///c%3A/Users/downloader/AppData/Local/nvim-data/lazy/conform.nvim/lua/conform/formatters/markdownlint.lua , size = 0.381 KB
[12:25:37.925][info] [#0:script\workspace\loading.lua:100]: Preload file at: file:///c%3A/Users/downloader/AppData/Local/nvim-data/lazy/conform.nvim/lua/conform/formatters/mdformat.lua , size = 0.214 KB
[12:25:37.926][info] [#0:script\workspace\loading.lua:100]: Preload file at: file:///c%3A/Users/downloader/AppData/Local/nvim-data/lazy/conform.nvim/lua/conform/formatters/mdsf.lua , size = 0.263 KB
[12:25:37.926][info] [#0:script\workspace\loading.lua:100]: Preload file at: file:///c%3A/Users/downloader/AppData/Local/nvim-data/lazy/conform.nvim/lua/conform/formatters/mdslw.lua , size = 0.232 KB
[12:25:37.926][info] [#0:script\workspace\loading.lua:100]: Preload file at: file:///c%3A/Users/downloader/AppData/Local/nvim-data/lazy/conform.nvim/lua/conform/formatters/meson.lua , size = 0.239 KB
[12:25:37.926][info] [#0:script\workspace\loading.lua:100]: Preload file at: file:///c%3A/Users/downloader/AppData/Local/nvim-data/lazy/conform.nvim/lua/conform/formatters/mh_style.lua , size = 0.311 KB
[12:25:37.927][info] [#0:script\workspace\loading.lua:100]: Preload file at: file:///c%3A/Users/downloader/AppData/Local/nvim-data/lazy/conform.nvim/lua/conform/formatters/mix.lua , size = 0.335 KB
[12:25:37.927][info] [#0:script\workspace\loading.lua:100]: Preload file at: file:///c%3A/Users/downloader/AppData/Local/nvim-data/lazy/conform.nvim/lua/conform/formatters/mojo_format.lua , size = 0.265 KB
[12:25:37.927][info] [#0:script\workspace\loading.lua:100]: Preload file at: file:///c%3A/Users/downloader/AppData/Local/nvim-data/lazy/conform.nvim/lua/conform/formatters/nginxfmt.lua , size = 0.276 KB
[12:25:37.927][info] [#0:script\workspace\loading.lua:100]: Preload file at: file:///c%3A/Users/downloader/AppData/Local/nvim-data/lazy/conform.nvim/lua/conform/formatters/nickel.lua , size = 0.244 KB
[12:25:37.928][info] [#0:script\workspace\loading.lua:100]: Preload file at: file:///c%3A/Users/downloader/AppData/Local/nvim-data/lazy/conform.nvim/lua/conform/formatters/nimpretty.lua , size = 0.272 KB
[12:25:37.928][info] [#0:script\workspace\loading.lua:100]: Preload file at: file:///c%3A/Users/downloader/AppData/Local/nvim-data/lazy/conform.nvim/lua/conform/formatters/nixfmt.lua , size = 0.185 KB
[12:25:37.928][info] [#0:script\workspace\loading.lua:100]: Preload file at: file:///c%3A/Users/downloader/AppData/Local/nvim-data/lazy/conform.nvim/lua/conform/formatters/nixpkgs_fmt.lua , size = 0.214 KB
[12:25:37.928][info] [#0:script\workspace\loading.lua:100]: Preload file at: file:///c%3A/Users/downloader/AppData/Local/nvim-data/lazy/conform.nvim/lua/conform/formatters/nomad_fmt.lua , size = 0.299 KB
[12:25:37.928][info] [#0:script\workspace\loading.lua:100]: Preload file at: file:///c%3A/Users/downloader/AppData/Local/nvim-data/lazy/conform.nvim/lua/conform/formatters/nph.lua , size = 0.220 KB
[12:25:37.929][info] [#0:script\workspace\loading.lua:100]: Preload file at: file:///c%3A/Users/downloader/AppData/Local/nvim-data/lazy/conform.nvim/lua/conform/formatters/npm-groovy-lint.lua , size = 0.466 KB
[12:25:37.929][info] [#0:script\workspace\loading.lua:100]: Preload file at: file:///c%3A/Users/downloader/AppData/Local/nvim-data/lazy/conform.nvim/lua/conform/formatters/nufmt.lua , size = 0.213 KB
[12:25:37.929][info] [#0:script\workspace\loading.lua:100]: Preload file at: file:///c%3A/Users/downloader/AppData/Local/nvim-data/lazy/conform.nvim/lua/conform/formatters/ocamlformat.lua , size = 0.269 KB
[12:25:37.930][info] [#0:script\workspace\loading.lua:100]: Preload file at: file:///c%3A/Users/downloader/AppData/Local/nvim-data/lazy/conform.nvim/lua/conform/formatters/ocp-indent.lua , size = 0.203 KB
[12:25:37.930][info] [#0:script\workspace\loading.lua:100]: Preload file at: file:///c%3A/Users/downloader/AppData/Local/nvim-data/lazy/conform.nvim/lua/conform/formatters/odinfmt.lua , size = 0.517 KB
[12:25:37.930][info] [#0:script\workspace\loading.lua:100]: Preload file at: file:///c%3A/Users/downloader/AppData/Local/nvim-data/lazy/conform.nvim/lua/conform/formatters/opa_fmt.lua , size = 0.231 KB
[12:25:37.930][info] [#0:script\workspace\loading.lua:100]: Preload file at: file:///c%3A/Users/downloader/AppData/Local/nvim-data/lazy/conform.nvim/lua/conform/formatters/ormolu.lua , size = 0.258 KB
[12:25:37.931][info] [#0:script\workspace\loading.lua:100]: Preload file at: file:///c%3A/Users/downloader/AppData/Local/nvim-data/lazy/conform.nvim/lua/conform/formatters/oxfmt.lua , size = 0.507 KB
[12:25:37.931][info] [#0:script\workspace\loading.lua:100]: Preload file at: file:///c%3A/Users/downloader/AppData/Local/nvim-data/lazy/conform.nvim/lua/conform/formatters/oxlint.lua , size = 0.320 KB
[12:25:37.931][info] [#0:script\workspace\loading.lua:100]: Preload file at: file:///c%3A/Users/downloader/AppData/Local/nvim-data/lazy/conform.nvim/lua/conform/formatters/packer_fmt.lua , size = 0.301 KB
[12:25:37.931][info] [#0:script\workspace\loading.lua:100]: Preload file at: file:///c%3A/Users/downloader/AppData/Local/nvim-data/lazy/conform.nvim/lua/conform/formatters/palantir-java-format.lua , size = 0.266 KB
[12:25:37.932][info] [#0:script\workspace\loading.lua:100]: Preload file at: file:///c%3A/Users/downloader/AppData/Local/nvim-data/lazy/conform.nvim/lua/conform/formatters/pangu.lua , size = 0.221 KB
[12:25:37.932][info] [#0:script\workspace\loading.lua:100]: Preload file at: file:///c%3A/Users/downloader/AppData/Local/nvim-data/lazy/conform.nvim/lua/conform/formatters/pasfmt.lua , size = 0.228 KB
[12:25:37.932][info] [#0:script\workspace\loading.lua:100]: Preload file at: file:///c%3A/Users/downloader/AppData/Local/nvim-data/lazy/conform.nvim/lua/conform/formatters/perlimports.lua , size = 0.271 KB
[12:25:37.932][info] [#0:script\workspace\loading.lua:100]: Preload file at: file:///c%3A/Users/downloader/AppData/Local/nvim-data/lazy/conform.nvim/lua/conform/formatters/perltidy.lua , size = 0.224 KB
[12:25:37.933][info] [#0:script\workspace\loading.lua:100]: Preload file at: file:///c%3A/Users/downloader/AppData/Local/nvim-data/lazy/conform.nvim/lua/conform/formatters/pg_format.lua , size = 0.190 KB
[12:25:37.933][info] [#0:script\workspace\loading.lua:100]: Preload file at: file:///c%3A/Users/downloader/AppData/Local/nvim-data/lazy/conform.nvim/lua/conform/formatters/phpcbf.lua , size = 0.604 KB
[12:25:37.933][info] [#0:script\workspace\loading.lua:100]: Preload file at: file:///c%3A/Users/downloader/AppData/Local/nvim-data/lazy/conform.nvim/lua/conform/formatters/phpinsights.lua , size = 0.465 KB
[12:25:37.934][info] [#0:script\workspace\loading.lua:100]: Preload file at: file:///c%3A/Users/downloader/AppData/Local/nvim-data/lazy/conform.nvim/lua/conform/formatters/php_cs_fixer.lua , size = 0.436 KB
[12:25:37.934][info] [#0:script\workspace\loading.lua:100]: Preload file at: file:///c%3A/Users/downloader/AppData/Local/nvim-data/lazy/conform.nvim/lua/conform/formatters/pint.lua , size = 0.344 KB
[12:25:37.934][info] [#0:script\workspace\loading.lua:100]: Preload file at: file:///c%3A/Users/downloader/AppData/Local/nvim-data/lazy/conform.nvim/lua/conform/formatters/pkl.lua , size = 0.232 KB
[12:25:37.934][info] [#0:script\workspace\loading.lua:100]: Preload file at: file:///c%3A/Users/downloader/AppData/Local/nvim-data/lazy/conform.nvim/lua/conform/formatters/prettier.lua , size = 2.399 KB
[12:25:37.935][info] [#0:script\workspace\loading.lua:100]: Preload file at: file:///c%3A/Users/downloader/AppData/Local/nvim-data/lazy/conform.nvim/lua/conform/formatters/prettierd.lua , size = 1.989 KB
[12:25:37.936][info] [#0:script\workspace\loading.lua:100]: Preload file at: file:///c%3A/Users/downloader/AppData/Local/nvim-data/lazy/conform.nvim/lua/conform/formatters/pretty-php.lua , size = 0.327 KB
[12:25:37.937][info] [#0:script\workspace\loading.lua:100]: Preload file at: file:///c%3A/Users/downloader/AppData/Local/nvim-data/lazy/conform.nvim/lua/conform/formatters/prettypst.lua , size = 0.241 KB
[12:25:37.937][info] [#0:script\workspace\loading.lua:100]: Preload file at: file:///c%3A/Users/downloader/AppData/Local/nvim-data/lazy/conform.nvim/lua/conform/formatters/prolog.lua , size = 0.270 KB
[12:25:37.937][info] [#0:script\workspace\loading.lua:100]: Preload file at: file:///c%3A/Users/downloader/AppData/Local/nvim-data/lazy/conform.nvim/lua/conform/formatters/puppet-lint.lua , size = 0.298 KB
[12:25:37.937][info] [#0:script\workspace\loading.lua:100]: Preload file at: file:///c%3A/Users/downloader/AppData/Local/nvim-data/lazy/conform.nvim/lua/conform/formatters/purs-tidy.lua , size = 0.239 KB
[12:25:37.938][info] [#0:script\workspace\loading.lua:100]: Preload file at: file:///c%3A/Users/downloader/AppData/Local/nvim-data/lazy/conform.nvim/lua/conform/formatters/pycln.lua , size = 0.367 KB
[12:25:37.938][info] [#0:script\workspace\loading.lua:100]: Preload file at: file:///c%3A/Users/downloader/AppData/Local/nvim-data/lazy/conform.nvim/lua/conform/formatters/pyink.lua , size = 0.321 KB
[12:25:37.938][info] [#0:script\workspace\loading.lua:100]: Preload file at: file:///c%3A/Users/downloader/AppData/Local/nvim-data/lazy/conform.nvim/lua/conform/formatters/pymarkdownlnt.lua , size = 0.281 KB
[12:25:37.938][info] [#0:script\workspace\loading.lua:100]: Preload file at: file:///c%3A/Users/downloader/AppData/Local/nvim-data/lazy/conform.nvim/lua/conform/formatters/pyproject-fmt.lua , size = 0.467 KB
[12:25:37.939][info] [#0:script\workspace\loading.lua:100]: Preload file at: file:///c%3A/Users/downloader/AppData/Local/nvim-data/lazy/conform.nvim/lua/conform/formatters/python-ly.lua , size = 0.292 KB
[12:25:37.939][info] [#0:script\workspace\loading.lua:100]: Preload file at: file:///c%3A/Users/downloader/AppData/Local/nvim-data/lazy/conform.nvim/lua/conform/formatters/pyupgrade.lua , size = 0.448 KB
[12:25:37.939][info] [#0:script\workspace\loading.lua:100]: Preload file at: file:///c%3A/Users/downloader/AppData/Local/nvim-data/lazy/conform.nvim/lua/conform/formatters/qmlformat.lua , size = 0.264 KB
[12:25:37.940][info] [#0:script\workspace\loading.lua:100]: Preload file at: file:///c%3A/Users/downloader/AppData/Local/nvim-data/lazy/conform.nvim/lua/conform/formatters/racketfmt.lua , size = 0.193 KB
[12:25:37.940][info] [#0:script\workspace\loading.lua:100]: Preload file at: file:///c%3A/Users/downloader/AppData/Local/nvim-data/lazy/conform.nvim/lua/conform/formatters/reformat-gherkin.lua , size = 0.239 KB
[12:25:37.940][info] [#0:script\workspace\loading.lua:100]: Preload file at: file:///c%3A/Users/downloader/AppData/Local/nvim-data/lazy/conform.nvim/lua/conform/formatters/reorder-python-imports.lua , size = 0.287 KB
[12:25:37.940][info] [#0:script\workspace\loading.lua:100]: Preload file at: file:///c%3A/Users/downloader/AppData/Local/nvim-data/lazy/conform.nvim/lua/conform/formatters/rescript-format.lua , size = 0.840 KB
[12:25:37.941][info] [#0:script\workspace\loading.lua:100]: Preload file at: file:///c%3A/Users/downloader/AppData/Local/nvim-data/lazy/conform.nvim/lua/conform/formatters/roc.lua , size = 0.244 KB
[12:25:37.941][info] [#0:script\workspace\loading.lua:100]: Preload file at: file:///c%3A/Users/downloader/AppData/Local/nvim-data/lazy/conform.nvim/lua/conform/formatters/rstfmt.lua , size = 0.223 KB
[12:25:37.941][info] [#0:script\workspace\loading.lua:100]: Preload file at: file:///c%3A/Users/downloader/AppData/Local/nvim-data/lazy/conform.nvim/lua/conform/formatters/rubocop.lua , size = 0.367 KB
[12:25:37.942][info] [#0:script\workspace\loading.lua:100]: Preload file at: file:///c%3A/Users/downloader/AppData/Local/nvim-data/lazy/conform.nvim/lua/conform/formatters/rubyfmt.lua , size = 0.158 KB
[12:25:37.942][info] [#0:script\workspace\loading.lua:100]: Preload file at: file:///c%3A/Users/downloader/AppData/Local/nvim-data/lazy/conform.nvim/lua/conform/formatters/ruff.lua , size = 0.135 KB
[12:25:37.942][info] [#0:script\workspace\loading.lua:100]: Preload file at: file:///c%3A/Users/downloader/AppData/Local/nvim-data/lazy/conform.nvim/lua/conform/formatters/ruff_fix.lua , size = 0.478 KB
[12:25:37.942][info] [#0:script\workspace\loading.lua:100]: Preload file at: file:///c%3A/Users/downloader/AppData/Local/nvim-data/lazy/conform.nvim/lua/conform/formatters/ruff_format.lua , size = 0.775 KB
[12:25:37.943][info] [#0:script\workspace\loading.lua:100]: Preload file at: file:///c%3A/Users/downloader/AppData/Local/nvim-data/lazy/conform.nvim/lua/conform/formatters/ruff_organize_imports.lua , size = 0.499 KB
[12:25:37.943][info] [#0:script\workspace\loading.lua:100]: Preload file at: file:///c%3A/Users/downloader/AppData/Local/nvim-data/lazy/conform.nvim/lua/conform/formatters/rufo.lua , size = 0.180 KB
[12:25:37.943][info] [#0:script\workspace\loading.lua:100]: Preload file at: file:///c%3A/Users/downloader/AppData/Local/nvim-data/lazy/conform.nvim/lua/conform/formatters/rumdl.lua , size = 0.232 KB
[12:25:37.944][info] [#0:script\workspace\loading.lua:100]: Preload file at: file:///c%3A/Users/downloader/AppData/Local/nvim-data/lazy/conform.nvim/lua/conform/formatters/runic.lua , size = 0.291 KB
[12:25:37.944][info] [#0:script\workspace\loading.lua:100]: Preload file at: file:///c%3A/Users/downloader/AppData/Local/nvim-data/lazy/conform.nvim/lua/conform/formatters/rustfmt.lua , size = 0.867 KB
[12:25:37.944][info] [#0:script\workspace\loading.lua:100]: Preload file at: file:///c%3A/Users/downloader/AppData/Local/nvim-data/lazy/conform.nvim/lua/conform/formatters/rustywind.lua , size = 0.224 KB
[12:25:37.944][info] [#0:script\workspace\loading.lua:100]: Preload file at: file:///c%3A/Users/downloader/AppData/Local/nvim-data/lazy/conform.nvim/lua/conform/formatters/scalafmt.lua , size = 0.205 KB
[12:25:37.945][info] [#0:script\workspace\loading.lua:100]: Preload file at: file:///c%3A/Users/downloader/AppData/Local/nvim-data/lazy/conform.nvim/lua/conform/formatters/shellcheck.lua , size = 0.277 KB
[12:25:37.945][info] [#0:script\workspace\loading.lua:100]: Preload file at: file:///c%3A/Users/downloader/AppData/Local/nvim-data/lazy/conform.nvim/lua/conform/formatters/shellharden.lua , size = 0.230 KB
[12:25:37.945][info] [#0:script\workspace\loading.lua:100]: Preload file at: file:///c%3A/Users/downloader/AppData/Local/nvim-data/lazy/conform.nvim/lua/conform/formatters/shfmt.lua , size = 0.674 KB
[12:25:37.946][info] [#0:script\workspace\loading.lua:100]: Preload file at: file:///c%3A/Users/downloader/AppData/Local/nvim-data/lazy/conform.nvim/lua/conform/formatters/sleek.lua , size = 0.203 KB
[12:25:37.946][info] [#0:script\workspace\loading.lua:100]: Preload file at: file:///c%3A/Users/downloader/AppData/Local/nvim-data/lazy/conform.nvim/lua/conform/formatters/smlfmt.lua , size = 0.204 KB
[12:25:37.946][info] [#0:script\workspace\loading.lua:100]: Preload file at: file:///c%3A/Users/downloader/AppData/Local/nvim-data/lazy/conform.nvim/lua/conform/formatters/snakefmt.lua , size = 0.262 KB
[12:25:37.946][info] [#0:script\workspace\loading.lua:100]: Preload file at: file:///c%3A/Users/downloader/AppData/Local/nvim-data/lazy/conform.nvim/lua/conform/formatters/spotless_gradle.lua , size = 0.513 KB
[12:25:37.947][info] [#0:script\workspace\loading.lua:100]: Preload file at: file:///c%3A/Users/downloader/AppData/Local/nvim-data/lazy/conform.nvim/lua/conform/formatters/spotless_maven.lua , size = 0.474 KB
[12:25:37.947][info] [#0:script\workspace\loading.lua:100]: Preload file at: file:///c%3A/Users/downloader/AppData/Local/nvim-data/lazy/conform.nvim/lua/conform/formatters/sqlfluff.lua , size = 0.462 KB
[12:25:37.947][info] [#0:script\workspace\loading.lua:100]: Preload file at: file:///c%3A/Users/downloader/AppData/Local/nvim-data/lazy/conform.nvim/lua/conform/formatters/sqlfmt.lua , size = 0.278 KB
[12:25:37.947][info] [#0:script\workspace\loading.lua:100]: Preload file at: file:///c%3A/Users/downloader/AppData/Local/nvim-data/lazy/conform.nvim/lua/conform/formatters/sql_formatter.lua , size = 0.227 KB
[12:25:37.948][info] [#0:script\workspace\loading.lua:100]: Preload file at: file:///c%3A/Users/downloader/AppData/Local/nvim-data/lazy/conform.nvim/lua/conform/formatters/sqruff.lua , size = 0.424 KB
[12:25:37.948][info] [#0:script\workspace\loading.lua:100]: Preload file at: file:///c%3A/Users/downloader/AppData/Local/nvim-data/lazy/conform.nvim/lua/conform/formatters/squeeze_blanks.lua , size = 0.304 KB
[12:25:37.948][info] [#0:script\workspace\loading.lua:100]: Preload file at: file:///c%3A/Users/downloader/AppData/Local/nvim-data/lazy/conform.nvim/lua/conform/formatters/standard-clj.lua , size = 0.338 KB
[12:25:37.949][info] [#0:script\workspace\loading.lua:100]: Preload file at: file:///c%3A/Users/downloader/AppData/Local/nvim-data/lazy/conform.nvim/lua/conform/formatters/standardjs.lua , size = 0.289 KB
[12:25:37.949][info] [#0:script\workspace\loading.lua:100]: Preload file at: file:///c%3A/Users/downloader/AppData/Local/nvim-data/lazy/conform.nvim/lua/conform/formatters/standardrb.lua , size = 0.324 KB
[12:25:37.949][info] [#0:script\workspace\loading.lua:100]: Preload file at: file:///c%3A/Users/downloader/AppData/Local/nvim-data/lazy/conform.nvim/lua/conform/formatters/stylelint.lua , size = 0.516 KB
[12:25:37.949][info] [#0:script\workspace\loading.lua:100]: Preload file at: file:///c%3A/Users/downloader/AppData/Local/nvim-data/lazy/conform.nvim/lua/conform/formatters/styler.lua , size = 0.523 KB
[12:25:37.950][info] [#0:script\workspace\loading.lua:100]: Preload file at: file:///c%3A/Users/downloader/AppData/Local/nvim-data/lazy/conform.nvim/lua/conform/formatters/stylish-haskell.lua , size = 0.221 KB
[12:25:37.950][info] [#0:script\workspace\loading.lua:100]: Preload file at: file:///c%3A/Users/downloader/AppData/Local/nvim-data/lazy/conform.nvim/lua/conform/formatters/stylua.lua , size = 0.755 KB
[12:25:37.950][info] [#0:script\workspace\loading.lua:100]: Preload file at: file:///c%3A/Users/downloader/AppData/Local/nvim-data/lazy/conform.nvim/lua/conform/formatters/superhtml.lua , size = 0.243 KB
[12:25:37.951][info] [#0:script\workspace\loading.lua:100]: Preload file at: file:///c%3A/Users/downloader/AppData/Local/nvim-data/lazy/conform.nvim/lua/conform/formatters/swift.lua , size = 0.276 KB
[12:25:37.951][info] [#0:script\workspace\loading.lua:100]: Preload file at: file:///c%3A/Users/downloader/AppData/Local/nvim-data/lazy/conform.nvim/lua/conform/formatters/swiftformat.lua , size = 0.658 KB
[12:25:37.951][info] [#0:script\workspace\loading.lua:100]: Preload file at: file:///c%3A/Users/downloader/AppData/Local/nvim-data/lazy/conform.nvim/lua/conform/formatters/swiftlint.lua , size = 0.352 KB
[12:25:37.952][info] [#0:script\workspace\loading.lua:100]: Preload file at: file:///c%3A/Users/downloader/AppData/Local/nvim-data/lazy/conform.nvim/lua/conform/formatters/swift_format.lua , size = 0.312 KB
[12:25:37.952][info] [#0:script\workspace\loading.lua:100]: Preload file at: file:///c%3A/Users/downloader/AppData/Local/nvim-data/lazy/conform.nvim/lua/conform/formatters/syntax_tree.lua , size = 0.345 KB
[12:25:37.952][info] [#0:script\workspace\loading.lua:100]: Preload file at: file:///c%3A/Users/downloader/AppData/Local/nvim-data/lazy/conform.nvim/lua/conform/formatters/taplo.lua , size = 0.239 KB
[12:25:37.952][info] [#0:script\workspace\loading.lua:100]: Preload file at: file:///c%3A/Users/downloader/AppData/Local/nvim-data/lazy/conform.nvim/lua/conform/formatters/tclfmt.lua , size = 0.224 KB
[12:25:37.953][info] [#0:script\workspace\loading.lua:100]: Preload file at: file:///c%3A/Users/downloader/AppData/Local/nvim-data/lazy/conform.nvim/lua/conform/formatters/templ.lua , size = 0.259 KB
[12:25:37.953][info] [#0:script\workspace\loading.lua:100]: Preload file at: file:///c%3A/Users/downloader/AppData/Local/nvim-data/lazy/conform.nvim/lua/conform/formatters/terraform_fmt.lua , size = 0.306 KB
[12:25:37.953][info] [#0:script\workspace\loading.lua:100]: Preload file at: file:///c%3A/Users/downloader/AppData/Local/nvim-data/lazy/conform.nvim/lua/conform/formatters/terragrunt_hclfmt.lua , size = 0.393 KB
[12:25:37.953][info] [#0:script\workspace\loading.lua:100]: Preload file at: file:///c%3A/Users/downloader/AppData/Local/nvim-data/lazy/conform.nvim/lua/conform/formatters/tex-fmt.lua , size = 0.225 KB
[12:25:37.954][info] [#0:script\workspace\loading.lua:100]: Preload file at: file:///c%3A/Users/downloader/AppData/Local/nvim-data/lazy/conform.nvim/lua/conform/formatters/tlint.lua , size = 0.360 KB
[12:25:37.954][info] [#0:script\workspace\loading.lua:100]: Preload file at: file:///c%3A/Users/downloader/AppData/Local/nvim-data/lazy/conform.nvim/lua/conform/formatters/tofu_fmt.lua , size = 0.272 KB
[12:25:37.954][info] [#0:script\workspace\loading.lua:100]: Preload file at: file:///c%3A/Users/downloader/AppData/Local/nvim-data/lazy/conform.nvim/lua/conform/formatters/tombi.lua , size = 0.252 KB
[12:25:37.954][info] [#0:script\workspace\loading.lua:100]: Preload file at: file:///c%3A/Users/downloader/AppData/Local/nvim-data/lazy/conform.nvim/lua/conform/formatters/treefmt.lua , size = 0.965 KB
[12:25:37.955][info] [#0:script\workspace\loading.lua:100]: Preload file at: file:///c%3A/Users/downloader/AppData/Local/nvim-data/lazy/conform.nvim/lua/conform/formatters/trim_newlines.lua , size = 0.449 KB
[12:25:37.955][info] [#0:script\workspace\loading.lua:100]: Preload file at: file:///c%3A/Users/downloader/AppData/Local/nvim-data/lazy/conform.nvim/lua/conform/formatters/trim_whitespace.lua , size = 0.448 KB
[12:25:37.955][info] [#0:script\workspace\loading.lua:100]: Preload file at: file:///c%3A/Users/downloader/AppData/Local/nvim-data/lazy/conform.nvim/lua/conform/formatters/trunk.lua , size = 0.363 KB
[12:25:37.956][info] [#0:script\workspace\loading.lua:100]: Preload file at: file:///c%3A/Users/downloader/AppData/Local/nvim-data/lazy/conform.nvim/lua/conform/formatters/twig-cs-fixer.lua , size = 0.531 KB
[12:25:37.956][info] [#0:script\workspace\loading.lua:100]: Preload file at: file:///c%3A/Users/downloader/AppData/Local/nvim-data/lazy/conform.nvim/lua/conform/formatters/typespec.lua , size = 0.335 KB
[12:25:37.956][info] [#0:script\workspace\loading.lua:100]: Preload file at: file:///c%3A/Users/downloader/AppData/Local/nvim-data/lazy/conform.nvim/lua/conform/formatters/typos.lua , size = 0.462 KB
[12:25:37.957][info] [#0:script\workspace\loading.lua:100]: Preload file at: file:///c%3A/Users/downloader/AppData/Local/nvim-data/lazy/conform.nvim/lua/conform/formatters/typstfmt.lua , size = 0.251 KB
[12:25:37.957][info] [#0:script\workspace\loading.lua:100]: Preload file at: file:///c%3A/Users/downloader/AppData/Local/nvim-data/lazy/conform.nvim/lua/conform/formatters/typstyle.lua , size = 0.219 KB
[12:25:37.957][info] [#0:script\workspace\loading.lua:100]: Preload file at: file:///c%3A/Users/downloader/AppData/Local/nvim-data/lazy/conform.nvim/lua/conform/formatters/ufmt.lua , size = 0.244 KB
[12:25:37.957][info] [#0:script\workspace\loading.lua:100]: Preload file at: file:///c%3A/Users/downloader/AppData/Local/nvim-data/lazy/conform.nvim/lua/conform/formatters/uncrustify.lua , size = 0.587 KB
[12:25:37.958][info] [#0:script\workspace\loading.lua:100]: Preload file at: file:///c%3A/Users/downloader/AppData/Local/nvim-data/lazy/conform.nvim/lua/conform/formatters/usort.lua , size = 0.330 KB
[12:25:37.958][info] [#0:script\workspace\loading.lua:100]: Preload file at: file:///c%3A/Users/downloader/AppData/Local/nvim-data/lazy/conform.nvim/lua/conform/formatters/v.lua , size = 0.205 KB
[12:25:37.958][info] [#0:script\workspace\loading.lua:100]: Preload file at: file:///c%3A/Users/downloader/AppData/Local/nvim-data/lazy/conform.nvim/lua/conform/formatters/verible.lua , size = 0.292 KB
[12:25:37.958][info] [#0:script\workspace\loading.lua:100]: Preload file at: file:///c%3A/Users/downloader/AppData/Local/nvim-data/lazy/conform.nvim/lua/conform/formatters/vsg.lua , size = 1.113 KB
[12:25:37.959][info] [#0:script\workspace\loading.lua:100]: Preload file at: file:///c%3A/Users/downloader/AppData/Local/nvim-data/lazy/conform.nvim/lua/conform/formatters/xmlformat.lua , size = 0.143 KB
[12:25:37.959][info] [#0:script\workspace\loading.lua:100]: Preload file at: file:///c%3A/Users/downloader/AppData/Local/nvim-data/lazy/conform.nvim/lua/conform/formatters/xmlformatter.lua , size = 0.267 KB
[12:25:37.960][info] [#0:script\workspace\loading.lua:100]: Preload file at: file:///c%3A/Users/downloader/AppData/Local/nvim-data/lazy/conform.nvim/lua/conform/formatters/xmllint.lua , size = 0.257 KB
[12:25:37.960][info] [#0:script\workspace\loading.lua:100]: Preload file at: file:///c%3A/Users/downloader/AppData/Local/nvim-data/lazy/conform.nvim/lua/conform/formatters/xmlstarlet.lua , size = 0.280 KB
[12:25:37.960][info] [#0:script\workspace\loading.lua:100]: Preload file at: file:///c%3A/Users/downloader/AppData/Local/nvim-data/lazy/conform.nvim/lua/conform/formatters/yamlfix.lua , size = 0.221 KB
[12:25:37.960][info] [#0:script\workspace\loading.lua:100]: Preload file at: file:///c%3A/Users/downloader/AppData/Local/nvim-data/lazy/conform.nvim/lua/conform/formatters/yamlfmt.lua , size = 0.243 KB
[12:25:37.961][info] [#0:script\workspace\loading.lua:100]: Preload file at: file:///c%3A/Users/downloader/AppData/Local/nvim-data/lazy/conform.nvim/lua/conform/formatters/yapf.lua , size = 0.338 KB
[12:25:37.961][info] [#0:script\workspace\loading.lua:100]: Preload file at: file:///c%3A/Users/downloader/AppData/Local/nvim-data/lazy/conform.nvim/lua/conform/formatters/yew-fmt.lua , size = 0.641 KB
[12:25:37.961][info] [#0:script\workspace\loading.lua:100]: Preload file at: file:///c%3A/Users/downloader/AppData/Local/nvim-data/lazy/conform.nvim/lua/conform/formatters/yq.lua , size = 0.203 KB
[12:25:37.961][info] [#0:script\workspace\loading.lua:100]: Preload file at: file:///c%3A/Users/downloader/AppData/Local/nvim-data/lazy/conform.nvim/lua/conform/formatters/zigfmt.lua , size = 0.215 KB
[12:25:37.962][info] [#0:script\workspace\loading.lua:100]: Preload file at: file:///c%3A/Users/downloader/AppData/Local/nvim-data/lazy/conform.nvim/lua/conform/formatters/ziggy.lua , size = 0.265 KB
[12:25:37.962][info] [#0:script\workspace\loading.lua:100]: Preload file at: file:///c%3A/Users/downloader/AppData/Local/nvim-data/lazy/conform.nvim/lua/conform/formatters/ziggy_schema.lua , size = 0.271 KB
[12:25:37.962][info] [#0:script\workspace\loading.lua:100]: Preload file at: file:///c%3A/Users/downloader/AppData/Local/nvim-data/lazy/conform.nvim/lua/conform/formatters/zprint.lua , size = 0.443 KB
[12:25:37.963][info] [#0:script\workspace\loading.lua:100]: Preload file at: file:///c%3A/Users/downloader/AppData/Local/nvim-data/lazy/conform.nvim/lua/conform/fs.lua , size = 2.378 KB
[12:25:37.964][info] [#0:script\workspace\loading.lua:100]: Preload file at: file:///c%3A/Users/downloader/AppData/Local/nvim-data/lazy/conform.nvim/lua/conform/ft_to_ext.lua , size = 0.219 KB
[12:25:37.964][info] [#0:script\workspace\loading.lua:100]: Preload file at: file:///c%3A/Users/downloader/AppData/Local/nvim-data/lazy/conform.nvim/lua/conform/health.lua , size = 6.444 KB
[12:25:37.967][info] [#0:script\workspace\loading.lua:100]: Preload file at: file:///c%3A/Users/downloader/AppData/Local/nvim-data/lazy/conform.nvim/lua/conform/init.lua , size = 27.230 KB
[12:25:37.977][info] [#0:script\workspace\loading.lua:100]: Preload file at: file:///c%3A/Users/downloader/AppData/Local/nvim-data/lazy/conform.nvim/lua/conform/log.lua , size = 2.633 KB
[12:25:37.979][info] [#0:script\workspace\loading.lua:100]: Preload file at: file:///c%3A/Users/downloader/AppData/Local/nvim-data/lazy/conform.nvim/lua/conform/lsp_format.lua , size = 6.199 KB
[12:25:37.982][info] [#0:script\workspace\loading.lua:100]: Preload file at: file:///c%3A/Users/downloader/AppData/Local/nvim-data/lazy/conform.nvim/lua/conform/types.lua , size = 8.128 KB
[12:25:37.985][info] [#0:script\workspace\loading.lua:100]: Preload file at: file:///c%3A/Users/downloader/AppData/Local/nvim-data/lazy/conform.nvim/lua/conform/runner.lua , size = 22.053 KB
[12:25:37.993][info] [#0:script\workspace\loading.lua:100]: Preload file at: file:///c%3A/Users/downloader/AppData/Local/nvim-data/lazy/conform.nvim/lua/conform/util.lua , size = 7.959 KB
[12:25:37.997][info] [#0:script\workspace\loading.lua:100]: Preload file at: file:///c%3A/Users/downloader/AppData/Local/nvim-data/lazy/conform.nvim/plugin/conform.lua , size = 0.158 KB
[12:25:37.997][info] [#0:script\workspace\loading.lua:100]: Preload file at: file:///c%3A/Users/downloader/AppData/Local/nvim-data/lazy/conform.nvim/scripts/autoformat_doc.lua , size = 1.101 KB
[12:25:37.998][info] [#0:script\workspace\loading.lua:100]: Preload file at: file:///c%3A/Users/downloader/AppData/Local/nvim-data/lazy/conform.nvim/scripts/options_doc.lua , size = 4.495 KB
[12:25:37.999][info] [#0:script\workspace\loading.lua:100]: Preload file at: file:///c%3A/Users/downloader/AppData/Local/nvim-data/lazy/conform.nvim/tests/api_spec.lua , size = 2.600 KB
[12:25:38.000][info] [#0:script\workspace\loading.lua:100]: Preload file at: file:///c%3A/Users/downloader/AppData/Local/nvim-data/lazy/conform.nvim/tests/dir_manager_spec.lua , size = 2.714 KB
[12:25:38.002][info] [#0:script\workspace\loading.lua:100]: Preload file at: file:///c%3A/Users/downloader/AppData/Local/nvim-data/lazy/conform.nvim/tests/formatters/prettierd_spec.lua , size = 4.512 KB
[12:25:38.004][info] [#0:script\workspace\loading.lua:100]: Preload file at: file:///c%3A/Users/downloader/AppData/Local/nvim-data/lazy/conform.nvim/tests/fs_spec.lua , size = 0.735 KB
[12:25:38.004][info] [#0:script\workspace\loading.lua:100]: Preload file at: file:///c%3A/Users/downloader/AppData/Local/nvim-data/lazy/conform.nvim/tests/fuzzer_spec.lua , size = 3.634 KB
[12:25:38.007][info] [#0:script\workspace\loading.lua:100]: Preload file at: file:///c%3A/Users/downloader/AppData/Local/nvim-data/lazy/conform.nvim/tests/injected_spec.lua , size = 2.897 KB
[12:25:38.008][info] [#0:script\workspace\loading.lua:100]: Preload file at: file:///c%3A/Users/downloader/AppData/Local/nvim-data/lazy/conform.nvim/tests/minimal_init.lua , size = 0.474 KB
[12:25:38.008][info] [#0:script\workspace\loading.lua:100]: Preload file at: file:///c%3A/Users/downloader/AppData/Local/nvim-data/lazy/conform.nvim/tests/runner_spec.lua , size = 15.657 KB
[12:25:38.015][info] [#0:script\workspace\loading.lua:100]: Preload file at: file:///c%3A/Users/downloader/AppData/Local/nvim-data/lazy/conform.nvim/tests/test_util.lua , size = 0.690 KB
[12:25:38.016][info] [#0:script\workspace\loading.lua:100]: Preload file at: file:///c%3A/Users/downloader/AppData/Local/nvim-data/lazy/conform.nvim/tests/util_spec.lua , size = 2.367 KB
[12:25:38.017][info] [#0:script\workspace\loading.lua:100]: Preload file at: file:///c%3A/Users/downloader/AppData/Local/nvim-data/lazy/fidget.nvim/lua/fidget/commands.lua , size = 16.021 KB
[12:25:38.150][warn] [#0:script\files.lua:708]: Compile [file:///c%3A/Users/downloader/AppData/Local/nvim-data/lazy/fidget.nvim/lua/fidget/commands.lua] takes [0.133] sec, size [16.406] kb.
[12:25:38.153][info] [#0:script\workspace\loading.lua:100]: Preload file at: file:///c%3A/Users/downloader/AppData/Local/nvim-data/lazy/fidget.nvim/lua/fidget/health.lua , size = 4.162 KB
[12:25:38.155][info] [#0:script\workspace\loading.lua:100]: Preload file at: file:///c%3A/Users/downloader/AppData/Local/nvim-data/lazy/fidget.nvim/lua/fidget/integration/nvim-notify.lua , size = 0.308 KB
[12:25:38.156][info] [#0:script\workspace\loading.lua:100]: Preload file at: file:///c%3A/Users/downloader/AppData/Local/nvim-data/lazy/fidget.nvim/lua/fidget/integration/nvim-tree.lua , size = 0.762 KB
[12:25:38.157][info] [#0:script\workspace\loading.lua:100]: Preload file at: file:///c%3A/Users/downloader/AppData/Local/nvim-data/lazy/fidget.nvim/lua/fidget/integration/xcodebuild-nvim.lua , size = 0.791 KB
[12:25:38.157][info] [#0:script\workspace\loading.lua:100]: Preload file at: file:///c%3A/Users/downloader/AppData/Local/nvim-data/lazy/fidget.nvim/lua/fidget/integration.lua , size = 0.229 KB
[12:25:38.158][info] [#0:script\workspace\loading.lua:100]: Preload file at: file:///c%3A/Users/downloader/AppData/Local/nvim-data/lazy/fidget.nvim/lua/fidget/logger.lua , size = 4.951 KB
[12:25:38.160][info] [#0:script\workspace\loading.lua:100]: Preload file at: file:///c%3A/Users/downloader/AppData/Local/nvim-data/lazy/fidget.nvim/lua/fidget/notification/model.lua , size = 13.272 KB
[12:25:38.167][info] [#0:script\workspace\loading.lua:100]: Preload file at: file:///c%3A/Users/downloader/AppData/Local/nvim-data/lazy/fidget.nvim/lua/fidget/notification/view.lua , size = 15.102 KB
[12:25:38.173][info] [#0:script\workspace\loading.lua:100]: Preload file at: file:///c%3A/Users/downloader/AppData/Local/nvim-data/lazy/fidget.nvim/lua/fidget/notification/window.lua , size = 20.408 KB
[12:25:38.182][info] [#0:script\workspace\loading.lua:100]: Preload file at: file:///c%3A/Users/downloader/AppData/Local/nvim-data/lazy/fidget.nvim/lua/fidget/notification.lua , size = 17.546 KB
[12:25:38.187][info] [#0:script\workspace\loading.lua:100]: Preload file at: file:///c%3A/Users/downloader/AppData/Local/nvim-data/lazy/fidget.nvim/lua/fidget/options.lua , size = 3.416 KB
[12:25:38.189][info] [#0:script\workspace\loading.lua:100]: Preload file at: file:///c%3A/Users/downloader/AppData/Local/nvim-data/lazy/fidget.nvim/lua/fidget/poll.lua , size = 5.686 KB
[12:25:38.192][info] [#0:script\workspace\loading.lua:100]: Preload file at: file:///c%3A/Users/downloader/AppData/Local/nvim-data/lazy/fidget.nvim/lua/fidget/progress/display.lua , size = 7.545 KB
[12:25:38.194][info] [#0:script\workspace\loading.lua:100]: Preload file at: file:///c%3A/Users/downloader/AppData/Local/nvim-data/lazy/fidget.nvim/lua/fidget/progress/handle.lua , size = 4.203 KB
[12:25:38.196][info] [#0:script\workspace\loading.lua:100]: Preload file at: file:///c%3A/Users/downloader/AppData/Local/nvim-data/lazy/fidget.nvim/lua/fidget/progress/lsp.lua , size = 10.517 KB
[12:25:38.200][info] [#0:script\workspace\loading.lua:100]: Preload file at: file:///c%3A/Users/downloader/AppData/Local/nvim-data/lazy/fidget.nvim/lua/fidget/progress.lua , size = 9.192 KB
[12:25:38.204][info] [#0:script\workspace\loading.lua:100]: Preload file at: file:///c%3A/Users/downloader/AppData/Local/nvim-data/lazy/fidget.nvim/lua/fidget/spinner.lua , size = 1.499 KB
[12:25:38.205][info] [#0:script\workspace\loading.lua:100]: Preload file at: file:///c%3A/Users/downloader/AppData/Local/nvim-data/lazy/fidget.nvim/lua/fidget/spinner/patterns.lua , size = 5.025 KB
[12:25:38.206][info] [#0:script\workspace\loading.lua:100]: Preload file at: file:///c%3A/Users/downloader/AppData/Local/nvim-data/lazy/fidget.nvim/lua/fidget.lua , size = 1.905 KB
[12:25:38.207][info] [#0:script\workspace\loading.lua:100]: Preload file at: file:///c%3A/Users/downloader/AppData/Local/nvim-data/lazy/fidget.nvim/lua/telescope/_extensions/fidget.lua , size = 5.344 KB
[12:25:38.210][info] [#0:script\workspace\loading.lua:100]: Preload file at: file:///c%3A/Users/downloader/AppData/Local/nvim-data/lazy/fidget.nvim/scripts/build-options-docs.lua , size = 9.916 KB
[12:25:38.215][info] [#0:script\workspace\loading.lua:100]: Preload file at: file:///c%3A/Users/downloader/AppData/Local/nvim-data/lazy/fidget.nvim/tests/handle_spec.lua , size = 2.087 KB
[12:25:38.216][info] [#0:script\workspace\loading.lua:100]: Preload file at: file:///c%3A/Users/downloader/AppData/Local/nvim-data/lazy/fidget.nvim/tests/minimal_init.lua , size = 0.647 KB
[12:25:38.217][info] [#0:script\workspace\loading.lua:100]: Preload file at: file:///c%3A/Users/downloader/AppData/Local/nvim-data/lazy/gitsigns.nvim/gen_help.lua , size = 22.320 KB
[12:25:38.230][info] [#0:script\workspace\loading.lua:100]: Preload file at: file:///c%3A/Users/downloader/AppData/Local/nvim-data/lazy/gitsigns.nvim/lua/gitsigns/actions/blame.lua , size = 15.249 KB
[12:25:38.239][info] [#0:script\workspace\loading.lua:100]: Preload file at: file:///c%3A/Users/downloader/AppData/Local/nvim-data/lazy/gitsigns.nvim/lua/gitsigns/actions/blame_line.lua , size = 5.941 KB
[12:25:38.242][info] [#0:script\workspace\loading.lua:100]: Preload file at: file:///c%3A/Users/downloader/AppData/Local/nvim-data/lazy/gitsigns.nvim/lua/gitsigns/actions/diffthis.lua , size = 7.575 KB
[12:25:38.246][info] [#0:script\workspace\loading.lua:100]: Preload file at: file:///c%3A/Users/downloader/AppData/Local/nvim-data/lazy/gitsigns.nvim/lua/gitsigns/actions/nav.lua , size = 4.763 KB
[12:25:38.248][info] [#0:script\workspace\loading.lua:100]: Preload file at: file:///c%3A/Users/downloader/AppData/Local/nvim-data/lazy/gitsigns.nvim/lua/gitsigns/actions/preview.lua , size = 7.618 KB
[12:25:38.252][info] [#0:script\workspace\loading.lua:100]: Preload file at: file:///c%3A/Users/downloader/AppData/Local/nvim-data/lazy/gitsigns.nvim/lua/gitsigns/actions/qflist.lua , size = 3.724 KB
[12:25:38.255][info] [#0:script\workspace\loading.lua:100]: Preload file at: file:///c%3A/Users/downloader/AppData/Local/nvim-data/lazy/gitsigns.nvim/lua/gitsigns/actions/show_commit.lua , size = 4.757 KB
[12:25:38.257][info] [#0:script\workspace\loading.lua:100]: Preload file at: file:///c%3A/Users/downloader/AppData/Local/nvim-data/lazy/gitsigns.nvim/lua/gitsigns/actions.lua , size = 26.901 KB
[12:25:38.270][info] [#0:script\workspace\loading.lua:100]: Preload file at: file:///c%3A/Users/downloader/AppData/Local/nvim-data/lazy/gitsigns.nvim/lua/gitsigns/async.lua , size = 17.652 KB
[12:25:38.279][info] [#0:script\workspace\loading.lua:100]: Preload file at: file:///c%3A/Users/downloader/AppData/Local/nvim-data/lazy/gitsigns.nvim/lua/gitsigns/attach.lua , size = 11.998 KB
[12:25:38.284][info] [#0:script\workspace\loading.lua:100]: Preload file at: file:///c%3A/Users/downloader/AppData/Local/nvim-data/lazy/gitsigns.nvim/lua/gitsigns/cli/argparse.lua , size = 2.572 KB
[12:25:38.286][info] [#0:script\workspace\loading.lua:100]: Preload file at: file:///c%3A/Users/downloader/AppData/Local/nvim-data/lazy/gitsigns.nvim/lua/gitsigns/cache.lua , size = 10.600 KB
[12:25:38.291][info] [#0:script\workspace\loading.lua:100]: Preload file at: file:///c%3A/Users/downloader/AppData/Local/nvim-data/lazy/gitsigns.nvim/lua/gitsigns/cli.lua , size = 2.768 KB
[12:25:38.293][info] [#0:script\workspace\loading.lua:100]: Preload file at: file:///c%3A/Users/downloader/AppData/Local/nvim-data/lazy/gitsigns.nvim/lua/gitsigns/color.lua , size = 1.905 KB
[12:25:38.294][info] [#0:script\workspace\loading.lua:100]: Preload file at: file:///c%3A/Users/downloader/AppData/Local/nvim-data/lazy/gitsigns.nvim/lua/gitsigns/config.lua , size = 26.051 KB
[12:25:38.301][info] [#0:script\workspace\loading.lua:100]: Preload file at: file:///c%3A/Users/downloader/AppData/Local/nvim-data/lazy/gitsigns.nvim/lua/gitsigns/current_line_blame.lua , size = 6.909 KB
[12:25:38.305][info] [#0:script\workspace\loading.lua:100]: Preload file at: file:///c%3A/Users/downloader/AppData/Local/nvim-data/lazy/gitsigns.nvim/lua/gitsigns/debounce.lua , size = 4.016 KB
[12:25:38.307][info] [#0:script\workspace\loading.lua:100]: Preload file at: file:///c%3A/Users/downloader/AppData/Local/nvim-data/lazy/gitsigns.nvim/lua/gitsigns/debug/log.lua , size = 7.146 KB
[12:25:38.312][info] [#0:script\workspace\loading.lua:100]: Preload file at: file:///c%3A/Users/downloader/AppData/Local/nvim-data/lazy/gitsigns.nvim/lua/gitsigns/debug.lua , size = 1.159 KB
[12:25:38.313][info] [#0:script\workspace\loading.lua:100]: Preload file at: file:///c%3A/Users/downloader/AppData/Local/nvim-data/lazy/gitsigns.nvim/lua/gitsigns/diff.lua , size = 0.591 KB
[12:25:38.313][info] [#0:script\workspace\loading.lua:100]: Preload file at: file:///c%3A/Users/downloader/AppData/Local/nvim-data/lazy/gitsigns.nvim/lua/gitsigns/diff_ext.lua , size = 2.477 KB
[12:25:38.314][info] [#0:script\workspace\loading.lua:100]: Preload file at: file:///c%3A/Users/downloader/AppData/Local/nvim-data/lazy/gitsigns.nvim/lua/gitsigns/diff_int.lua , size = 5.671 KB
[12:25:38.318][info] [#0:script\workspace\loading.lua:100]: Preload file at: file:///c%3A/Users/downloader/AppData/Local/nvim-data/lazy/gitsigns.nvim/lua/gitsigns/gh.lua , size = 2.366 KB
[12:25:38.320][info] [#0:script\workspace\loading.lua:100]: Preload file at: file:///c%3A/Users/downloader/AppData/Local/nvim-data/lazy/gitsigns.nvim/lua/gitsigns/git/blame.lua , size = 7.540 KB
[12:25:38.324][info] [#0:script\workspace\loading.lua:100]: Preload file at: file:///c%3A/Users/downloader/AppData/Local/nvim-data/lazy/gitsigns.nvim/lua/gitsigns/git/cmd.lua , size = 1.667 KB
[12:25:38.325][info] [#0:script\workspace\loading.lua:100]: Preload file at: file:///c%3A/Users/downloader/AppData/Local/nvim-data/lazy/gitsigns.nvim/lua/gitsigns/git/errors.lua , size = 0.702 KB
[12:25:38.325][info] [#0:script\workspace\loading.lua:100]: Preload file at: file:///c%3A/Users/downloader/AppData/Local/nvim-data/lazy/gitsigns.nvim/lua/gitsigns/git/repo/watcher.lua , size = 3.496 KB
[12:25:38.327][info] [#0:script\workspace\loading.lua:100]: Preload file at: file:///c%3A/Users/downloader/AppData/Local/nvim-data/lazy/gitsigns.nvim/lua/gitsigns/git/repo.lua , size = 15.235 KB
[12:25:38.334][info] [#0:script\workspace\loading.lua:100]: Preload file at: file:///c%3A/Users/downloader/AppData/Local/nvim-data/lazy/gitsigns.nvim/lua/gitsigns/git/version.lua , size = 2.472 KB
[12:25:38.337][info] [#0:script\workspace\loading.lua:100]: Preload file at: file:///c%3A/Users/downloader/AppData/Local/nvim-data/lazy/gitsigns.nvim/lua/gitsigns/git.lua , size = 7.445 KB
[12:25:38.341][info] [#0:script\workspace\loading.lua:100]: Preload file at: file:///c%3A/Users/downloader/AppData/Local/nvim-data/lazy/gitsigns.nvim/lua/gitsigns/highlight.lua , size = 9.015 KB
[12:25:38.345][info] [#0:script\workspace\loading.lua:100]: Preload file at: file:///c%3A/Users/downloader/AppData/Local/nvim-data/lazy/gitsigns.nvim/lua/gitsigns/hunks.lua , size = 16.333 KB
[12:25:38.353][info] [#0:script\workspace\loading.lua:100]: Preload file at: file:///c%3A/Users/downloader/AppData/Local/nvim-data/lazy/gitsigns.nvim/lua/gitsigns/manager.lua , size = 15.459 KB
[12:25:38.360][info] [#0:script\workspace\loading.lua:100]: Preload file at: file:///c%3A/Users/downloader/AppData/Local/nvim-data/lazy/gitsigns.nvim/lua/gitsigns/message.lua , size = 0.532 KB
[12:25:38.361][info] [#0:script\workspace\loading.lua:100]: Preload file at: file:///c%3A/Users/downloader/AppData/Local/nvim-data/lazy/gitsigns.nvim/lua/gitsigns/popup.lua , size = 8.385 KB
[12:25:38.366][info] [#0:script\workspace\loading.lua:100]: Preload file at: file:///c%3A/Users/downloader/AppData/Local/nvim-data/lazy/gitsigns.nvim/lua/gitsigns/repeat.lua , size = 0.587 KB
[12:25:38.367][info] [#0:script\workspace\loading.lua:100]: Preload file at: file:///c%3A/Users/downloader/AppData/Local/nvim-data/lazy/gitsigns.nvim/lua/gitsigns/signs.lua , size = 4.340 KB
[12:25:38.369][info] [#0:script\workspace\loading.lua:100]: Preload file at: file:///c%3A/Users/downloader/AppData/Local/nvim-data/lazy/gitsigns.nvim/lua/gitsigns/status.lua , size = 1.159 KB
[12:25:38.370][info] [#0:script\workspace\loading.lua:100]: Preload file at: file:///c%3A/Users/downloader/AppData/Local/nvim-data/lazy/gitsigns.nvim/lua/gitsigns/system/compat.lua , size = 8.787 KB
[12:25:38.376][info] [#0:script\workspace\loading.lua:100]: Preload file at: file:///c%3A/Users/downloader/AppData/Local/nvim-data/lazy/gitsigns.nvim/lua/gitsigns/system.lua , size = 0.428 KB
[12:25:38.376][info] [#0:script\workspace\loading.lua:100]: Preload file at: file:///c%3A/Users/downloader/AppData/Local/nvim-data/lazy/gitsigns.nvim/lua/gitsigns/test.lua , size = 0.777 KB
[12:25:38.377][info] [#0:script\workspace\loading.lua:100]: Preload file at: file:///c%3A/Users/downloader/AppData/Local/nvim-data/lazy/gitsigns.nvim/lua/gitsigns/util.lua , size = 11.330 KB
[12:25:38.383][info] [#0:script\workspace\loading.lua:100]: Preload file at: file:///c%3A/Users/downloader/AppData/Local/nvim-data/lazy/gitsigns.nvim/lua/gitsigns.lua , size = 7.055 KB
[12:25:38.386][info] [#0:script\workspace\loading.lua:100]: Preload file at: file:///c%3A/Users/downloader/AppData/Local/nvim-data/lazy/gitsigns.nvim/plugin/gitsigns.lua , size = 0.027 KB
[12:25:38.386][info] [#0:script\workspace\loading.lua:100]: Preload file at: file:///c%3A/Users/downloader/AppData/Local/nvim-data/lazy/gitsigns.nvim/test/actions_spec.lua , size = 9.045 KB
[12:25:38.390][info] [#0:script\workspace\loading.lua:100]: Preload file at: file:///c%3A/Users/downloader/AppData/Local/nvim-data/lazy/gitsigns.nvim/test/debounce_spec.lua , size = 3.392 KB
[12:25:38.391][info] [#0:script\workspace\loading.lua:100]: Preload file at: file:///c%3A/Users/downloader/AppData/Local/nvim-data/lazy/gitsigns.nvim/test/gitdir_watcher_spec.lua , size = 6.054 KB
[12:25:38.394][info] [#0:script\workspace\loading.lua:100]: Preload file at: file:///c%3A/Users/downloader/AppData/Local/nvim-data/lazy/gitsigns.nvim/test/gitsigns_spec.lua , size = 31.101 KB
[12:25:38.406][info] [#0:script\workspace\loading.lua:100]: Preload file at: file:///c%3A/Users/downloader/AppData/Local/nvim-data/lazy/gitsigns.nvim/test/gs_helpers.lua , size = 8.377 KB
[12:25:38.410][info] [#0:script\workspace\loading.lua:100]: Preload file at: file:///c%3A/Users/downloader/AppData/Local/nvim-data/lazy/gitsigns.nvim/test/hunk_spec.lua , size = 2.680 KB
[12:25:38.412][info] [#0:script\workspace\loading.lua:100]: Preload file at: file:///c%3A/Users/downloader/AppData/Local/nvim-data/lazy/gitsigns.nvim/test/highlights_spec.lua , size = 3.084 KB
[12:25:38.413][info] [#0:script\workspace\loading.lua:100]: Preload file at: file:///c%3A/Users/downloader/AppData/Local/nvim-data/lazy/gitsigns.nvim/test/word_diff_spec.lua , size = 4.412 KB
[12:25:38.416][info] [#0:script\workspace\loading.lua:100]: Preload file at: file:///c%3A/Users/downloader/AppData/Local/nvim-data/lazy/guess-indent.nvim/lua/guess-indent/config.lua , size = 1.704 KB
[12:25:38.416][info] [#0:script\workspace\loading.lua:100]: Preload file at: file:///c%3A/Users/downloader/AppData/Local/nvim-data/lazy/guess-indent.nvim/lua/guess-indent/init.lua , size = 13.411 KB
[12:25:38.421][info] [#0:script\workspace\loading.lua:100]: Preload file at: file:///c%3A/Users/downloader/AppData/Local/nvim-data/lazy/guess-indent.nvim/lua/guess-indent/utils.lua , size = 0.118 KB
[12:25:38.421][info] [#0:script\workspace\loading.lua:100]: Preload file at: file:///c%3A/Users/downloader/AppData/Local/nvim-data/lazy/guess-indent.nvim/tests/data/lua/comment.lua , size = 0.421 KB
[12:25:38.421][info] [#0:script\workspace\loading.lua:100]: Preload file at: file:///c%3A/Users/downloader/AppData/Local/nvim-data/lazy/guess-indent.nvim/tests/data/lua/sample_1.lua , size = 0.119 KB
[12:25:38.422][info] [#0:script\workspace\loading.lua:100]: Preload file at: file:///c%3A/Users/downloader/AppData/Local/nvim-data/lazy/guess-indent.nvim/tests/heuristic_spec.lua , size = 1.104 KB
[12:25:38.422][info] [#0:script\workspace\loading.lua:100]: Preload file at: file:///c%3A/Users/downloader/AppData/Local/nvim-data/lazy/guess-indent.nvim/tests/utils.lua , size = 0.717 KB
[12:25:38.423][info] [#0:script\workspace\loading.lua:100]: Preload file at: file:///c%3A/Users/downloader/AppData/Local/nvim-data/lazy/lazy.nvim/bootstrap.lua , size = 1.425 KB
[12:25:38.424][info] [#0:script\workspace\loading.lua:100]: Preload file at: file:///c%3A/Users/downloader/AppData/Local/nvim-data/lazy/lazy.nvim/lua/lazy/async.lua , size = 4.519 KB
[12:25:38.427][info] [#0:script\workspace\loading.lua:100]: Preload file at: file:///c%3A/Users/downloader/AppData/Local/nvim-data/lazy/lazy.nvim/lua/lazy/build.lua , size = 4.206 KB
[12:25:38.429][info] [#0:script\workspace\loading.lua:100]: Preload file at: file:///c%3A/Users/downloader/AppData/Local/nvim-data/lazy/lazy.nvim/lua/lazy/community/init.lua , size = 0.538 KB
[12:25:38.430][info] [#0:script\workspace\loading.lua:100]: Preload file at: file:///c%3A/Users/downloader/AppData/Local/nvim-data/lazy/lazy.nvim/lua/lazy/community/specs.lua , size = 0.122 KB
[12:25:38.430][info] [#0:script\workspace\loading.lua:100]: Preload file at: file:///c%3A/Users/downloader/AppData/Local/nvim-data/lazy/lazy.nvim/lua/lazy/community/_generated.lua , size = 72.708 KB
[12:25:38.444][info] [#0:script\workspace\loading.lua:100]: Preload file at: file:///c%3A/Users/downloader/AppData/Local/nvim-data/lazy/lazy.nvim/lua/lazy/core/cache.lua , size = 17.100 KB
[12:25:38.452][info] [#0:script\workspace\loading.lua:100]: Preload file at: file:///c%3A/Users/downloader/AppData/Local/nvim-data/lazy/lazy.nvim/lua/lazy/core/config.lua , size = 12.372 KB
[12:25:38.456][info] [#0:script\workspace\loading.lua:100]: Preload file at: file:///c%3A/Users/downloader/AppData/Local/nvim-data/lazy/lazy.nvim/lua/lazy/core/fragments.lua , size = 4.385 KB
[12:25:38.458][info] [#0:script\workspace\loading.lua:100]: Preload file at: file:///c%3A/Users/downloader/AppData/Local/nvim-data/lazy/lazy.nvim/lua/lazy/core/handler/cmd.lua , size = 1.702 KB
[12:25:38.460][info] [#0:script\workspace\loading.lua:100]: Preload file at: file:///c%3A/Users/downloader/AppData/Local/nvim-data/lazy/lazy.nvim/lua/lazy/core/handler/event.lua , size = 5.123 KB
[12:25:38.462][info] [#0:script\workspace\loading.lua:100]: Preload file at: file:///c%3A/Users/downloader/AppData/Local/nvim-data/lazy/lazy.nvim/lua/lazy/core/handler/ft.lua , size = 0.467 KB
[12:25:38.463][info] [#0:script\workspace\loading.lua:100]: Preload file at: file:///c%3A/Users/downloader/AppData/Local/nvim-data/lazy/lazy.nvim/lua/lazy/core/handler/init.lua , size = 3.306 KB
[12:25:38.465][info] [#0:script\workspace\loading.lua:100]: Preload file at: file:///c%3A/Users/downloader/AppData/Local/nvim-data/lazy/lazy.nvim/lua/lazy/core/handler/keys.lua , size = 5.499 KB
[12:25:38.468][info] [#0:script\workspace\loading.lua:100]: Preload file at: file:///c%3A/Users/downloader/AppData/Local/nvim-data/lazy/lazy.nvim/lua/lazy/core/loader.lua , size = 15.528 KB
[12:25:38.475][info] [#0:script\workspace\loading.lua:100]: Preload file at: file:///c%3A/Users/downloader/AppData/Local/nvim-data/lazy/lazy.nvim/lua/lazy/core/meta.lua , size = 10.090 KB
[12:25:38.481][info] [#0:script\workspace\loading.lua:100]: Preload file at: file:///c%3A/Users/downloader/AppData/Local/nvim-data/lazy/lazy.nvim/lua/lazy/core/plugin.lua , size = 13.018 KB
[12:25:38.488][info] [#0:script\workspace\loading.lua:100]: Preload file at: file:///c%3A/Users/downloader/AppData/Local/nvim-data/lazy/lazy.nvim/lua/lazy/core/util.lua , size = 12.852 KB
[12:25:38.495][info] [#0:script\workspace\loading.lua:100]: Preload file at: file:///c%3A/Users/downloader/AppData/Local/nvim-data/lazy/lazy.nvim/lua/lazy/docs.lua , size = 5.087 KB
[12:25:38.498][info] [#0:script\workspace\loading.lua:100]: Preload file at: file:///c%3A/Users/downloader/AppData/Local/nvim-data/lazy/lazy.nvim/lua/lazy/example.lua , size = 2.729 KB
[12:25:38.498][info] [#0:script\workspace\loading.lua:100]: Preload file at: file:///c%3A/Users/downloader/AppData/Local/nvim-data/lazy/lazy.nvim/lua/lazy/health.lua , size = 6.004 KB
[12:25:38.501][info] [#0:script\workspace\loading.lua:100]: Preload file at: file:///c%3A/Users/downloader/AppData/Local/nvim-data/lazy/lazy.nvim/lua/lazy/help.lua , size = 2.285 KB
[12:25:38.502][info] [#0:script\workspace\loading.lua:100]: Preload file at: file:///c%3A/Users/downloader/AppData/Local/nvim-data/lazy/lazy.nvim/lua/lazy/init.lua , size = 3.896 KB
[12:25:38.504][info] [#0:script\workspace\loading.lua:100]: Preload file at: file:///c%3A/Users/downloader/AppData/Local/nvim-data/lazy/lazy.nvim/lua/lazy/manage/checker.lua , size = 2.574 KB
[12:25:38.506][info] [#0:script\workspace\loading.lua:100]: Preload file at: file:///c%3A/Users/downloader/AppData/Local/nvim-data/lazy/lazy.nvim/lua/lazy/manage/git.lua , size = 6.522 KB
[12:25:38.510][info] [#0:script\workspace\loading.lua:100]: Preload file at: file:///c%3A/Users/downloader/AppData/Local/nvim-data/lazy/lazy.nvim/lua/lazy/manage/init.lua , size = 6.184 KB
[12:25:38.513][info] [#0:script\workspace\loading.lua:100]: Preload file at: file:///c%3A/Users/downloader/AppData/Local/nvim-data/lazy/lazy.nvim/lua/lazy/manage/lock.lua , size = 1.740 KB
[12:25:38.514][info] [#0:script\workspace\loading.lua:100]: Preload file at: file:///c%3A/Users/downloader/AppData/Local/nvim-data/lazy/lazy.nvim/lua/lazy/manage/process.lua , size = 5.681 KB
[12:25:38.518][info] [#0:script\workspace\loading.lua:100]: Preload file at: file:///c%3A/Users/downloader/AppData/Local/nvim-data/lazy/lazy.nvim/lua/lazy/manage/reloader.lua , size = 2.922 KB
[12:25:38.519][info] [#0:script\workspace\loading.lua:100]: Preload file at: file:///c%3A/Users/downloader/AppData/Local/nvim-data/lazy/lazy.nvim/lua/lazy/manage/runner.lua , size = 5.041 KB
[12:25:38.522][info] [#0:script\workspace\loading.lua:100]: Preload file at: file:///c%3A/Users/downloader/AppData/Local/nvim-data/lazy/lazy.nvim/lua/lazy/manage/semver.lua , size = 4.644 KB
[12:25:38.525][info] [#0:script\workspace\loading.lua:100]: Preload file at: file:///c%3A/Users/downloader/AppData/Local/nvim-data/lazy/lazy.nvim/lua/lazy/manage/task/fs.lua , size = 1.053 KB
[12:25:38.526][info] [#0:script\workspace\loading.lua:100]: Preload file at: file:///c%3A/Users/downloader/AppData/Local/nvim-data/lazy/lazy.nvim/lua/lazy/manage/task/git.lua , size = 10.514 KB
[12:25:38.530][info] [#0:script\workspace\loading.lua:100]: Preload file at: file:///c%3A/Users/downloader/AppData/Local/nvim-data/lazy/lazy.nvim/lua/lazy/manage/task/init.lua , size = 6.039 KB
[12:25:38.534][info] [#0:script\workspace\loading.lua:100]: Preload file at: file:///c%3A/Users/downloader/AppData/Local/nvim-data/lazy/lazy.nvim/lua/lazy/manage/task/plugin.lua , size = 2.873 KB
[12:25:38.536][info] [#0:script\workspace\loading.lua:100]: Preload file at: file:///c%3A/Users/downloader/AppData/Local/nvim-data/lazy/lazy.nvim/lua/lazy/minit.lua , size = 5.386 KB
[12:25:38.538][info] [#0:script\workspace\loading.lua:100]: Preload file at: file:///c%3A/Users/downloader/AppData/Local/nvim-data/lazy/lazy.nvim/lua/lazy/pkg/init.lua , size = 3.322 KB
[12:25:38.540][info] [#0:script\workspace\loading.lua:100]: Preload file at: file:///c%3A/Users/downloader/AppData/Local/nvim-data/lazy/lazy.nvim/lua/lazy/pkg/lazy.lua , size = 0.748 KB
[12:25:38.541][info] [#0:script\workspace\loading.lua:100]: Preload file at: file:///c%3A/Users/downloader/AppData/Local/nvim-data/lazy/lazy.nvim/lua/lazy/pkg/packspec.lua , size = 1.189 KB
[12:25:38.542][info] [#0:script\workspace\loading.lua:100]: Preload file at: file:///c%3A/Users/downloader/AppData/Local/nvim-data/lazy/lazy.nvim/lua/lazy/pkg/rockspec.lua , size = 8.398 KB
[12:25:38.545][info] [#0:script\workspace\loading.lua:100]: Preload file at: file:///c%3A/Users/downloader/AppData/Local/nvim-data/lazy/lazy.nvim/lua/lazy/state.lua , size = 0.903 KB
[12:25:38.546][info] [#0:script\workspace\loading.lua:100]: Preload file at: file:///c%3A/Users/downloader/AppData/Local/nvim-data/lazy/lazy.nvim/lua/lazy/stats.lua , size = 2.297 KB
[12:25:38.547][info] [#0:script\workspace\loading.lua:100]: Preload file at: file:///c%3A/Users/downloader/AppData/Local/nvim-data/lazy/lazy.nvim/lua/lazy/status.lua , size = 0.368 KB
[12:25:38.548][info] [#0:script\workspace\loading.lua:100]: Preload file at: file:///c%3A/Users/downloader/AppData/Local/nvim-data/lazy/lazy.nvim/lua/lazy/terminal.lua , size = 2.463 KB
[12:25:38.549][info] [#0:script\workspace\loading.lua:100]: Preload file at: file:///c%3A/Users/downloader/AppData/Local/nvim-data/lazy/lazy.nvim/lua/lazy/types.lua , size = 3.854 KB
[12:25:38.551][info] [#0:script\workspace\loading.lua:100]: Preload file at: file:///c%3A/Users/downloader/AppData/Local/nvim-data/lazy/lazy.nvim/lua/lazy/util.lua , size = 7.176 KB
[12:25:38.555][info] [#0:script\workspace\loading.lua:100]: Preload file at: file:///c%3A/Users/downloader/AppData/Local/nvim-data/lazy/lazy.nvim/lua/lazy/view/colors.lua , size = 1.891 KB
[12:25:38.556][info] [#0:script\workspace\loading.lua:100]: Preload file at: file:///c%3A/Users/downloader/AppData/Local/nvim-data/lazy/lazy.nvim/lua/lazy/view/commands.lua , size = 4.054 KB
[12:25:38.559][info] [#0:script\workspace\loading.lua:100]: Preload file at: file:///c%3A/Users/downloader/AppData/Local/nvim-data/lazy/lazy.nvim/lua/lazy/view/config.lua , size = 3.664 KB
[12:25:38.560][info] [#0:script\workspace\loading.lua:100]: Preload file at: file:///c%3A/Users/downloader/AppData/Local/nvim-data/lazy/lazy.nvim/lua/lazy/view/diff.lua , size = 1.647 KB
[12:25:38.561][info] [#0:script\workspace\loading.lua:100]: Preload file at: file:///c%3A/Users/downloader/AppData/Local/nvim-data/lazy/lazy.nvim/lua/lazy/view/float.lua , size = 9.882 KB
[12:25:38.567][info] [#0:script\workspace\loading.lua:100]: Preload file at: file:///c%3A/Users/downloader/AppData/Local/nvim-data/lazy/lazy.nvim/lua/lazy/view/init.lua , size = 9.749 KB
[12:25:38.572][info] [#0:script\workspace\loading.lua:100]: Preload file at: file:///c%3A/Users/downloader/AppData/Local/nvim-data/lazy/lazy.nvim/lua/lazy/view/render.lua , size = 23.845 KB
[12:25:38.584][info] [#0:script\workspace\loading.lua:100]: Preload file at: file:///c%3A/Users/downloader/AppData/Local/nvim-data/lazy/lazy.nvim/lua/lazy/view/sections.lua , size = 2.547 KB
[12:25:38.586][info] [#0:script\workspace\loading.lua:100]: Preload file at: file:///c%3A/Users/downloader/AppData/Local/nvim-data/lazy/lazy.nvim/lua/lazy/view/text.lua , size = 3.979 KB
[12:25:38.588][info] [#0:script\workspace\loading.lua:100]: Preload file at: file:///c%3A/Users/downloader/AppData/Local/nvim-data/lazy/lazy.nvim/tests/core/init_spec.lua , size = 0.357 KB
[12:25:38.589][info] [#0:script\workspace\loading.lua:100]: Preload file at: file:///c%3A/Users/downloader/AppData/Local/nvim-data/lazy/lazy.nvim/tests/core/plugin_spec.lua , size = 17.147 KB
[12:25:38.596][info] [#0:script\workspace\loading.lua:100]: Preload file at: file:///c%3A/Users/downloader/AppData/Local/nvim-data/lazy/lazy.nvim/tests/core/util_spec.lua , size = 4.196 KB
[12:25:38.598][info] [#0:script\workspace\loading.lua:100]: Preload file at: file:///c%3A/Users/downloader/AppData/Local/nvim-data/lazy/lazy.nvim/tests/handlers/keys_spec.lua , size = 0.495 KB
[12:25:38.598][info] [#0:script\workspace\loading.lua:100]: Preload file at: file:///c%3A/Users/downloader/AppData/Local/nvim-data/lazy/lazy.nvim/tests/helpers.lua , size = 0.775 KB
[12:25:38.599][info] [#0:script\workspace\loading.lua:100]: Preload file at: file:///c%3A/Users/downloader/AppData/Local/nvim-data/lazy/lazy.nvim/tests/manage/process_spec.lua , size = 0.511 KB
[12:25:38.599][info] [#0:script\workspace\loading.lua:100]: Preload file at: file:///c%3A/Users/downloader/AppData/Local/nvim-data/lazy/lazy.nvim/tests/manage/runner_spec.lua , size = 2.482 KB
[12:25:38.601][info] [#0:script\workspace\loading.lua:100]: Preload file at: file:///c%3A/Users/downloader/AppData/Local/nvim-data/lazy/lazy.nvim/tests/manage/semver_spec.lua , size = 3.719 KB
[12:25:38.603][info] [#0:script\workspace\loading.lua:100]: Preload file at: file:///c%3A/Users/downloader/AppData/Local/nvim-data/lazy/lazy.nvim/tests/manage/task_spec.lua , size = 2.547 KB
[12:25:38.605][info] [#0:script\workspace\loading.lua:100]: Preload file at: file:///c%3A/Users/downloader/AppData/Local/nvim-data/lazy/lazy.nvim/tests/minit.lua , size = 0.189 KB
[12:25:38.605][info] [#0:script\workspace\loading.lua:100]: Preload file at: file:///c%3A/Users/downloader/AppData/Local/nvim-data/lazy/lazydev.nvim/lua/lazydev/buf.lua , size = 4.969 KB
[12:25:38.608][info] [#0:script\workspace\loading.lua:100]: Preload file at: file:///c%3A/Users/downloader/AppData/Local/nvim-data/lazy/lazydev.nvim/lua/lazydev/cmd.lua , size = 1.574 KB
[12:25:38.609][info] [#0:script\workspace\loading.lua:100]: Preload file at: file:///c%3A/Users/downloader/AppData/Local/nvim-data/lazy/lazydev.nvim/lua/lazydev/config.lua , size = 3.240 KB
[12:25:38.611][info] [#0:script\workspace\loading.lua:100]: Preload file at: file:///c%3A/Users/downloader/AppData/Local/nvim-data/lazy/lazydev.nvim/lua/lazydev/init.lua , size = 0.516 KB
[12:25:38.611][info] [#0:script\workspace\loading.lua:100]: Preload file at: file:///c%3A/Users/downloader/AppData/Local/nvim-data/lazy/lazydev.nvim/lua/lazydev/integrations/blink.lua , size = 2.511 KB
[12:25:38.613][info] [#0:script\workspace\loading.lua:100]: Preload file at: file:///c%3A/Users/downloader/AppData/Local/nvim-data/lazy/lazydev.nvim/lua/lazydev/integrations/cmp.lua , size = 1.782 KB
[12:25:38.614][info] [#0:script\workspace\loading.lua:100]: Preload file at: file:///c%3A/Users/downloader/AppData/Local/nvim-data/lazy/lazydev.nvim/lua/lazydev/integrations/coq.lua , size = 1.952 KB
[12:25:38.615][info] [#0:script\workspace\loading.lua:100]: Preload file at: file:///c%3A/Users/downloader/AppData/Local/nvim-data/lazy/lazydev.nvim/lua/lazydev/integrations/init.lua , size = 1.311 KB
[12:25:38.616][info] [#0:script\workspace\loading.lua:100]: Preload file at: file:///c%3A/Users/downloader/AppData/Local/nvim-data/lazy/lazydev.nvim/lua/lazydev/integrations/lspconfig.lua , size = 0.400 KB
[12:25:38.616][info] [#0:script\workspace\loading.lua:100]: Preload file at: file:///c%3A/Users/downloader/AppData/Local/nvim-data/lazy/lazydev.nvim/lua/lazydev/lsp.lua , size = 2.803 KB
[12:25:38.618][info] [#0:script\workspace\loading.lua:100]: Preload file at: file:///c%3A/Users/downloader/AppData/Local/nvim-data/lazy/lazydev.nvim/lua/lazydev/pkg.lua , size = 5.915 KB
[12:25:38.621][info] [#0:script\workspace\loading.lua:100]: Preload file at: file:///c%3A/Users/downloader/AppData/Local/nvim-data/lazy/lazydev.nvim/lua/lazydev/util.lua , size = 1.588 KB
[12:25:38.622][info] [#0:script\workspace\loading.lua:100]: Preload file at: file:///c%3A/Users/downloader/AppData/Local/nvim-data/lazy/lazydev.nvim/lua/lazydev/workspace.lua , size = 6.006 KB
[12:25:38.626][info] [#0:script\workspace\loading.lua:100]: Preload file at: file:///c%3A/Users/downloader/AppData/Local/nvim-data/lazy/LuaSnip/deps/jsregexp/EmmyLua/jsregexp/core.lua , size = 5.720 KB
[12:25:38.628][info] [#0:script\workspace\loading.lua:100]: Preload file at: file:///c%3A/Users/downloader/AppData/Local/nvim-data/lazy/LuaSnip/deps/jsregexp/jsregexp.lua , size = 6.144 KB
[12:25:38.631][info] [#0:script\workspace\loading.lua:100]: Preload file at: file:///c%3A/Users/downloader/AppData/Local/nvim-data/lazy/LuaSnip/deps/jsregexp/test.lua , size = 11.462 KB
[12:25:38.636][info] [#0:script\workspace\loading.lua:100]: Preload file at: file:///c%3A/Users/downloader/AppData/Local/nvim-data/lazy/LuaSnip/deps/jsregexp005/test.lua , size = 6.400 KB
[12:25:38.639][info] [#0:script\workspace\loading.lua:100]: Preload file at: file:///c%3A/Users/downloader/AppData/Local/nvim-data/lazy/LuaSnip/deps/jsregexp006/jsregexp.lua , size = 6.295 KB
[12:25:38.642][info] [#0:script\workspace\loading.lua:100]: Preload file at: file:///c%3A/Users/downloader/AppData/Local/nvim-data/lazy/LuaSnip/deps/jsregexp006/test.lua , size = 13.872 KB
[12:25:38.647][info] [#0:script\workspace\loading.lua:100]: Preload file at: file:///c%3A/Users/downloader/AppData/Local/nvim-data/lazy/LuaSnip/Examples/snippets.lua , size = 17.584 KB
[12:25:38.654][info] [#0:script\workspace\loading.lua:100]: Preload file at: file:///c%3A/Users/downloader/AppData/Local/nvim-data/lazy/LuaSnip/lua/luasnip/config.lua , size = 4.110 KB
[12:25:38.655][info] [#0:script\workspace\loading.lua:100]: Preload file at: file:///c%3A/Users/downloader/AppData/Local/nvim-data/lazy/LuaSnip/lua/luasnip/default_config.lua , size = 6.488 KB
[12:25:38.657][info] [#0:script\workspace\loading.lua:100]: Preload file at: file:///c%3A/Users/downloader/AppData/Local/nvim-data/lazy/LuaSnip/lua/luasnip/extras/conditions/expand.lua , size = 2.423 KB
[12:25:38.658][info] [#0:script\workspace\loading.lua:100]: Preload file at: file:///c%3A/Users/downloader/AppData/Local/nvim-data/lazy/LuaSnip/lua/luasnip/extras/conditions/init.lua , size = 1.211 KB
[12:25:38.659][info] [#0:script\workspace\loading.lua:100]: Preload file at: file:///c%3A/Users/downloader/AppData/Local/nvim-data/lazy/LuaSnip/lua/luasnip/extras/conditions/show.lua , size = 0.623 KB
[12:25:38.659][info] [#0:script\workspace\loading.lua:100]: Preload file at: file:///c%3A/Users/downloader/AppData/Local/nvim-data/lazy/LuaSnip/lua/luasnip/extras/expand_conditions.lua , size = 0.050 KB
[12:25:38.660][info] [#0:script\workspace\loading.lua:100]: Preload file at: file:///c%3A/Users/downloader/AppData/Local/nvim-data/lazy/LuaSnip/lua/luasnip/extras/filetype_functions.lua , size = 2.316 KB
[12:25:38.661][info] [#0:script\workspace\loading.lua:100]: Preload file at: file:///c%3A/Users/downloader/AppData/Local/nvim-data/lazy/LuaSnip/lua/luasnip/extras/fmt.lua , size = 6.761 KB
[12:25:38.665][info] [#0:script\workspace\loading.lua:100]: Preload file at: file:///c%3A/Users/downloader/AppData/Local/nvim-data/lazy/LuaSnip/lua/luasnip/extras/init.lua , size = 3.793 KB
[12:25:38.667][info] [#0:script\workspace\loading.lua:100]: Preload file at: file:///c%3A/Users/downloader/AppData/Local/nvim-data/lazy/LuaSnip/lua/luasnip/extras/otf.lua , size = 2.137 KB
[12:25:38.668][info] [#0:script\workspace\loading.lua:100]: Preload file at: file:///c%3A/Users/downloader/AppData/Local/nvim-data/lazy/LuaSnip/lua/luasnip/extras/postfix.lua , size = 1.949 KB
[12:25:38.669][info] [#0:script\workspace\loading.lua:100]: Preload file at: file:///c%3A/Users/downloader/AppData/Local/nvim-data/lazy/LuaSnip/lua/luasnip/extras/select_choice.lua , size = 0.527 KB
[12:25:38.669][info] [#0:script\workspace\loading.lua:100]: Preload file at: file:///c%3A/Users/downloader/AppData/Local/nvim-data/lazy/LuaSnip/lua/luasnip/extras/snippet_list.lua , size = 2.207 KB
[12:25:38.670][info] [#0:script\workspace\loading.lua:100]: Preload file at: file:///c%3A/Users/downloader/AppData/Local/nvim-data/lazy/LuaSnip/lua/luasnip/extras/snip_location.lua , size = 4.831 KB
[12:25:38.672][info] [#0:script\workspace\loading.lua:100]: Preload file at: file:///c%3A/Users/downloader/AppData/Local/nvim-data/lazy/LuaSnip/lua/luasnip/extras/treesitter_postfix.lua , size = 7.877 KB
[12:25:38.676][info] [#0:script\workspace\loading.lua:100]: Preload file at: file:///c%3A/Users/downloader/AppData/Local/nvim-data/lazy/LuaSnip/lua/luasnip/extras/_extra_types.lua , size = 1.424 KB
[12:25:38.677][info] [#0:script\workspace\loading.lua:100]: Preload file at: file:///c%3A/Users/downloader/AppData/Local/nvim-data/lazy/LuaSnip/lua/luasnip/extras/_lambda.lua , size = 8.079 KB
[12:25:38.681][info] [#0:script\workspace\loading.lua:100]: Preload file at: file:///c%3A/Users/downloader/AppData/Local/nvim-data/lazy/LuaSnip/lua/luasnip/extras/_parser_combinator.lua , size = 2.056 KB
[12:25:38.682][info] [#0:script\workspace\loading.lua:100]: Preload file at: file:///c%3A/Users/downloader/AppData/Local/nvim-data/lazy/LuaSnip/lua/luasnip/extras/_treesitter.lua , size = 10.744 KB
[12:25:38.686][info] [#0:script\workspace\loading.lua:100]: Preload file at: file:///c%3A/Users/downloader/AppData/Local/nvim-data/lazy/LuaSnip/lua/luasnip/health.lua , size = 0.380 KB
[12:25:38.686][info] [#0:script\workspace\loading.lua:100]: Preload file at: file:///c%3A/Users/downloader/AppData/Local/nvim-data/lazy/LuaSnip/lua/luasnip/init.lua , size = 39.744 KB
[12:25:38.700][info] [#0:script\workspace\loading.lua:100]: Preload file at: file:///c%3A/Users/downloader/AppData/Local/nvim-data/lazy/LuaSnip/lua/luasnip/loaders/data.lua , size = 0.816 KB
[12:25:38.700][info] [#0:script\workspace\loading.lua:100]: Preload file at: file:///c%3A/Users/downloader/AppData/Local/nvim-data/lazy/LuaSnip/lua/luasnip/loaders/from_lua.lua , size = 13.186 KB
[12:25:38.705][info] [#0:script\workspace\loading.lua:100]: Preload file at: file:///c%3A/Users/downloader/AppData/Local/nvim-data/lazy/LuaSnip/lua/luasnip/loaders/from_snipmate.lua , size = 15.168 KB
[12:25:38.710][info] [#0:script\workspace\loading.lua:100]: Preload file at: file:///c%3A/Users/downloader/AppData/Local/nvim-data/lazy/LuaSnip/lua/luasnip/loaders/from_vscode.lua , size = 17.689 KB
[12:25:38.716][info] [#0:script\workspace\loading.lua:100]: Preload file at: file:///c%3A/Users/downloader/AppData/Local/nvim-data/lazy/LuaSnip/lua/luasnip/loaders/fs_watchers.lua , size = 20.396 KB
[12:25:38.724][info] [#0:script\workspace\loading.lua:100]: Preload file at: file:///c%3A/Users/downloader/AppData/Local/nvim-data/lazy/LuaSnip/lua/luasnip/loaders/init.lua , size = 4.425 KB
[12:25:38.725][info] [#0:script\workspace\loading.lua:100]: Preload file at: file:///c%3A/Users/downloader/AppData/Local/nvim-data/lazy/LuaSnip/lua/luasnip/loaders/snippet_cache.lua , size = 2.640 KB
[12:25:38.727][info] [#0:script\workspace\loading.lua:100]: Preload file at: file:///c%3A/Users/downloader/AppData/Local/nvim-data/lazy/LuaSnip/lua/luasnip/loaders/types.lua , size = 0.727 KB
[12:25:38.727][info] [#0:script\workspace\loading.lua:100]: Preload file at: file:///c%3A/Users/downloader/AppData/Local/nvim-data/lazy/LuaSnip/lua/luasnip/loaders/util.lua , size = 8.981 KB
[12:25:38.730][info] [#0:script\workspace\loading.lua:100]: Preload file at: file:///c%3A/Users/downloader/AppData/Local/nvim-data/lazy/LuaSnip/lua/luasnip/nodes/absolute_indexer.lua , size = 0.622 KB
[12:25:38.731][info] [#0:script\workspace\loading.lua:100]: Preload file at: file:///c%3A/Users/downloader/AppData/Local/nvim-data/lazy/LuaSnip/lua/luasnip/nodes/choiceNode.lua , size = 13.193 KB
[12:25:38.736][info] [#0:script\workspace\loading.lua:100]: Preload file at: file:///c%3A/Users/downloader/AppData/Local/nvim-data/lazy/LuaSnip/lua/luasnip/nodes/duplicate.lua , size = 1.745 KB
[12:25:38.737][info] [#0:script\workspace\loading.lua:100]: Preload file at: file:///c%3A/Users/downloader/AppData/Local/nvim-data/lazy/LuaSnip/lua/luasnip/nodes/dynamicNode.lua , size = 10.689 KB
[12:25:38.742][info] [#0:script\workspace\loading.lua:100]: Preload file at: file:///c%3A/Users/downloader/AppData/Local/nvim-data/lazy/LuaSnip/lua/luasnip/nodes/functionNode.lua , size = 4.292 KB
[12:25:38.744][info] [#0:script\workspace\loading.lua:100]: Preload file at: file:///c%3A/Users/downloader/AppData/Local/nvim-data/lazy/LuaSnip/lua/luasnip/nodes/insertNode.lua , size = 7.487 KB
[12:25:38.748][info] [#0:script\workspace\loading.lua:100]: Preload file at: file:///c%3A/Users/downloader/AppData/Local/nvim-data/lazy/LuaSnip/lua/luasnip/nodes/key_indexer.lua , size = 0.170 KB
[12:25:38.748][info] [#0:script\workspace\loading.lua:100]: Preload file at: file:///c%3A/Users/downloader/AppData/Local/nvim-data/lazy/LuaSnip/lua/luasnip/nodes/multiSnippet.lua , size = 3.218 KB
[12:25:38.749][info] [#0:script\workspace\loading.lua:100]: Preload file at: file:///c%3A/Users/downloader/AppData/Local/nvim-data/lazy/LuaSnip/lua/luasnip/nodes/node.lua , size = 19.668 KB
[12:25:38.759][info] [#0:script\workspace\loading.lua:100]: Preload file at: file:///c%3A/Users/downloader/AppData/Local/nvim-data/lazy/LuaSnip/lua/luasnip/nodes/restoreNode.lua , size = 7.661 KB
[12:25:38.763][info] [#0:script\workspace\loading.lua:100]: Preload file at: file:///c%3A/Users/downloader/AppData/Local/nvim-data/lazy/LuaSnip/lua/luasnip/nodes/snippetProxy.lua , size = 3.776 KB
[12:25:38.764][info] [#0:script\workspace\loading.lua:100]: Preload file at: file:///c%3A/Users/downloader/AppData/Local/nvim-data/lazy/LuaSnip/lua/luasnip/nodes/snippet.lua , size = 45.837 KB
[12:25:38.780][info] [#0:script\workspace\loading.lua:100]: Preload file at: file:///c%3A/Users/downloader/AppData/Local/nvim-data/lazy/LuaSnip/lua/luasnip/nodes/textNode.lua , size = 1.472 KB
[12:25:38.781][info] [#0:script\workspace\loading.lua:100]: Preload file at: file:///c%3A/Users/downloader/AppData/Local/nvim-data/lazy/LuaSnip/lua/luasnip/nodes/util/trig_engines.lua , size = 3.675 KB
[12:25:38.782][info] [#0:script\workspace\loading.lua:100]: Preload file at: file:///c%3A/Users/downloader/AppData/Local/nvim-data/lazy/LuaSnip/lua/luasnip/nodes/util.lua , size = 25.396 KB
[12:25:38.789][info] [#0:script\workspace\loading.lua:100]: Preload file at: file:///c%3A/Users/downloader/AppData/Local/nvim-data/lazy/LuaSnip/lua/luasnip/session/enqueueable_operations.lua , size = 0.670 KB
[12:25:38.790][info] [#0:script\workspace\loading.lua:100]: Preload file at: file:///c%3A/Users/downloader/AppData/Local/nvim-data/lazy/LuaSnip/lua/luasnip/session/init.lua , size = 1.293 KB
[12:25:38.790][info] [#0:script\workspace\loading.lua:100]: Preload file at: file:///c%3A/Users/downloader/AppData/Local/nvim-data/lazy/LuaSnip/lua/luasnip/session/snippet_collection/init.lua , size = 8.332 KB
[12:25:38.794][info] [#0:script\workspace\loading.lua:100]: Preload file at: file:///c%3A/Users/downloader/AppData/Local/nvim-data/lazy/LuaSnip/lua/luasnip/session/snippet_collection/source.lua , size = 0.750 KB
[12:25:38.794][info] [#0:script\workspace\loading.lua:100]: Preload file at: file:///c%3A/Users/downloader/AppData/Local/nvim-data/lazy/LuaSnip/lua/luasnip/util/auto_table.lua , size = 1.429 KB
[12:25:38.795][info] [#0:script\workspace\loading.lua:100]: Preload file at: file:///c%3A/Users/downloader/AppData/Local/nvim-data/lazy/LuaSnip/lua/luasnip/util/dict.lua , size = 1.227 KB
[12:25:38.796][info] [#0:script\workspace\loading.lua:100]: Preload file at: file:///c%3A/Users/downloader/AppData/Local/nvim-data/lazy/LuaSnip/lua/luasnip/util/directed_graph.lua , size = 7.562 KB
[12:25:38.799][info] [#0:script\workspace\loading.lua:100]: Preload file at: file:///c%3A/Users/downloader/AppData/Local/nvim-data/lazy/LuaSnip/lua/luasnip/util/environ.lua , size = 3.968 KB
[12:25:38.801][info] [#0:script\workspace\loading.lua:100]: Preload file at: file:///c%3A/Users/downloader/AppData/Local/nvim-data/lazy/LuaSnip/lua/luasnip/util/events.lua , size = 0.370 KB
[12:25:38.802][info] [#0:script\workspace\loading.lua:100]: Preload file at: file:///c%3A/Users/downloader/AppData/Local/nvim-data/lazy/LuaSnip/lua/luasnip/util/extend_decorator.lua , size = 2.584 KB
[12:25:38.803][info] [#0:script\workspace\loading.lua:100]: Preload file at: file:///c%3A/Users/downloader/AppData/Local/nvim-data/lazy/LuaSnip/lua/luasnip/util/ext_opts.lua , size = 4.381 KB
[12:25:38.804][info] [#0:script\workspace\loading.lua:100]: Preload file at: file:///c%3A/Users/downloader/AppData/Local/nvim-data/lazy/LuaSnip/lua/luasnip/util/feedkeys.lua , size = 4.251 KB
[12:25:38.805][info] [#0:script\workspace\loading.lua:100]: Preload file at: file:///c%3A/Users/downloader/AppData/Local/nvim-data/lazy/LuaSnip/lua/luasnip/util/functions.lua , size = 0.890 KB
[12:25:38.806][info] [#0:script\workspace\loading.lua:100]: Preload file at: file:///c%3A/Users/downloader/AppData/Local/nvim-data/lazy/LuaSnip/lua/luasnip/util/jsonc.lua , size = 10.452 KB
[12:25:38.811][info] [#0:script\workspace\loading.lua:100]: Preload file at: file:///c%3A/Users/downloader/AppData/Local/nvim-data/lazy/LuaSnip/lua/luasnip/util/jsregexp.lua , size = 3.356 KB
[12:25:38.812][info] [#0:script\workspace\loading.lua:100]: Preload file at: file:///c%3A/Users/downloader/AppData/Local/nvim-data/lazy/LuaSnip/lua/luasnip/util/lazy_table.lua , size = 0.240 KB
[12:25:38.812][info] [#0:script\workspace\loading.lua:100]: Preload file at: file:///c%3A/Users/downloader/AppData/Local/nvim-data/lazy/LuaSnip/lua/luasnip/util/log.lua , size = 3.136 KB
[12:25:38.814][info] [#0:script\workspace\loading.lua:100]: Preload file at: file:///c%3A/Users/downloader/AppData/Local/nvim-data/lazy/LuaSnip/lua/luasnip/util/mark.lua , size = 4.427 KB
[12:25:38.816][info] [#0:script\workspace\loading.lua:100]: Preload file at: file:///c%3A/Users/downloader/AppData/Local/nvim-data/lazy/LuaSnip/lua/luasnip/util/parser/ast_parser.lua , size = 10.378 KB
[12:25:38.819][info] [#0:script\workspace\loading.lua:100]: Preload file at: file:///c%3A/Users/downloader/AppData/Local/nvim-data/lazy/LuaSnip/lua/luasnip/util/parser/ast_utils.lua , size = 13.928 KB
[12:25:38.824][info] [#0:script\workspace\loading.lua:100]: Preload file at: file:///c%3A/Users/downloader/AppData/Local/nvim-data/lazy/LuaSnip/lua/luasnip/util/parser/init.lua , size = 3.884 KB
[12:25:38.825][info] [#0:script\workspace\loading.lua:100]: Preload file at: file:///c%3A/Users/downloader/AppData/Local/nvim-data/lazy/LuaSnip/lua/luasnip/util/parser/neovim_ast.lua , size = 5.278 KB
[12:25:38.828][info] [#0:script\workspace\loading.lua:100]: Preload file at: file:///c%3A/Users/downloader/AppData/Local/nvim-data/lazy/LuaSnip/lua/luasnip/util/parser/neovim_parser.lua , size = 8.948 KB
[12:25:38.834][info] [#0:script\workspace\loading.lua:100]: Preload file at: file:///c%3A/Users/downloader/AppData/Local/nvim-data/lazy/LuaSnip/lua/luasnip/util/path.lua , size = 7.016 KB
[12:25:38.837][info] [#0:script\workspace\loading.lua:100]: Preload file at: file:///c%3A/Users/downloader/AppData/Local/nvim-data/lazy/LuaSnip/lua/luasnip/util/pattern_tokenizer.lua , size = 3.092 KB
[12:25:38.839][info] [#0:script\workspace\loading.lua:100]: Preload file at: file:///c%3A/Users/downloader/AppData/Local/nvim-data/lazy/LuaSnip/lua/luasnip/util/select.lua , size = 4.234 KB
[12:25:38.841][info] [#0:script\workspace\loading.lua:100]: Preload file at: file:///c%3A/Users/downloader/AppData/Local/nvim-data/lazy/LuaSnip/lua/luasnip/util/str.lua , size = 4.628 KB
[12:25:38.843][info] [#0:script\workspace\loading.lua:100]: Preload file at: file:///c%3A/Users/downloader/AppData/Local/nvim-data/lazy/LuaSnip/lua/luasnip/util/table.lua , size = 0.683 KB
[12:25:38.843][info] [#0:script\workspace\loading.lua:100]: Preload file at: file:///c%3A/Users/downloader/AppData/Local/nvim-data/lazy/LuaSnip/lua/luasnip/util/time.lua , size = 0.396 KB
[12:25:38.844][info] [#0:script\workspace\loading.lua:100]: Preload file at: file:///c%3A/Users/downloader/AppData/Local/nvim-data/lazy/LuaSnip/lua/luasnip/util/types.lua , size = 0.521 KB
[12:25:38.844][info] [#0:script\workspace\loading.lua:100]: Preload file at: file:///c%3A/Users/downloader/AppData/Local/nvim-data/lazy/LuaSnip/lua/luasnip/util/util.lua , size = 10.821 KB
[12:25:38.849][info] [#0:script\workspace\loading.lua:100]: Preload file at: file:///c%3A/Users/downloader/AppData/Local/nvim-data/lazy/LuaSnip/lua/luasnip/util/vimversion.lua , size = 0.266 KB
[12:25:38.849][info] [#0:script\workspace\loading.lua:100]: Preload file at: file:///c%3A/Users/downloader/AppData/Local/nvim-data/lazy/LuaSnip/lua/luasnip/util/_builtin_vars.lua , size = 4.841 KB
[12:25:38.851][info] [#0:script\workspace\loading.lua:100]: Preload file at: file:///c%3A/Users/downloader/AppData/Local/nvim-data/lazy/LuaSnip/lua/luasnip/_types.lua , size = 0.798 KB
[12:25:38.852][info] [#0:script\workspace\loading.lua:100]: Preload file at: file:///c%3A/Users/downloader/AppData/Local/nvim-data/lazy/LuaSnip/plugin/luasnip.lua , size = 3.245 KB
[12:25:38.853][info] [#0:script\workspace\loading.lua:100]: Preload file at: file:///c%3A/Users/downloader/AppData/Local/nvim-data/lazy/LuaSnip/tests/data/lua-snippets/luasnippets/all.lua , size = 0.117 KB
[12:25:38.853][info] [#0:script\workspace\loading.lua:100]: Preload file at: file:///c%3A/Users/downloader/AppData/Local/nvim-data/lazy/LuaSnip/tests/data/lua-snippets/luasnippets/lua/anyname.lua , size = 0.135 KB
[12:25:38.854][info] [#0:script\workspace\loading.lua:100]: Preload file at: file:///c%3A/Users/downloader/AppData/Local/nvim-data/lazy/LuaSnip/tests/data/lua-snippets/luasnippets/lua/test_env.lua , size = 0.376 KB
[12:25:38.854][info] [#0:script\workspace\loading.lua:100]: Preload file at: file:///c%3A/Users/downloader/AppData/Local/nvim-data/lazy/LuaSnip/tests/data/lua-snippets/luasnippets/prio.lua , size = 0.033 KB
[12:25:38.856][info] [#0:script\workspace\loading.lua:100]: Preload file at: file:///c%3A/Users/downloader/AppData/Local/nvim-data/lazy/LuaSnip/tests/data/lua-snippets/luasnippets2_env_test_extend/all.lua , size = 0.133 KB
[12:25:38.856][info] [#0:script\workspace\loading.lua:100]: Preload file at: file:///c%3A/Users/downloader/AppData/Local/nvim-data/lazy/LuaSnip/tests/data/lua-snippets/luasnippets2_env_test_set/all.lua , size = 0.082 KB
[12:25:38.856][info] [#0:script\workspace\loading.lua:100]: Preload file at: file:///c%3A/Users/downloader/AppData/Local/nvim-data/lazy/LuaSnip/tests/helpers.lua , size = 11.294 KB
[12:25:38.859][info] [#0:script\workspace\loading.lua:100]: Preload file at: file:///c%3A/Users/downloader/AppData/Local/nvim-data/lazy/LuaSnip/tests/integration/add_snippets_spec.lua , size = 10.904 KB
[12:25:39.023][warn] [#0:script\files.lua:708]: Compile [file:///c%3A/Users/downloader/AppData/Local/nvim-data/lazy/LuaSnip/tests/integration/add_snippets_spec.lua] takes [0.164] sec, size [11.166] kb.
[12:25:39.024][info] [#0:script\workspace\loading.lua:100]: Preload file at: file:///c%3A/Users/downloader/AppData/Local/nvim-data/lazy/LuaSnip/tests/integration/choice_spec.lua , size = 7.589 KB
[12:25:39.026][info] [#0:script\workspace\loading.lua:100]: Preload file at: file:///c%3A/Users/downloader/AppData/Local/nvim-data/lazy/LuaSnip/tests/integration/dynamic_spec.lua , size = 10.232 KB
[12:25:39.028][info] [#0:script\workspace\loading.lua:100]: Preload file at: file:///c%3A/Users/downloader/AppData/Local/nvim-data/lazy/LuaSnip/tests/integration/extras_spec.lua , size = 7.866 KB
[12:25:39.030][info] [#0:script\workspace\loading.lua:100]: Preload file at: file:///c%3A/Users/downloader/AppData/Local/nvim-data/lazy/LuaSnip/tests/integration/ext_opts_spec.lua , size = 4.596 KB
[12:25:39.050][info] [#0:script\workspace\loading.lua:100]: Preload file at: file:///c%3A/Users/downloader/AppData/Local/nvim-data/lazy/LuaSnip/tests/integration/fmt_spec.lua , size = 1.424 KB
[12:25:39.050][info] [#0:script\workspace\loading.lua:100]: Preload file at: file:///c%3A/Users/downloader/AppData/Local/nvim-data/lazy/LuaSnip/tests/integration/function_spec.lua , size = 8.038 KB
[12:25:39.052][info] [#0:script\workspace\loading.lua:100]: Preload file at: file:///c%3A/Users/downloader/AppData/Local/nvim-data/lazy/LuaSnip/tests/integration/jump_spec.lua , size = 6.809 KB
[12:25:39.054][info] [#0:script\workspace\loading.lua:100]: Preload file at: file:///c%3A/Users/downloader/AppData/Local/nvim-data/lazy/LuaSnip/tests/integration/loaders_spec.lua , size = 34.766 KB
[12:25:39.061][info] [#0:script\workspace\loading.lua:100]: Preload file at: file:///c%3A/Users/downloader/AppData/Local/nvim-data/lazy/LuaSnip/tests/integration/multisnippet_spec.lua , size = 4.835 KB
[12:25:39.062][info] [#0:script\workspace\loading.lua:100]: Preload file at: file:///c%3A/Users/downloader/AppData/Local/nvim-data/lazy/LuaSnip/tests/integration/parser_spec.lua , size = 29.006 KB
[12:25:39.068][info] [#0:script\workspace\loading.lua:100]: Preload file at: file:///c%3A/Users/downloader/AppData/Local/nvim-data/lazy/LuaSnip/tests/integration/postfix_snippet_spec.lua , size = 5.048 KB
[12:25:39.069][info] [#0:script\workspace\loading.lua:100]: Preload file at: file:///c%3A/Users/downloader/AppData/Local/nvim-data/lazy/LuaSnip/tests/integration/restore_spec.lua , size = 9.282 KB
[12:25:39.072][info] [#0:script\workspace\loading.lua:100]: Preload file at: file:///c%3A/Users/downloader/AppData/Local/nvim-data/lazy/LuaSnip/tests/integration/selection_spec.lua , size = 3.840 KB
[12:25:39.073][info] [#0:script\workspace\loading.lua:100]: Preload file at: file:///c%3A/Users/downloader/AppData/Local/nvim-data/lazy/LuaSnip/tests/integration/select_spec.lua , size = 9.218 KB
[12:25:39.074][info] [#0:script\workspace\loading.lua:100]: Preload file at: file:///c%3A/Users/downloader/AppData/Local/nvim-data/lazy/LuaSnip/tests/integration/session_spec.lua , size = 98.363 KB
[12:25:39.083][info] [#0:script\workspace\loading.lua:100]: Preload file at: file:///c%3A/Users/downloader/AppData/Local/nvim-data/lazy/LuaSnip/tests/integration/simple_nodes_spec.lua , size = 1.033 KB
[12:25:39.083][info] [#0:script\workspace\loading.lua:100]: Preload file at: file:///c%3A/Users/downloader/AppData/Local/nvim-data/lazy/LuaSnip/tests/integration/snippet_basics_spec.lua , size = 47.007 KB
[12:25:39.092][info] [#0:script\workspace\loading.lua:100]: Preload file at: file:///c%3A/Users/downloader/AppData/Local/nvim-data/lazy/LuaSnip/tests/integration/snippet_ft_spec.lua , size = 5.481 KB
[12:25:39.093][info] [#0:script\workspace\loading.lua:100]: Preload file at: file:///c%3A/Users/downloader/AppData/Local/nvim-data/lazy/LuaSnip/tests/integration/source_spec.lua , size = 7.523 KB
[12:25:39.094][info] [#0:script\workspace\loading.lua:100]: Preload file at: file:///c%3A/Users/downloader/AppData/Local/nvim-data/lazy/LuaSnip/tests/integration/treesitter_postfix_spec.lua , size = 4.912 KB
[12:25:39.095][info] [#0:script\workspace\loading.lua:100]: Preload file at: file:///c%3A/Users/downloader/AppData/Local/nvim-data/lazy/LuaSnip/tests/unit/conditions_spec.lua , size = 7.566 KB
[12:25:39.098][info] [#0:script\workspace\loading.lua:100]: Preload file at: file:///c%3A/Users/downloader/AppData/Local/nvim-data/lazy/LuaSnip/tests/unit/directed_graph_spec.lua , size = 2.063 KB
[12:25:39.099][info] [#0:script\workspace\loading.lua:100]: Preload file at: file:///c%3A/Users/downloader/AppData/Local/nvim-data/lazy/LuaSnip/tests/unit/environ_spec.lua , size = 5.523 KB
[12:25:39.100][info] [#0:script\workspace\loading.lua:100]: Preload file at: file:///c%3A/Users/downloader/AppData/Local/nvim-data/lazy/LuaSnip/tests/unit/extend_decorator_spec.lua , size = 2.052 KB
[12:25:39.101][info] [#0:script\workspace\loading.lua:100]: Preload file at: file:///c%3A/Users/downloader/AppData/Local/nvim-data/lazy/LuaSnip/tests/unit/fmt_spec.lua , size = 5.166 KB
[12:25:39.102][info] [#0:script\workspace\loading.lua:100]: Preload file at: file:///c%3A/Users/downloader/AppData/Local/nvim-data/lazy/LuaSnip/tests/unit/fswatcher_spec.lua , size = 6.893 KB
[12:25:39.104][info] [#0:script\workspace\loading.lua:100]: Preload file at: file:///c%3A/Users/downloader/AppData/Local/nvim-data/lazy/LuaSnip/tests/unit/loader_spec.lua , size = 0.824 KB
[12:25:39.105][info] [#0:script\workspace\loading.lua:100]: Preload file at: file:///c%3A/Users/downloader/AppData/Local/nvim-data/lazy/LuaSnip/tests/unit/otf_spec.lua , size = 1.278 KB
[12:25:39.105][info] [#0:script\workspace\loading.lua:100]: Preload file at: file:///c%3A/Users/downloader/AppData/Local/nvim-data/lazy/LuaSnip/tests/unit/snippetProxy_spec.lua , size = 2.610 KB
[12:25:39.106][info] [#0:script\workspace\loading.lua:100]: Preload file at: file:///c%3A/Users/downloader/AppData/Local/nvim-data/lazy/LuaSnip/tests/unit/snippet_collection_spec.lua , size = 2.429 KB
[12:25:39.107][info] [#0:script\workspace\loading.lua:100]: Preload file at: file:///c%3A/Users/downloader/AppData/Local/nvim-data/lazy/LuaSnip/tests/unit/split_lines_spec.lua , size = 1.614 KB
[12:25:39.107][info] [#0:script\workspace\loading.lua:100]: Preload file at: file:///c%3A/Users/downloader/AppData/Local/nvim-data/lazy/LuaSnip/tests/unit/str_spec.lua , size = 4.510 KB
[12:25:39.109][info] [#0:script\workspace\loading.lua:100]: Preload file at: file:///c%3A/Users/downloader/AppData/Local/nvim-data/lazy/LuaSnip/tests/unit/utils_spec.lua , size = 3.114 KB
[12:25:39.110][info] [#0:script\workspace\loading.lua:100]: Preload file at: file:///c%3A/Users/downloader/AppData/Local/nvim-data/lazy/mason-lspconfig.nvim/after/lsp/omnisharp_mono.lua , size = 0.098 KB
[12:25:39.110][info] [#0:script\workspace\loading.lua:100]: Preload file at: file:///c%3A/Users/downloader/AppData/Local/nvim-data/lazy/mason-lspconfig.nvim/lua/mason-lspconfig/api/command.lua , size = 6.243 KB
[12:25:39.112][info] [#0:script\workspace\loading.lua:100]: Preload file at: file:///c%3A/Users/downloader/AppData/Local/nvim-data/lazy/mason-lspconfig.nvim/lua/mason-lspconfig/features/automatic_enable.lua , size = 2.212 KB
[12:25:39.113][info] [#0:script\workspace\loading.lua:100]: Preload file at: file:///c%3A/Users/downloader/AppData/Local/nvim-data/lazy/mason-lspconfig.nvim/lua/mason-lspconfig/features/ensure_installed.lua , size = 1.516 KB
[12:25:39.114][info] [#0:script\workspace\loading.lua:100]: Preload file at: file:///c%3A/Users/downloader/AppData/Local/nvim-data/lazy/mason-lspconfig.nvim/lua/mason-lspconfig/filetype_mappings.lua , size = 12.511 KB
[12:25:39.118][info] [#0:script\workspace\loading.lua:100]: Preload file at: file:///c%3A/Users/downloader/AppData/Local/nvim-data/lazy/mason-lspconfig.nvim/lua/mason-lspconfig/health.lua , size = 0.462 KB
[12:25:39.118][info] [#0:script\workspace\loading.lua:100]: Preload file at: file:///c%3A/Users/downloader/AppData/Local/nvim-data/lazy/mason-lspconfig.nvim/lua/mason-lspconfig/init.lua , size = 4.080 KB
[12:25:39.120][info] [#0:script\workspace\loading.lua:100]: Preload file at: file:///c%3A/Users/downloader/AppData/Local/nvim-data/lazy/mason-lspconfig.nvim/lua/mason-lspconfig/install.lua , size = 0.938 KB
[12:25:39.120][info] [#0:script\workspace\loading.lua:100]: Preload file at: file:///c%3A/Users/downloader/AppData/Local/nvim-data/lazy/mason-lspconfig.nvim/lua/mason-lspconfig/lsp/astro.lua , size = 0.541 KB
[12:25:39.120][info] [#0:script\workspace\loading.lua:100]: Preload file at: file:///c%3A/Users/downloader/AppData/Local/nvim-data/lazy/mason-lspconfig.nvim/lua/mason-lspconfig/lsp/bicep.lua , size = 0.037 KB
[12:25:39.121][info] [#0:script\workspace\loading.lua:100]: Preload file at: file:///c%3A/Users/downloader/AppData/Local/nvim-data/lazy/mason-lspconfig.nvim/lua/mason-lspconfig/lsp/bsl_ls.lua , size = 0.047 KB
[12:25:39.121][info] [#0:script\workspace\loading.lua:100]: Preload file at: file:///c%3A/Users/downloader/AppData/Local/nvim-data/lazy/mason-lspconfig.nvim/lua/mason-lspconfig/lsp/cobol_ls.lua , size = 0.433 KB
[12:25:39.121][info] [#0:script\workspace\loading.lua:100]: Preload file at: file:///c%3A/Users/downloader/AppData/Local/nvim-data/lazy/mason-lspconfig.nvim/lua/mason-lspconfig/lsp/elixirls.lua , size = 0.037 KB
[12:25:39.121][info] [#0:script\workspace\loading.lua:100]: Preload file at: file:///c%3A/Users/downloader/AppData/Local/nvim-data/lazy/mason-lspconfig.nvim/lua/mason-lspconfig/lsp/esbonio.lua , size = 0.035 KB
[12:25:39.121][info] [#0:script\workspace\loading.lua:100]: Preload file at: file:///c%3A/Users/downloader/AppData/Local/nvim-data/lazy/mason-lspconfig.nvim/lua/mason-lspconfig/lsp/gradle_ls.lua , size = 0.050 KB
[12:25:39.122][info] [#0:script\workspace\loading.lua:100]: Preload file at: file:///c%3A/Users/downloader/AppData/Local/nvim-data/lazy/mason-lspconfig.nvim/lua/mason-lspconfig/lsp/groovyls.lua , size = 0.050 KB
[12:25:39.122][info] [#0:script\workspace\loading.lua:100]: Preload file at: file:///c%3A/Users/downloader/AppData/Local/nvim-data/lazy/mason-lspconfig.nvim/lua/mason-lspconfig/lsp/java_language_server.lua , size = 0.048 KB
[12:25:39.122][info] [#0:script\workspace\loading.lua:100]: Preload file at: file:///c%3A/Users/downloader/AppData/Local/nvim-data/lazy/mason-lspconfig.nvim/lua/mason-lspconfig/lsp/julials.lua , size = 1.398 KB
[12:25:39.123][info] [#0:script\workspace\loading.lua:100]: Preload file at: file:///c%3A/Users/downloader/AppData/Local/nvim-data/lazy/mason-lspconfig.nvim/lua/mason-lspconfig/lsp/lexical.lua , size = 0.035 KB
[12:25:39.123][info] [#0:script\workspace\loading.lua:100]: Preload file at: file:///c%3A/Users/downloader/AppData/Local/nvim-data/lazy/mason-lspconfig.nvim/lua/mason-lspconfig/lsp/nextflow_ls.lua , size = 0.052 KB
[12:25:39.123][info] [#0:script\workspace\loading.lua:100]: Preload file at: file:///c%3A/Users/downloader/AppData/Local/nvim-data/lazy/mason-lspconfig.nvim/lua/mason-lspconfig/lsp/nextls.lua , size = 0.045 KB
[12:25:39.123][info] [#0:script\workspace\loading.lua:100]: Preload file at: file:///c%3A/Users/downloader/AppData/Local/nvim-data/lazy/mason-lspconfig.nvim/lua/mason-lspconfig/lsp/powershell_es.lua , size = 0.087 KB
[12:25:39.123][info] [#0:script\workspace\loading.lua:100]: Preload file at: file:///c%3A/Users/downloader/AppData/Local/nvim-data/lazy/mason-lspconfig.nvim/lua/mason-lspconfig/lsp/pylsp.lua , size = 2.332 KB
[12:25:39.124][info] [#0:script\workspace\loading.lua:100]: Preload file at: file:///c%3A/Users/downloader/AppData/Local/nvim-data/lazy/mason-lspconfig.nvim/lua/mason-lspconfig/lsp/raku_navigator.lua , size = 0.053 KB
[12:25:39.124][info] [#0:script\workspace\loading.lua:100]: Preload file at: file:///c%3A/Users/downloader/AppData/Local/nvim-data/lazy/mason-lspconfig.nvim/lua/mason-lspconfig/lsp/r_language_server.lua , size = 0.044 KB
[12:25:39.125][info] [#0:script\workspace\loading.lua:100]: Preload file at: file:///c%3A/Users/downloader/AppData/Local/nvim-data/lazy/mason-lspconfig.nvim/lua/mason-lspconfig/lsp/visualforce_ls.lua , size = 0.065 KB
[12:25:39.125][info] [#0:script\workspace\loading.lua:100]: Preload file at: file:///c%3A/Users/downloader/AppData/Local/nvim-data/lazy/mason-lspconfig.nvim/lua/mason-lspconfig/mappings.lua , size = 1.056 KB
[12:25:39.125][info] [#0:script\workspace\loading.lua:100]: Preload file at: file:///c%3A/Users/downloader/AppData/Local/nvim-data/lazy/mason-lspconfig.nvim/lua/mason-lspconfig/notify.lua , size = 0.166 KB
[12:25:39.126][info] [#0:script\workspace\loading.lua:100]: Preload file at: file:///c%3A/Users/downloader/AppData/Local/nvim-data/lazy/mason-lspconfig.nvim/lua/mason-lspconfig/server_configurations/apex_ls/init.lua , size = 0.132 KB
[12:25:39.126][info] [#0:script\workspace\loading.lua:100]: Preload file at: file:///c%3A/Users/downloader/AppData/Local/nvim-data/lazy/mason-lspconfig.nvim/lua/mason-lspconfig/server_configurations/drools_lsp/init.lua , size = 0.239 KB
[12:25:39.126][info] [#0:script\workspace\loading.lua:100]: Preload file at: file:///c%3A/Users/downloader/AppData/Local/nvim-data/lazy/mason-lspconfig.nvim/lua/mason-lspconfig/settings.lua , size = 0.989 KB
[12:25:39.127][info] [#0:script\workspace\loading.lua:100]: Preload file at: file:///c%3A/Users/downloader/AppData/Local/nvim-data/lazy/mason-lspconfig.nvim/lua/mason-lspconfig/typescript.lua , size = 1.724 KB
[12:25:39.127][info] [#0:script\workspace\loading.lua:100]: Preload file at: file:///c%3A/Users/downloader/AppData/Local/nvim-data/lazy/mason-lspconfig.nvim/lua/mason-lspconfig/version.lua , size = 0.206 KB
[12:25:39.128][info] [#0:script\workspace\loading.lua:100]: Preload file at: file:///c%3A/Users/downloader/AppData/Local/nvim-data/lazy/mason-lspconfig.nvim/scripts/lua/mason-scripts/mason-lspconfig/generate.lua , size = 1.340 KB
[12:25:39.128][info] [#0:script\workspace\loading.lua:100]: Preload file at: file:///c%3A/Users/downloader/AppData/Local/nvim-data/lazy/mason-lspconfig.nvim/scripts/lua/mason-scripts/utils.lua , size = 0.936 KB
[12:25:39.129][info] [#0:script\workspace\loading.lua:100]: Preload file at: file:///c%3A/Users/downloader/AppData/Local/nvim-data/lazy/mason-lspconfig.nvim/tests/helpers/lua/dummy-registry/dummy2_package.lua , size = 0.342 KB
[12:25:39.129][info] [#0:script\workspace\loading.lua:100]: Preload file at: file:///c%3A/Users/downloader/AppData/Local/nvim-data/lazy/mason-lspconfig.nvim/tests/helpers/lua/dummy-registry/dummy_package.lua , size = 0.337 KB
[12:25:39.130][info] [#0:script\workspace\loading.lua:100]: Preload file at: file:///c%3A/Users/downloader/AppData/Local/nvim-data/lazy/mason-lspconfig.nvim/tests/helpers/lua/dummy-registry/fail_dummy.lua , size = 0.433 KB
[12:25:39.130][info] [#0:script\workspace\loading.lua:100]: Preload file at: file:///c%3A/Users/downloader/AppData/Local/nvim-data/lazy/mason-lspconfig.nvim/tests/helpers/lua/dummy-registry/index.lua , size = 0.155 KB
[12:25:39.130][info] [#0:script\workspace\loading.lua:100]: Preload file at: file:///c%3A/Users/downloader/AppData/Local/nvim-data/lazy/mason-lspconfig.nvim/tests/helpers/lua/luassertx.lua , size = 1.932 KB
[12:25:39.131][info] [#0:script\workspace\loading.lua:100]: Preload file at: file:///c%3A/Users/downloader/AppData/Local/nvim-data/lazy/mason-lspconfig.nvim/tests/helpers/lua/test_helpers.lua , size = 1.133 KB
[12:25:39.132][info] [#0:script\workspace\loading.lua:100]: Preload file at: file:///c%3A/Users/downloader/AppData/Local/nvim-data/lazy/mason-lspconfig.nvim/tests/mason-lspconfig/api/api_spec.lua , size = 1.857 KB
[12:25:39.132][info] [#0:script\workspace\loading.lua:100]: Preload file at: file:///c%3A/Users/downloader/AppData/Local/nvim-data/lazy/mason-lspconfig.nvim/tests/mason-lspconfig/api/command_spec.lua , size = 2.301 KB
[12:25:39.133][info] [#0:script\workspace\loading.lua:100]: Preload file at: file:///c%3A/Users/downloader/AppData/Local/nvim-data/lazy/mason-lspconfig.nvim/tests/mason-lspconfig/setup_spec.lua , size = 6.387 KB
[12:25:39.136][info] [#0:script\workspace\loading.lua:100]: Preload file at: file:///c%3A/Users/downloader/AppData/Local/nvim-data/lazy/mason-tool-installer.nvim/lua/mason-tool-installer/init.lua , size = 8.992 KB
[12:25:39.139][info] [#0:script\workspace\loading.lua:100]: Preload file at: file:///c%3A/Users/downloader/AppData/Local/nvim-data/lazy/mason-tool-installer.nvim/plugin/mason-tool-installer.lua , size = 0.930 KB
[12:25:39.140][info] [#0:script\workspace\loading.lua:100]: Preload file at: file:///c%3A/Users/downloader/AppData/Local/nvim-data/lazy/mason.nvim/lua/mason/api/command.lua , size = 9.373 KB
[12:25:39.143][info] [#0:script\workspace\loading.lua:100]: Preload file at: file:///c%3A/Users/downloader/AppData/Local/nvim-data/lazy/mason.nvim/lua/mason/health.lua , size = 10.296 KB
[12:25:39.147][info] [#0:script\workspace\loading.lua:100]: Preload file at: file:///c%3A/Users/downloader/AppData/Local/nvim-data/lazy/mason.nvim/lua/mason/init.lua , size = 0.820 KB
[12:25:39.148][info] [#0:script\workspace\loading.lua:100]: Preload file at: file:///c%3A/Users/downloader/AppData/Local/nvim-data/lazy/mason.nvim/lua/mason/providers/client/gh.lua , size = 1.462 KB
[12:25:39.148][info] [#0:script\workspace\loading.lua:100]: Preload file at: file:///c%3A/Users/downloader/AppData/Local/nvim-data/lazy/mason.nvim/lua/mason/providers/client/golang.lua , size = 0.470 KB
[12:25:39.149][info] [#0:script\workspace\loading.lua:100]: Preload file at: file:///c%3A/Users/downloader/AppData/Local/nvim-data/lazy/mason.nvim/lua/mason/providers/client/init.lua , size = 0.337 KB
[12:25:39.149][info] [#0:script\workspace\loading.lua:100]: Preload file at: file:///c%3A/Users/downloader/AppData/Local/nvim-data/lazy/mason.nvim/lua/mason/providers/client/npm.lua , size = 0.580 KB
[12:25:39.149][info] [#0:script\workspace\loading.lua:100]: Preload file at: file:///c%3A/Users/downloader/AppData/Local/nvim-data/lazy/mason.nvim/lua/mason/providers/client/openvsx.lua , size = 0.872 KB
[12:25:39.150][info] [#0:script\workspace\loading.lua:100]: Preload file at: file:///c%3A/Users/downloader/AppData/Local/nvim-data/lazy/mason.nvim/lua/mason/providers/client/pypi.lua , size = 2.260 KB
[12:25:39.151][info] [#0:script\workspace\loading.lua:100]: Preload file at: file:///c%3A/Users/downloader/AppData/Local/nvim-data/lazy/mason.nvim/lua/mason/providers/client/rubygems.lua , size = 0.888 KB
[12:25:39.152][info] [#0:script\workspace\loading.lua:100]: Preload file at: file:///c%3A/Users/downloader/AppData/Local/nvim-data/lazy/mason.nvim/lua/mason/providers/registry-api/init.lua , size = 2.942 KB
[12:25:39.153][info] [#0:script\workspace\loading.lua:100]: Preload file at: file:///c%3A/Users/downloader/AppData/Local/nvim-data/lazy/mason.nvim/lua/mason/settings.lua , size = 5.792 KB
[12:25:39.154][info] [#0:script\workspace\loading.lua:100]: Preload file at: file:///c%3A/Users/downloader/AppData/Local/nvim-data/lazy/mason.nvim/lua/mason/ui/colors.lua , size = 1.300 KB
[12:25:39.155][info] [#0:script\workspace\loading.lua:100]: Preload file at: file:///c%3A/Users/downloader/AppData/Local/nvim-data/lazy/mason.nvim/lua/mason/ui/components/header.lua , size = 2.866 KB
[12:25:39.156][info] [#0:script\workspace\loading.lua:100]: Preload file at: file:///c%3A/Users/downloader/AppData/Local/nvim-data/lazy/mason.nvim/lua/mason/ui/components/help/dap.lua , size = 1.014 KB
[12:25:39.156][info] [#0:script\workspace\loading.lua:100]: Preload file at: file:///c%3A/Users/downloader/AppData/Local/nvim-data/lazy/mason.nvim/lua/mason/ui/components/help/formatter.lua , size = 0.629 KB
[12:25:39.156][info] [#0:script\workspace\loading.lua:100]: Preload file at: file:///c%3A/Users/downloader/AppData/Local/nvim-data/lazy/mason.nvim/lua/mason/ui/components/help/init.lua , size = 7.583 KB
[12:25:39.159][info] [#0:script\workspace\loading.lua:100]: Preload file at: file:///c%3A/Users/downloader/AppData/Local/nvim-data/lazy/mason.nvim/lua/mason/ui/components/help/linter.lua , size = 0.669 KB
[12:25:39.159][info] [#0:script\workspace\loading.lua:100]: Preload file at: file:///c%3A/Users/downloader/AppData/Local/nvim-data/lazy/mason.nvim/lua/mason/ui/components/help/lsp.lua , size = 1.118 KB
[12:25:39.160][info] [#0:script\workspace\loading.lua:100]: Preload file at: file:///c%3A/Users/downloader/AppData/Local/nvim-data/lazy/mason.nvim/lua/mason/ui/components/json-schema.lua , size = 6.487 KB
[12:25:39.162][info] [#0:script\workspace\loading.lua:100]: Preload file at: file:///c%3A/Users/downloader/AppData/Local/nvim-data/lazy/mason.nvim/lua/mason/ui/components/language-filter.lua , size = 1.094 KB
[12:25:39.163][info] [#0:script\workspace\loading.lua:100]: Preload file at: file:///c%3A/Users/downloader/AppData/Local/nvim-data/lazy/mason.nvim/lua/mason/ui/components/main/init.lua , size = 0.238 KB
[12:25:39.164][info] [#0:script\workspace\loading.lua:100]: Preload file at: file:///c%3A/Users/downloader/AppData/Local/nvim-data/lazy/mason.nvim/lua/mason/ui/components/main/package_list.lua , size = 15.288 KB
[12:25:39.169][info] [#0:script\workspace\loading.lua:100]: Preload file at: file:///c%3A/Users/downloader/AppData/Local/nvim-data/lazy/mason.nvim/lua/mason/ui/components/tabs.lua , size = 1.249 KB
[12:25:39.170][info] [#0:script\workspace\loading.lua:100]: Preload file at: file:///c%3A/Users/downloader/AppData/Local/nvim-data/lazy/mason.nvim/lua/mason/ui/init.lua , size = 0.438 KB
[12:25:39.170][info] [#0:script\workspace\loading.lua:100]: Preload file at: file:///c%3A/Users/downloader/AppData/Local/nvim-data/lazy/mason.nvim/lua/mason/ui/instance.lua , size = 24.743 KB
[12:25:39.180][info] [#0:script\workspace\loading.lua:100]: Preload file at: file:///c%3A/Users/downloader/AppData/Local/nvim-data/lazy/mason.nvim/lua/mason/ui/palette.lua , size = 0.844 KB
[12:25:39.181][info] [#0:script\workspace\loading.lua:100]: Preload file at: file:///c%3A/Users/downloader/AppData/Local/nvim-data/lazy/mason.nvim/lua/mason/version.lua , size = 0.206 KB
[12:25:39.181][info] [#0:script\workspace\loading.lua:100]: Preload file at: file:///c%3A/Users/downloader/AppData/Local/nvim-data/lazy/mason.nvim/lua/mason-core/async/control.lua , size = 3.644 KB
[12:25:39.183][info] [#0:script\workspace\loading.lua:100]: Preload file at: file:///c%3A/Users/downloader/AppData/Local/nvim-data/lazy/mason.nvim/lua/mason-core/async/init.lua , size = 5.850 KB
[12:25:39.186][info] [#0:script\workspace\loading.lua:100]: Preload file at: file:///c%3A/Users/downloader/AppData/Local/nvim-data/lazy/mason.nvim/lua/mason-core/async/uv.lua , size = 0.989 KB
[12:25:39.186][info] [#0:script\workspace\loading.lua:100]: Preload file at: file:///c%3A/Users/downloader/AppData/Local/nvim-data/lazy/mason.nvim/lua/mason-core/EventEmitter.lua , size = 2.331 KB
[12:25:39.188][info] [#0:script\workspace\loading.lua:100]: Preload file at: file:///c%3A/Users/downloader/AppData/Local/nvim-data/lazy/mason.nvim/lua/mason-core/fetch.lua , size = 4.724 KB
[12:25:39.189][info] [#0:script\workspace\loading.lua:100]: Preload file at: file:///c%3A/Users/downloader/AppData/Local/nvim-data/lazy/mason.nvim/lua/mason-core/fs.lua , size = 5.315 KB
[12:25:39.192][info] [#0:script\workspace\loading.lua:100]: Preload file at: file:///c%3A/Users/downloader/AppData/Local/nvim-data/lazy/mason.nvim/lua/mason-core/functional/data.lua , size = 0.495 KB
[12:25:39.192][info] [#0:script\workspace\loading.lua:100]: Preload file at: file:///c%3A/Users/downloader/AppData/Local/nvim-data/lazy/mason.nvim/lua/mason-core/functional/function.lua , size = 3.153 KB
[12:25:39.194][info] [#0:script\workspace\loading.lua:100]: Preload file at: file:///c%3A/Users/downloader/AppData/Local/nvim-data/lazy/mason.nvim/lua/mason-core/functional/init.lua , size = 4.172 KB
[12:25:39.197][info] [#0:script\workspace\loading.lua:100]: Preload file at: file:///c%3A/Users/downloader/AppData/Local/nvim-data/lazy/mason.nvim/lua/mason-core/functional/list.lua , size = 6.728 KB
[12:25:39.201][info] [#0:script\workspace\loading.lua:100]: Preload file at: file:///c%3A/Users/downloader/AppData/Local/nvim-data/lazy/mason.nvim/lua/mason-core/functional/logic.lua , size = 1.873 KB
[12:25:39.203][info] [#0:script\workspace\loading.lua:100]: Preload file at: file:///c%3A/Users/downloader/AppData/Local/nvim-data/lazy/mason.nvim/lua/mason-core/functional/number.lua , size = 0.618 KB
[12:25:39.203][info] [#0:script\workspace\loading.lua:100]: Preload file at: file:///c%3A/Users/downloader/AppData/Local/nvim-data/lazy/mason.nvim/lua/mason-core/functional/relation.lua , size = 0.957 KB
[12:25:39.204][info] [#0:script\workspace\loading.lua:100]: Preload file at: file:///c%3A/Users/downloader/AppData/Local/nvim-data/lazy/mason.nvim/lua/mason-core/functional/string.lua , size = 3.386 KB
[12:25:39.206][info] [#0:script\workspace\loading.lua:100]: Preload file at: file:///c%3A/Users/downloader/AppData/Local/nvim-data/lazy/mason.nvim/lua/mason-core/functional/table.lua , size = 2.533 KB
[12:25:39.208][info] [#0:script\workspace\loading.lua:100]: Preload file at: file:///c%3A/Users/downloader/AppData/Local/nvim-data/lazy/mason.nvim/lua/mason-core/functional/type.lua , size = 0.310 KB
[12:25:39.209][info] [#0:script\workspace\loading.lua:100]: Preload file at: file:///c%3A/Users/downloader/AppData/Local/nvim-data/lazy/mason.nvim/lua/mason-core/installer/compiler/compilers/cargo.lua , size = 2.138 KB
[12:25:39.210][info] [#0:script\workspace\loading.lua:100]: Preload file at: file:///c%3A/Users/downloader/AppData/Local/nvim-data/lazy/mason.nvim/lua/mason-core/installer/compiler/compilers/composer.lua , size = 0.878 KB
[12:25:39.210][info] [#0:script\workspace\loading.lua:100]: Preload file at: file:///c%3A/Users/downloader/AppData/Local/nvim-data/lazy/mason.nvim/lua/mason-core/installer/compiler/compilers/gem.lua , size = 0.938 KB
[12:25:39.211][info] [#0:script\workspace\loading.lua:100]: Preload file at: file:///c%3A/Users/downloader/AppData/Local/nvim-data/lazy/mason.nvim/lua/mason-core/installer/compiler/compilers/generic/build.lua , size = 1.244 KB
[12:25:39.212][info] [#0:script\workspace\loading.lua:100]: Preload file at: file:///c%3A/Users/downloader/AppData/Local/nvim-data/lazy/mason.nvim/lua/mason-core/installer/compiler/compilers/generic/download.lua , size = 1.589 KB
[12:25:39.213][info] [#0:script\workspace\loading.lua:100]: Preload file at: file:///c%3A/Users/downloader/AppData/Local/nvim-data/lazy/mason.nvim/lua/mason-core/installer/compiler/compilers/generic/init.lua , size = 1.392 KB
[12:25:39.213][info] [#0:script\workspace\loading.lua:100]: Preload file at: file:///c%3A/Users/downloader/AppData/Local/nvim-data/lazy/mason.nvim/lua/mason-core/installer/compiler/compilers/github/build.lua , size = 1.434 KB
[12:25:39.214][info] [#0:script\workspace\loading.lua:100]: Preload file at: file:///c%3A/Users/downloader/AppData/Local/nvim-data/lazy/mason.nvim/lua/mason-core/installer/compiler/compilers/github/init.lua , size = 1.718 KB
[12:25:39.215][info] [#0:script\workspace\loading.lua:100]: Preload file at: file:///c%3A/Users/downloader/AppData/Local/nvim-data/lazy/mason.nvim/lua/mason-core/installer/compiler/compilers/github/release.lua , size = 1.844 KB
[12:25:39.217][info] [#0:script\workspace\loading.lua:100]: Preload file at: file:///c%3A/Users/downloader/AppData/Local/nvim-data/lazy/mason.nvim/lua/mason-core/installer/compiler/compilers/golang.lua , size = 1.296 KB
[12:25:39.218][info] [#0:script\workspace\loading.lua:100]: Preload file at: file:///c%3A/Users/downloader/AppData/Local/nvim-data/lazy/mason.nvim/lua/mason-core/installer/compiler/compilers/luarocks.lua , size = 1.255 KB
[12:25:39.218][info] [#0:script\workspace\loading.lua:100]: Preload file at: file:///c%3A/Users/downloader/AppData/Local/nvim-data/lazy/mason.nvim/lua/mason-core/installer/compiler/compilers/mason.lua , size = 1.095 KB
[12:25:39.219][info] [#0:script\workspace\loading.lua:100]: Preload file at: file:///c%3A/Users/downloader/AppData/Local/nvim-data/lazy/mason.nvim/lua/mason-core/installer/compiler/compilers/npm.lua , size = 1.210 KB
[12:25:39.220][info] [#0:script\workspace\loading.lua:100]: Preload file at: file:///c%3A/Users/downloader/AppData/Local/nvim-data/lazy/mason.nvim/lua/mason-core/installer/compiler/compilers/nuget.lua , size = 0.677 KB
[12:25:39.220][info] [#0:script\workspace\loading.lua:100]: Preload file at: file:///c%3A/Users/downloader/AppData/Local/nvim-data/lazy/mason.nvim/lua/mason-core/installer/compiler/compilers/opam.lua , size = 0.672 KB
[12:25:39.221][info] [#0:script\workspace\loading.lua:100]: Preload file at: file:///c%3A/Users/downloader/AppData/Local/nvim-data/lazy/mason.nvim/lua/mason-core/installer/compiler/compilers/openvsx.lua , size = 2.032 KB
[12:25:39.222][info] [#0:script\workspace\loading.lua:100]: Preload file at: file:///c%3A/Users/downloader/AppData/Local/nvim-data/lazy/mason.nvim/lua/mason-core/installer/compiler/compilers/pypi.lua , size = 1.591 KB
[12:25:39.223][info] [#0:script\workspace\loading.lua:100]: Preload file at: file:///c%3A/Users/downloader/AppData/Local/nvim-data/lazy/mason.nvim/lua/mason-core/installer/compiler/expr.lua , size = 3.041 KB
[12:25:39.225][info] [#0:script\workspace\loading.lua:100]: Preload file at: file:///c%3A/Users/downloader/AppData/Local/nvim-data/lazy/mason.nvim/lua/mason-core/installer/compiler/init.lua , size = 8.756 KB
[12:25:39.229][info] [#0:script\workspace\loading.lua:100]: Preload file at: file:///c%3A/Users/downloader/AppData/Local/nvim-data/lazy/mason.nvim/lua/mason-core/installer/compiler/link.lua , size = 10.713 KB
[12:25:39.233][info] [#0:script\workspace\loading.lua:100]: Preload file at: file:///c%3A/Users/downloader/AppData/Local/nvim-data/lazy/mason.nvim/lua/mason-core/installer/compiler/schemas.lua , size = 2.667 KB
[12:25:39.234][info] [#0:script\workspace\loading.lua:100]: Preload file at: file:///c%3A/Users/downloader/AppData/Local/nvim-data/lazy/mason.nvim/lua/mason-core/installer/compiler/util.lua , size = 3.002 KB
[12:25:39.235][info] [#0:script\workspace\loading.lua:100]: Preload file at: file:///c%3A/Users/downloader/AppData/Local/nvim-data/lazy/mason.nvim/lua/mason-core/installer/context/init.lua , size = 10.959 KB
[12:25:39.240][info] [#0:script\workspace\loading.lua:100]: Preload file at: file:///c%3A/Users/downloader/AppData/Local/nvim-data/lazy/mason.nvim/lua/mason-core/installer/context/InstallContextCwd.lua , size = 1.389 KB
[12:25:39.241][info] [#0:script\workspace\loading.lua:100]: Preload file at: file:///c%3A/Users/downloader/AppData/Local/nvim-data/lazy/mason.nvim/lua/mason-core/installer/context/InstallContextFs.lua , size = 3.495 KB
[12:25:39.243][info] [#0:script\workspace\loading.lua:100]: Preload file at: file:///c%3A/Users/downloader/AppData/Local/nvim-data/lazy/mason.nvim/lua/mason-core/installer/context/InstallContextSpawn.lua , size = 1.698 KB
[12:25:39.243][info] [#0:script\workspace\loading.lua:100]: Preload file at: file:///c%3A/Users/downloader/AppData/Local/nvim-data/lazy/mason.nvim/lua/mason-core/installer/init.lua , size = 0.192 KB
[12:25:39.244][info] [#0:script\workspace\loading.lua:100]: Preload file at: file:///c%3A/Users/downloader/AppData/Local/nvim-data/lazy/mason.nvim/lua/mason-core/installer/InstallHandle.lua , size = 6.201 KB
[12:25:39.247][info] [#0:script\workspace\loading.lua:100]: Preload file at: file:///c%3A/Users/downloader/AppData/Local/nvim-data/lazy/mason.nvim/lua/mason-core/installer/InstallLocation.lua , size = 2.354 KB
[12:25:39.248][info] [#0:script\workspace\loading.lua:100]: Preload file at: file:///c%3A/Users/downloader/AppData/Local/nvim-data/lazy/mason.nvim/lua/mason-core/installer/InstallRunner.lua , size = 7.299 KB
[12:25:39.251][info] [#0:script\workspace\loading.lua:100]: Preload file at: file:///c%3A/Users/downloader/AppData/Local/nvim-data/lazy/mason.nvim/lua/mason-core/installer/linker.lua , size = 5.925 KB
[12:25:39.254][info] [#0:script\workspace\loading.lua:100]: Preload file at: file:///c%3A/Users/downloader/AppData/Local/nvim-data/lazy/mason.nvim/lua/mason-core/installer/managers/cargo.lua , size = 1.337 KB
[12:25:39.255][info] [#0:script\workspace\loading.lua:100]: Preload file at: file:///c%3A/Users/downloader/AppData/Local/nvim-data/lazy/mason.nvim/lua/mason-core/installer/managers/common.lua , size = 3.610 KB
[12:25:39.256][info] [#0:script\workspace\loading.lua:100]: Preload file at: file:///c%3A/Users/downloader/AppData/Local/nvim-data/lazy/mason.nvim/lua/mason-core/installer/managers/composer.lua , size = 1.188 KB
[12:25:39.257][info] [#0:script\workspace\loading.lua:100]: Preload file at: file:///c%3A/Users/downloader/AppData/Local/nvim-data/lazy/mason.nvim/lua/mason-core/installer/managers/gem.lua , size = 1.809 KB
[12:25:39.259][info] [#0:script\workspace\loading.lua:100]: Preload file at: file:///c%3A/Users/downloader/AppData/Local/nvim-data/lazy/mason.nvim/lua/mason-core/installer/managers/golang.lua , size = 1.389 KB
[12:25:39.260][info] [#0:script\workspace\loading.lua:100]: Preload file at: file:///c%3A/Users/downloader/AppData/Local/nvim-data/lazy/mason.nvim/lua/mason-core/installer/managers/luarocks.lua , size = 1.220 KB
[12:25:39.261][info] [#0:script\workspace\loading.lua:100]: Preload file at: file:///c%3A/Users/downloader/AppData/Local/nvim-data/lazy/mason.nvim/lua/mason-core/installer/managers/npm.lua , size = 3.065 KB
[12:25:39.262][info] [#0:script\workspace\loading.lua:100]: Preload file at: file:///c%3A/Users/downloader/AppData/Local/nvim-data/lazy/mason.nvim/lua/mason-core/installer/managers/nuget.lua , size = 0.881 KB
[12:25:39.262][info] [#0:script\workspace\loading.lua:100]: Preload file at: file:///c%3A/Users/downloader/AppData/Local/nvim-data/lazy/mason.nvim/lua/mason-core/installer/managers/opam.lua , size = 1.004 KB
[12:25:39.263][info] [#0:script\workspace\loading.lua:100]: Preload file at: file:///c%3A/Users/downloader/AppData/Local/nvim-data/lazy/mason.nvim/lua/mason-core/installer/managers/powershell.lua , size = 1.316 KB
[12:25:39.264][info] [#0:script\workspace\loading.lua:100]: Preload file at: file:///c%3A/Users/downloader/AppData/Local/nvim-data/lazy/mason.nvim/lua/mason-core/installer/managers/pypi.lua , size = 8.186 KB
[12:25:39.267][info] [#0:script\workspace\loading.lua:100]: Preload file at: file:///c%3A/Users/downloader/AppData/Local/nvim-data/lazy/mason.nvim/lua/mason-core/installer/managers/std.lua , size = 7.618 KB
[12:25:39.270][info] [#0:script\workspace\loading.lua:100]: Preload file at: file:///c%3A/Users/downloader/AppData/Local/nvim-data/lazy/mason.nvim/lua/mason-core/installer/UninstallRunner.lua , size = 3.794 KB
[12:25:39.272][info] [#0:script\workspace\loading.lua:100]: Preload file at: file:///c%3A/Users/downloader/AppData/Local/nvim-data/lazy/mason.nvim/lua/mason-core/log.lua , size = 5.897 KB
[12:25:39.275][info] [#0:script\workspace\loading.lua:100]: Preload file at: file:///c%3A/Users/downloader/AppData/Local/nvim-data/lazy/mason.nvim/lua/mason-core/notify.lua , size = 0.156 KB
[12:25:39.275][info] [#0:script\workspace\loading.lua:100]: Preload file at: file:///c%3A/Users/downloader/AppData/Local/nvim-data/lazy/mason.nvim/lua/mason-core/optional.lua , size = 2.657 KB
[12:25:39.277][info] [#0:script\workspace\loading.lua:100]: Preload file at: file:///c%3A/Users/downloader/AppData/Local/nvim-data/lazy/mason.nvim/lua/mason-core/package/AbstractPackage.lua , size = 6.987 KB
[12:25:39.280][info] [#0:script\workspace\loading.lua:100]: Preload file at: file:///c%3A/Users/downloader/AppData/Local/nvim-data/lazy/mason.nvim/lua/mason-core/package/init.lua , size = 5.682 KB
[12:25:39.283][info] [#0:script\workspace\loading.lua:100]: Preload file at: file:///c%3A/Users/downloader/AppData/Local/nvim-data/lazy/mason.nvim/lua/mason-core/path.lua , size = 1.288 KB
[12:25:39.283][info] [#0:script\workspace\loading.lua:100]: Preload file at: file:///c%3A/Users/downloader/AppData/Local/nvim-data/lazy/mason.nvim/lua/mason-core/pep440/init.lua , size = 1.978 KB
[12:25:39.284][info] [#0:script\workspace\loading.lua:100]: Preload file at: file:///c%3A/Users/downloader/AppData/Local/nvim-data/lazy/mason.nvim/lua/mason-core/platform.lua , size = 7.014 KB
[12:25:39.288][info] [#0:script\workspace\loading.lua:100]: Preload file at: file:///c%3A/Users/downloader/AppData/Local/nvim-data/lazy/mason.nvim/lua/mason-core/process.lua , size = 7.525 KB
[12:25:39.291][info] [#0:script\workspace\loading.lua:100]: Preload file at: file:///c%3A/Users/downloader/AppData/Local/nvim-data/lazy/mason.nvim/lua/mason-core/providers.lua , size = 4.623 KB
[12:25:39.293][info] [#0:script\workspace\loading.lua:100]: Preload file at: file:///c%3A/Users/downloader/AppData/Local/nvim-data/lazy/mason.nvim/lua/mason-core/purl.lua , size = 7.524 KB
[12:25:39.296][info] [#0:script\workspace\loading.lua:100]: Preload file at: file:///c%3A/Users/downloader/AppData/Local/nvim-data/lazy/mason.nvim/lua/mason-core/receipt.lua , size = 5.187 KB
[12:25:39.299][info] [#0:script\workspace\loading.lua:100]: Preload file at: file:///c%3A/Users/downloader/AppData/Local/nvim-data/lazy/mason.nvim/lua/mason-core/result.lua , size = 4.774 KB
[12:25:39.303][info] [#0:script\workspace\loading.lua:100]: Preload file at: file:///c%3A/Users/downloader/AppData/Local/nvim-data/lazy/mason.nvim/lua/mason-core/semver.lua , size = 0.370 KB
[12:25:39.304][info] [#0:script\workspace\loading.lua:100]: Preload file at: file:///c%3A/Users/downloader/AppData/Local/nvim-data/lazy/mason.nvim/lua/mason-core/spawn.lua , size = 5.113 KB
[12:25:39.306][info] [#0:script\workspace\loading.lua:100]: Preload file at: file:///c%3A/Users/downloader/AppData/Local/nvim-data/lazy/mason.nvim/lua/mason-core/terminator.lua , size = 3.074 KB
[12:25:39.307][info] [#0:script\workspace\loading.lua:100]: Preload file at: file:///c%3A/Users/downloader/AppData/Local/nvim-data/lazy/mason.nvim/lua/mason-core/ui/display.lua , size = 21.470 KB
[12:25:39.314][info] [#0:script\workspace\loading.lua:100]: Preload file at: file:///c%3A/Users/downloader/AppData/Local/nvim-data/lazy/mason.nvim/lua/mason-core/ui/init.lua , size = 5.316 KB
[12:25:39.317][info] [#0:script\workspace\loading.lua:100]: Preload file at: file:///c%3A/Users/downloader/AppData/Local/nvim-data/lazy/mason.nvim/lua/mason-core/ui/state.lua , size = 0.625 KB
[12:25:39.317][info] [#0:script\workspace\loading.lua:100]: Preload file at: file:///c%3A/Users/downloader/AppData/Local/nvim-data/lazy/mason.nvim/lua/mason-registry/api.lua , size = 3.940 KB
[12:25:39.319][info] [#0:script\workspace\loading.lua:100]: Preload file at: file:///c%3A/Users/downloader/AppData/Local/nvim-data/lazy/mason.nvim/lua/mason-registry/index/init.lua , size = 0.010 KB
[12:25:39.319][info] [#0:script\workspace\loading.lua:100]: Preload file at: file:///c%3A/Users/downloader/AppData/Local/nvim-data/lazy/mason.nvim/lua/mason-registry/init.lua , size = 5.918 KB
[12:25:39.322][info] [#0:script\workspace\loading.lua:100]: Preload file at: file:///c%3A/Users/downloader/AppData/Local/nvim-data/lazy/mason.nvim/lua/mason-registry/installer.lua , size = 2.943 KB
[12:25:39.323][info] [#0:script\workspace\loading.lua:100]: Preload file at: file:///c%3A/Users/downloader/AppData/Local/nvim-data/lazy/mason.nvim/lua/mason-registry/sources/file.lua , size = 6.237 KB
[12:25:39.326][info] [#0:script\workspace\loading.lua:100]: Preload file at: file:///c%3A/Users/downloader/AppData/Local/nvim-data/lazy/mason.nvim/lua/mason-registry/sources/github.lua , size = 6.356 KB
[12:25:39.329][info] [#0:script\workspace\loading.lua:100]: Preload file at: file:///c%3A/Users/downloader/AppData/Local/nvim-data/lazy/mason.nvim/lua/mason-registry/sources/init.lua , size = 6.680 KB
[12:25:39.332][info] [#0:script\workspace\loading.lua:100]: Preload file at: file:///c%3A/Users/downloader/AppData/Local/nvim-data/lazy/mason.nvim/lua/mason-registry/sources/lua.lua , size = 2.616 KB
[12:25:39.334][info] [#0:script\workspace\loading.lua:100]: Preload file at: file:///c%3A/Users/downloader/AppData/Local/nvim-data/lazy/mason.nvim/lua/mason-registry/sources/synthesized.lua , size = 3.166 KB
[12:25:39.335][info] [#0:script\workspace\loading.lua:100]: Preload file at: file:///c%3A/Users/downloader/AppData/Local/nvim-data/lazy/mason.nvim/lua/mason-registry/sources/util.lua , size = 1.329 KB
[12:25:39.336][info] [#0:script\workspace\loading.lua:100]: Preload file at: file:///c%3A/Users/downloader/AppData/Local/nvim-data/lazy/mason.nvim/lua/mason-test/helpers.lua , size = 1.939 KB
[12:25:39.337][info] [#0:script\workspace\loading.lua:100]: Preload file at: file:///c%3A/Users/downloader/AppData/Local/nvim-data/lazy/mason.nvim/lua/mason-vendor/semver.lua , size = 7.046 KB
[12:25:39.340][info] [#0:script\workspace\loading.lua:100]: Preload file at: file:///c%3A/Users/downloader/AppData/Local/nvim-data/lazy/mason.nvim/lua/mason-vendor/zzlib/inflate-bit32.lua , size = 7.005 KB
[12:25:39.344][info] [#0:script\workspace\loading.lua:100]: Preload file at: file:///c%3A/Users/downloader/AppData/Local/nvim-data/lazy/mason.nvim/lua/mason-vendor/zzlib/inflate-bwo.lua , size = 6.820 KB
[12:25:39.348][info] [#0:script\workspace\loading.lua:100]: Preload file at: file:///c%3A/Users/downloader/AppData/Local/nvim-data/lazy/mason.nvim/lua/mason-vendor/zzlib/init.lua , size = 5.544 KB
[12:25:39.351][info] [#0:script\workspace\loading.lua:100]: Preload file at: file:///c%3A/Users/downloader/AppData/Local/nvim-data/lazy/mason.nvim/tests/helpers/lua/dummy-registry/dummy.lua , size = 0.348 KB
[12:25:39.351][info] [#0:script\workspace\loading.lua:100]: Preload file at: file:///c%3A/Users/downloader/AppData/Local/nvim-data/lazy/mason.nvim/tests/helpers/lua/dummy-registry/dummy2.lua , size = 0.352 KB
[12:25:39.351][info] [#0:script\workspace\loading.lua:100]: Preload file at: file:///c%3A/Users/downloader/AppData/Local/nvim-data/lazy/mason.nvim/tests/helpers/lua/dummy-registry/index.lua , size = 0.136 KB
[12:25:39.352][info] [#0:script\workspace\loading.lua:100]: Preload file at: file:///c%3A/Users/downloader/AppData/Local/nvim-data/lazy/mason.nvim/tests/helpers/lua/dummy-registry/registry.lua , size = 0.264 KB
[12:25:39.352][info] [#0:script\workspace\loading.lua:100]: Preload file at: file:///c%3A/Users/downloader/AppData/Local/nvim-data/lazy/mason.nvim/tests/helpers/lua/luassertx.lua , size = 2.609 KB
[12:25:39.353][info] [#0:script\workspace\loading.lua:100]: Preload file at: file:///c%3A/Users/downloader/AppData/Local/nvim-data/lazy/mason.nvim/tests/mason/api/command_spec.lua , size = 4.299 KB
[12:25:39.356][info] [#0:script\workspace\loading.lua:100]: Preload file at: file:///c%3A/Users/downloader/AppData/Local/nvim-data/lazy/mason.nvim/tests/mason/setup_spec.lua , size = 3.149 KB
[12:25:39.358][info] [#0:script\workspace\loading.lua:100]: Preload file at: file:///c%3A/Users/downloader/AppData/Local/nvim-data/lazy/mason.nvim/tests/mason-core/async/async_spec.lua , size = 10.411 KB
[12:25:39.362][info] [#0:script\workspace\loading.lua:100]: Preload file at: file:///c%3A/Users/downloader/AppData/Local/nvim-data/lazy/mason.nvim/tests/mason-core/EventEmitter_spec.lua , size = 2.252 KB
[12:25:39.364][info] [#0:script\workspace\loading.lua:100]: Preload file at: file:///c%3A/Users/downloader/AppData/Local/nvim-data/lazy/mason.nvim/tests/mason-core/fetch_spec.lua , size = 5.233 KB
[12:25:39.365][info] [#0:script\workspace\loading.lua:100]: Preload file at: file:///c%3A/Users/downloader/AppData/Local/nvim-data/lazy/mason.nvim/tests/mason-core/fs_spec.lua , size = 0.589 KB
[12:25:39.366][info] [#0:script\workspace\loading.lua:100]: Preload file at: file:///c%3A/Users/downloader/AppData/Local/nvim-data/lazy/mason.nvim/tests/mason-core/functional/data_spec.lua , size = 0.606 KB
[12:25:39.366][info] [#0:script\workspace\loading.lua:100]: Preload file at: file:///c%3A/Users/downloader/AppData/Local/nvim-data/lazy/mason.nvim/tests/mason-core/functional/function_spec.lua , size = 5.896 KB
[12:25:39.369][info] [#0:script\workspace\loading.lua:100]: Preload file at: file:///c%3A/Users/downloader/AppData/Local/nvim-data/lazy/mason.nvim/tests/mason-core/functional/list_spec.lua , size = 11.035 KB
[12:25:39.374][info] [#0:script\workspace\loading.lua:100]: Preload file at: file:///c%3A/Users/downloader/AppData/Local/nvim-data/lazy/mason.nvim/tests/mason-core/functional/logic_spec.lua , size = 2.111 KB
[12:25:39.375][info] [#0:script\workspace\loading.lua:100]: Preload file at: file:///c%3A/Users/downloader/AppData/Local/nvim-data/lazy/mason.nvim/tests/mason-core/functional/number_spec.lua , size = 1.666 KB
[12:25:39.376][info] [#0:script\workspace\loading.lua:100]: Preload file at: file:///c%3A/Users/downloader/AppData/Local/nvim-data/lazy/mason.nvim/tests/mason-core/functional/relation_spec.lua , size = 2.225 KB
[12:25:39.377][info] [#0:script\workspace\loading.lua:100]: Preload file at: file:///c%3A/Users/downloader/AppData/Local/nvim-data/lazy/mason.nvim/tests/mason-core/functional/string_spec.lua , size = 3.029 KB
[12:25:39.378][info] [#0:script\workspace\loading.lua:100]: Preload file at: file:///c%3A/Users/downloader/AppData/Local/nvim-data/lazy/mason.nvim/tests/mason-core/functional/table_spec.lua , size = 3.735 KB
[12:25:39.380][info] [#0:script\workspace\loading.lua:100]: Preload file at: file:///c%3A/Users/downloader/AppData/Local/nvim-data/lazy/mason.nvim/tests/mason-core/functional/type_spec.lua , size = 1.225 KB
[12:25:39.380][info] [#0:script\workspace\loading.lua:100]: Preload file at: file:///c%3A/Users/downloader/AppData/Local/nvim-data/lazy/mason.nvim/tests/mason-core/installer/compiler/compilers/cargo_spec.lua , size = 4.877 KB
[12:25:39.382][info] [#0:script\workspace\loading.lua:100]: Preload file at: file:///c%3A/Users/downloader/AppData/Local/nvim-data/lazy/mason.nvim/tests/mason-core/installer/compiler/compilers/composer_spec.lua , size = 1.601 KB
[12:25:39.383][info] [#0:script\workspace\loading.lua:100]: Preload file at: file:///c%3A/Users/downloader/AppData/Local/nvim-data/lazy/mason.nvim/tests/mason-core/installer/compiler/compilers/gem_spec.lua , size = 1.682 KB
[12:25:39.384][info] [#0:script\workspace\loading.lua:100]: Preload file at: file:///c%3A/Users/downloader/AppData/Local/nvim-data/lazy/mason.nvim/tests/mason-core/installer/compiler/compilers/generic/build_spec.lua , size = 4.304 KB
[12:25:39.385][info] [#0:script\workspace\loading.lua:100]: Preload file at: file:///c%3A/Users/downloader/AppData/Local/nvim-data/lazy/mason.nvim/tests/mason-core/installer/compiler/compilers/generic/download_spec.lua , size = 4.864 KB
[12:25:39.386][info] [#0:script\workspace\loading.lua:100]: Preload file at: file:///c%3A/Users/downloader/AppData/Local/nvim-data/lazy/mason.nvim/tests/mason-core/installer/compiler/compilers/github/build_spec.lua , size = 3.293 KB
[12:25:39.388][info] [#0:script\workspace\loading.lua:100]: Preload file at: file:///c%3A/Users/downloader/AppData/Local/nvim-data/lazy/mason.nvim/tests/mason-core/installer/compiler/compilers/github/release_spec.lua , size = 11.279 KB
[12:25:39.390][info] [#0:script\workspace\loading.lua:100]: Preload file at: file:///c%3A/Users/downloader/AppData/Local/nvim-data/lazy/mason.nvim/tests/mason-core/installer/compiler/compilers/golang_spec.lua , size = 1.751 KB
[12:25:39.391][info] [#0:script\workspace\loading.lua:100]: Preload file at: file:///c%3A/Users/downloader/AppData/Local/nvim-data/lazy/mason.nvim/tests/mason-core/installer/compiler/compilers/luarocks_spec.lua , size = 2.631 KB
[12:25:39.392][info] [#0:script\workspace\loading.lua:100]: Preload file at: file:///c%3A/Users/downloader/AppData/Local/nvim-data/lazy/mason.nvim/tests/mason-core/installer/compiler/compilers/npm_spec.lua , size = 1.838 KB
[12:25:39.393][info] [#0:script\workspace\loading.lua:100]: Preload file at: file:///c%3A/Users/downloader/AppData/Local/nvim-data/lazy/mason.nvim/tests/mason-core/installer/compiler/compilers/nuget_spec.lua , size = 1.547 KB
[12:25:39.393][info] [#0:script\workspace\loading.lua:100]: Preload file at: file:///c%3A/Users/downloader/AppData/Local/nvim-data/lazy/mason.nvim/tests/mason-core/installer/compiler/compilers/opam_spec.lua , size = 1.538 KB
[12:25:39.394][info] [#0:script\workspace\loading.lua:100]: Preload file at: file:///c%3A/Users/downloader/AppData/Local/nvim-data/lazy/mason.nvim/tests/mason-core/installer/compiler/compilers/openvsx_spec.lua , size = 5.104 KB
[12:25:39.396][info] [#0:script\workspace\loading.lua:100]: Preload file at: file:///c%3A/Users/downloader/AppData/Local/nvim-data/lazy/mason.nvim/tests/mason-core/installer/compiler/compilers/pypi_spec.lua , size = 2.924 KB
[12:25:39.397][info] [#0:script\workspace\loading.lua:100]: Preload file at: file:///c%3A/Users/downloader/AppData/Local/nvim-data/lazy/mason.nvim/tests/mason-core/installer/compiler/compiler_spec.lua , size = 9.744 KB
[12:25:39.400][info] [#0:script\workspace\loading.lua:100]: Preload file at: file:///c%3A/Users/downloader/AppData/Local/nvim-data/lazy/mason.nvim/tests/mason-core/installer/compiler/expr_spec.lua , size = 8.465 KB
[12:25:39.403][info] [#0:script\workspace\loading.lua:100]: Preload file at: file:///c%3A/Users/downloader/AppData/Local/nvim-data/lazy/mason.nvim/tests/mason-core/installer/compiler/link_spec.lua , size = 8.098 KB
[12:25:39.406][info] [#0:script\workspace\loading.lua:100]: Preload file at: file:///c%3A/Users/downloader/AppData/Local/nvim-data/lazy/mason.nvim/tests/mason-core/installer/compiler/util_spec.lua , size = 2.958 KB
[12:25:39.407][info] [#0:script\workspace\loading.lua:100]: Preload file at: file:///c%3A/Users/downloader/AppData/Local/nvim-data/lazy/mason.nvim/tests/mason-core/installer/context_spec.lua , size = 10.826 KB
[12:25:39.411][info] [#0:script\workspace\loading.lua:100]: Preload file at: file:///c%3A/Users/downloader/AppData/Local/nvim-data/lazy/mason.nvim/tests/mason-core/installer/InstallHandle_spec.lua , size = 4.005 KB
[12:25:39.412][info] [#0:script\workspace\loading.lua:100]: Preload file at: file:///c%3A/Users/downloader/AppData/Local/nvim-data/lazy/mason.nvim/tests/mason-core/installer/InstallRunner_spec.lua , size = 11.465 KB
[12:25:39.416][info] [#0:script\workspace\loading.lua:100]: Preload file at: file:///c%3A/Users/downloader/AppData/Local/nvim-data/lazy/mason.nvim/tests/mason-core/installer/linker_spec.lua , size = 7.507 KB
[12:25:39.419][info] [#0:script\workspace\loading.lua:100]: Preload file at: file:///c%3A/Users/downloader/AppData/Local/nvim-data/lazy/mason.nvim/tests/mason-core/installer/managers/cargo_spec.lua , size = 3.589 KB
[12:25:39.421][info] [#0:script\workspace\loading.lua:100]: Preload file at: file:///c%3A/Users/downloader/AppData/Local/nvim-data/lazy/mason.nvim/tests/mason-core/installer/managers/common_spec.lua , size = 5.847 KB
[12:25:39.423][info] [#0:script\workspace\loading.lua:100]: Preload file at: file:///c%3A/Users/downloader/AppData/Local/nvim-data/lazy/mason.nvim/tests/mason-core/installer/managers/composer_spec.lua , size = 1.136 KB
[12:25:39.423][info] [#0:script\workspace\loading.lua:100]: Preload file at: file:///c%3A/Users/downloader/AppData/Local/nvim-data/lazy/mason.nvim/tests/mason-core/installer/managers/gem_spec.lua , size = 1.943 KB
[12:25:39.425][info] [#0:script\workspace\loading.lua:100]: Preload file at: file:///c%3A/Users/downloader/AppData/Local/nvim-data/lazy/mason.nvim/tests/mason-core/installer/managers/golang_spec.lua , size = 1.967 KB
[12:25:39.426][info] [#0:script\workspace\loading.lua:100]: Preload file at: file:///c%3A/Users/downloader/AppData/Local/nvim-data/lazy/mason.nvim/tests/mason-core/installer/managers/luarocks_spec.lua , size = 2.611 KB
[12:25:39.427][info] [#0:script\workspace\loading.lua:100]: Preload file at: file:///c%3A/Users/downloader/AppData/Local/nvim-data/lazy/mason.nvim/tests/mason-core/installer/managers/npm_spec.lua , size = 3.179 KB
[12:25:39.429][info] [#0:script\workspace\loading.lua:100]: Preload file at: file:///c%3A/Users/downloader/AppData/Local/nvim-data/lazy/mason.nvim/tests/mason-core/installer/managers/nuget_spec.lua , size = 1.069 KB
[12:25:39.429][info] [#0:script\workspace\loading.lua:100]: Preload file at: file:///c%3A/Users/downloader/AppData/Local/nvim-data/lazy/mason.nvim/tests/mason-core/installer/managers/opam_spec.lua , size = 1.035 KB
[12:25:39.430][info] [#0:script\workspace\loading.lua:100]: Preload file at: file:///c%3A/Users/downloader/AppData/Local/nvim-data/lazy/mason.nvim/tests/mason-core/installer/managers/powershell_spec.lua , size = 3.179 KB
[12:25:39.431][info] [#0:script\workspace\loading.lua:100]: Preload file at: file:///c%3A/Users/downloader/AppData/Local/nvim-data/lazy/mason.nvim/tests/mason-core/installer/managers/pypi_spec.lua , size = 11.416 KB
[12:25:39.435][info] [#0:script\workspace\loading.lua:100]: Preload file at: file:///c%3A/Users/downloader/AppData/Local/nvim-data/lazy/mason.nvim/tests/mason-core/installer/managers/std_spec.lua , size = 6.228 KB
[12:25:39.438][info] [#0:script\workspace\loading.lua:100]: Preload file at: file:///c%3A/Users/downloader/AppData/Local/nvim-data/lazy/mason.nvim/tests/mason-core/optional_spec.lua , size = 4.517 KB
[12:25:39.440][info] [#0:script\workspace\loading.lua:100]: Preload file at: file:///c%3A/Users/downloader/AppData/Local/nvim-data/lazy/mason.nvim/tests/mason-core/package/package_spec.lua , size = 7.978 KB
[12:25:39.442][info] [#0:script\workspace\loading.lua:100]: Preload file at: file:///c%3A/Users/downloader/AppData/Local/nvim-data/lazy/mason.nvim/tests/mason-core/path_spec.lua , size = 2.280 KB
[12:25:39.443][info] [#0:script\workspace\loading.lua:100]: Preload file at: file:///c%3A/Users/downloader/AppData/Local/nvim-data/lazy/mason.nvim/tests/mason-core/pep440_spec.lua , size = 1.602 KB
[12:25:39.444][info] [#0:script\workspace\loading.lua:100]: Preload file at: file:///c%3A/Users/downloader/AppData/Local/nvim-data/lazy/mason.nvim/tests/mason-core/platform_spec.lua , size = 9.309 KB
[12:25:39.448][info] [#0:script\workspace\loading.lua:100]: Preload file at: file:///c%3A/Users/downloader/AppData/Local/nvim-data/lazy/mason.nvim/tests/mason-core/process_spec.lua , size = 0.786 KB
[12:25:39.448][info] [#0:script\workspace\loading.lua:100]: Preload file at: file:///c%3A/Users/downloader/AppData/Local/nvim-data/lazy/mason.nvim/tests/mason-core/providers/provider_spec.lua , size = 2.254 KB
[12:25:39.450][info] [#0:script\workspace\loading.lua:100]: Preload file at: file:///c%3A/Users/downloader/AppData/Local/nvim-data/lazy/mason.nvim/tests/mason-core/purl_spec.lua , size = 4.637 KB
[12:25:39.451][info] [#0:script\workspace\loading.lua:100]: Preload file at: file:///c%3A/Users/downloader/AppData/Local/nvim-data/lazy/mason.nvim/tests/mason-core/receipt_spec.lua , size = 4.282 KB
[12:25:39.453][info] [#0:script\workspace\loading.lua:100]: Preload file at: file:///c%3A/Users/downloader/AppData/Local/nvim-data/lazy/mason.nvim/tests/mason-core/result_spec.lua , size = 10.889 KB
[12:25:39.457][info] [#0:script\workspace\loading.lua:100]: Preload file at: file:///c%3A/Users/downloader/AppData/Local/nvim-data/lazy/mason.nvim/tests/mason-core/spawn_spec.lua , size = 8.348 KB
[12:25:39.460][info] [#0:script\workspace\loading.lua:100]: Preload file at: file:///c%3A/Users/downloader/AppData/Local/nvim-data/lazy/mason.nvim/tests/mason-core/terminator_spec.lua , size = 4.410 KB
[12:25:39.461][info] [#0:script\workspace\loading.lua:100]: Preload file at: file:///c%3A/Users/downloader/AppData/Local/nvim-data/lazy/mason.nvim/tests/mason-core/ui_spec.lua , size = 11.710 KB
[12:25:39.464][info] [#0:script\workspace\loading.lua:100]: Preload file at: file:///c%3A/Users/downloader/AppData/Local/nvim-data/lazy/mason.nvim/tests/mason-registry/api_spec.lua , size = 1.931 KB
[12:25:39.465][info] [#0:script\workspace\loading.lua:100]: Preload file at: file:///c%3A/Users/downloader/AppData/Local/nvim-data/lazy/mason.nvim/tests/mason-registry/registry_spec.lua , size = 1.247 KB
[12:25:39.466][info] [#0:script\workspace\loading.lua:100]: Preload file at: file:///c%3A/Users/downloader/AppData/Local/nvim-data/lazy/mason.nvim/tests/mason-registry/sources/collection_spec.lua , size = 1.473 KB
[12:25:39.467][info] [#0:script\workspace\loading.lua:100]: Preload file at: file:///c%3A/Users/downloader/AppData/Local/nvim-data/lazy/mason.nvim/tests/mason-registry/sources/lua_spec.lua , size = 1.437 KB
[12:25:39.467][info] [#0:script\workspace\loading.lua:100]: Preload file at: file:///c%3A/Users/downloader/AppData/Local/nvim-data/lazy/mini.nvim/benchmarks/starter/init-files/init_dashboard-alpha.lua , size = 1.145 KB
[12:25:39.468][info] [#0:script\workspace\loading.lua:100]: Preload file at: file:///c%3A/Users/downloader/AppData/Local/nvim-data/lazy/mini.nvim/benchmarks/starter/init-files/init_dashboard-original.lua , size = 1.054 KB
[12:25:39.468][info] [#0:script\workspace\loading.lua:100]: Preload file at: file:///c%3A/Users/downloader/AppData/Local/nvim-data/lazy/mini.nvim/benchmarks/starter/init-files/init_dashboard-starter.lua , size = 0.565 KB
[12:25:39.469][info] [#0:script\workspace\loading.lua:100]: Preload file at: file:///c%3A/Users/downloader/AppData/Local/nvim-data/lazy/mini.nvim/benchmarks/starter/init-files/init_empty.lua , size = 0.188 KB
[12:25:39.469][info] [#0:script\workspace\loading.lua:100]: Preload file at: file:///c%3A/Users/downloader/AppData/Local/nvim-data/lazy/mini.nvim/benchmarks/starter/init-files/init_starter-default.lua , size = 0.250 KB
[12:25:39.470][info] [#0:script\workspace\loading.lua:100]: Preload file at: file:///c%3A/Users/downloader/AppData/Local/nvim-data/lazy/mini.nvim/benchmarks/starter/init-files/init_startify-alpha.lua , size = 0.367 KB
[12:25:39.470][info] [#0:script\workspace\loading.lua:100]: Preload file at: file:///c%3A/Users/downloader/AppData/Local/nvim-data/lazy/mini.nvim/benchmarks/starter/init-files/init_startify-original.lua , size = 0.255 KB
[12:25:39.470][info] [#0:script\workspace\loading.lua:100]: Preload file at: file:///c%3A/Users/downloader/AppData/Local/nvim-data/lazy/mini.nvim/benchmarks/starter/init-files/init_startify-starter.lua , size = 0.603 KB
[12:25:39.471][info] [#0:script\workspace\loading.lua:100]: Preload file at: file:///c%3A/Users/downloader/AppData/Local/nvim-data/lazy/mini.nvim/colors/miniautumn.lua , size = 2.188 KB
[12:25:39.471][info] [#0:script\workspace\loading.lua:100]: Preload file at: file:///c%3A/Users/downloader/AppData/Local/nvim-data/lazy/mini.nvim/colors/minicyan.lua , size = 2.094 KB
[12:25:39.472][info] [#0:script\workspace\loading.lua:100]: Preload file at: file:///c%3A/Users/downloader/AppData/Local/nvim-data/lazy/mini.nvim/colors/minischeme.lua , size = 2.099 KB
[12:25:39.473][info] [#0:script\workspace\loading.lua:100]: Preload file at: file:///c%3A/Users/downloader/AppData/Local/nvim-data/lazy/mini.nvim/colors/minispring.lua , size = 2.031 KB
[12:25:39.474][info] [#0:script\workspace\loading.lua:100]: Preload file at: file:///c%3A/Users/downloader/AppData/Local/nvim-data/lazy/mini.nvim/colors/minisummer.lua , size = 1.787 KB
[12:25:39.474][info] [#0:script\workspace\loading.lua:100]: Preload file at: file:///c%3A/Users/downloader/AppData/Local/nvim-data/lazy/mini.nvim/colors/miniwinter.lua , size = 1.940 KB
[12:25:39.475][info] [#0:script\workspace\loading.lua:100]: Preload file at: file:///c%3A/Users/downloader/AppData/Local/nvim-data/lazy/mini.nvim/colors/randomhue.lua , size = 0.438 KB
[12:25:39.475][info] [#0:script\workspace\loading.lua:100]: Preload file at: file:///c%3A/Users/downloader/AppData/Local/nvim-data/lazy/mini.nvim/lua/mini/ai.lua , size = 91.963 KB
[12:25:39.500][info] [#0:script\workspace\loading.lua:100]: Preload file at: file:///c%3A/Users/downloader/AppData/Local/nvim-data/lazy/mini.nvim/lua/mini/align.lua , size = 74.912 KB
[12:25:39.522][info] [#0:script\workspace\loading.lua:100]: Preload file at: file:///c%3A/Users/downloader/AppData/Local/nvim-data/lazy/mini.nvim/lua/mini/animate.lua , size = 80.286 KB
[12:25:39.544][info] [#0:script\workspace\loading.lua:100]: Preload file at: file:///c%3A/Users/downloader/AppData/Local/nvim-data/lazy/mini.nvim/lua/mini/base16.lua , size = 78.579 KB
[12:25:39.574][info] [#0:script\workspace\loading.lua:100]: Preload file at: file:///c%3A/Users/downloader/AppData/Local/nvim-data/lazy/mini.nvim/lua/mini/basics.lua , size = 32.105 KB
[12:25:39.582][info] [#0:script\workspace\loading.lua:100]: Preload file at: file:///c%3A/Users/downloader/AppData/Local/nvim-data/lazy/mini.nvim/lua/mini/bracketed.lua , size = 80.483 KB
[12:25:39.606][info] [#0:script\workspace\loading.lua:100]: Preload file at: file:///c%3A/Users/downloader/AppData/Local/nvim-data/lazy/mini.nvim/lua/mini/bufremove.lua , size = 9.171 KB
[12:25:39.610][info] [#0:script\workspace\loading.lua:100]: Preload file at: file:///c%3A/Users/downloader/AppData/Local/nvim-data/lazy/mini.nvim/lua/mini/clue.lua , size = 82.603 KB
[12:25:39.634][info] [#0:script\workspace\loading.lua:100]: Preload file at: file:///c%3A/Users/downloader/AppData/Local/nvim-data/lazy/mini.nvim/lua/mini/cmdline.lua , size = 48.845 KB
[12:25:39.648][info] [#0:script\workspace\loading.lua:100]: Preload file at: file:///c%3A/Users/downloader/AppData/Local/nvim-data/lazy/mini.nvim/lua/mini/colors.lua , size = 97.368 KB
[12:25:39.681][info] [#0:script\workspace\loading.lua:100]: Preload file at: file:///c%3A/Users/downloader/AppData/Local/nvim-data/lazy/mini.nvim/lua/mini/comment.lua , size = 23.401 KB
[12:25:39.688][info] [#0:script\workspace\loading.lua:100]: Preload file at: file:///c%3A/Users/downloader/AppData/Local/nvim-data/lazy/mini.nvim/lua/mini/completion.lua , size = 88.687 KB
[12:25:39.714][info] [#0:script\workspace\loading.lua:100]: Preload file at: file:///c%3A/Users/downloader/AppData/Local/nvim-data/lazy/mini.nvim/lua/mini/cursorword.lua , size = 10.650 KB
[12:25:39.717][info] [#0:script\workspace\loading.lua:100]: Preload file at: file:///c%3A/Users/downloader/AppData/Local/nvim-data/lazy/mini.nvim/lua/mini/deps.lua , size = 62.958 KB
[12:25:39.736][info] [#0:script\workspace\loading.lua:100]: Preload file at: file:///c%3A/Users/downloader/AppData/Local/nvim-data/lazy/mini.nvim/lua/mini/diff.lua , size = 76.896 KB
[12:25:39.760][info] [#0:script\workspace\loading.lua:100]: Preload file at: file:///c%3A/Users/downloader/AppData/Local/nvim-data/lazy/mini.nvim/lua/mini/doc.lua , size = 53.394 KB
[12:25:39.775][info] [#0:script\workspace\loading.lua:100]: Preload file at: file:///c%3A/Users/downloader/AppData/Local/nvim-data/lazy/mini.nvim/lua/mini/extra.lua , size = 89.639 KB
[12:25:39.807][info] [#0:script\workspace\loading.lua:100]: Preload file at: file:///c%3A/Users/downloader/AppData/Local/nvim-data/lazy/mini.nvim/lua/mini/files.lua , size = 111.837 KB
[12:25:39.842][info] [#0:script\workspace\loading.lua:100]: Preload file at: file:///c%3A/Users/downloader/AppData/Local/nvim-data/lazy/mini.nvim/lua/mini/fuzzy.lua , size = 13.927 KB
[12:25:39.846][info] [#0:script\workspace\loading.lua:100]: Preload file at: file:///c%3A/Users/downloader/AppData/Local/nvim-data/lazy/mini.nvim/lua/mini/git.lua , size = 71.052 KB
[12:25:39.868][info] [#0:script\workspace\loading.lua:100]: Preload file at: file:///c%3A/Users/downloader/AppData/Local/nvim-data/lazy/mini.nvim/lua/mini/hipatterns.lua , size = 39.162 KB
[12:25:39.879][info] [#0:script\workspace\loading.lua:100]: Preload file at: file:///c%3A/Users/downloader/AppData/Local/nvim-data/lazy/mini.nvim/lua/mini/hues.lua , size = 91.470 KB
[12:25:39.913][info] [#0:script\workspace\loading.lua:100]: Preload file at: file:///c%3A/Users/downloader/AppData/Local/nvim-data/lazy/mini.nvim/lua/mini/icons.lua , size = 119.274 KB
[12:25:39.951][info] [#0:script\workspace\loading.lua:100]: Preload file at: file:///c%3A/Users/downloader/AppData/Local/nvim-data/lazy/mini.nvim/lua/mini/indentscope.lua , size = 45.673 KB
[12:25:39.964][info] [#0:script\workspace\loading.lua:100]: Preload file at: file:///c%3A/Users/downloader/AppData/Local/nvim-data/lazy/mini.nvim/lua/mini/init.lua , size = 22.953 KB
[12:25:39.967][info] [#0:script\workspace\loading.lua:100]: Preload file at: file:///c%3A/Users/downloader/AppData/Local/nvim-data/lazy/mini.nvim/lua/mini/jump.lua , size = 21.173 KB
[12:25:39.974][info] [#0:script\workspace\loading.lua:100]: Preload file at: file:///c%3A/Users/downloader/AppData/Local/nvim-data/lazy/mini.nvim/lua/mini/jump2d.lua , size = 45.726 KB
[12:25:40.207][warn] [#0:script\files.lua:708]: Compile [file:///c%3A/Users/downloader/AppData/Local/nvim-data/lazy/mini.nvim/lua/mini/jump2d.lua] takes [0.233] sec, size [46.823] kb.
[12:25:40.211][info] [#0:script\workspace\loading.lua:100]: Preload file at: file:///c%3A/Users/downloader/AppData/Local/nvim-data/lazy/mini.nvim/lua/mini/keymap.lua , size = 41.896 KB
[12:25:40.222][info] [#0:script\workspace\loading.lua:100]: Preload file at: file:///c%3A/Users/downloader/AppData/Local/nvim-data/lazy/mini.nvim/lua/mini/map.lua , size = 66.589 KB
[12:25:40.242][info] [#0:script\workspace\loading.lua:100]: Preload file at: file:///c%3A/Users/downloader/AppData/Local/nvim-data/lazy/mini.nvim/lua/mini/misc.lua , size = 29.492 KB
[12:25:40.253][info] [#0:script\workspace\loading.lua:100]: Preload file at: file:///c%3A/Users/downloader/AppData/Local/nvim-data/lazy/mini.nvim/lua/mini/move.lua , size = 18.885 KB
[12:25:40.259][info] [#0:script\workspace\loading.lua:100]: Preload file at: file:///c%3A/Users/downloader/AppData/Local/nvim-data/lazy/mini.nvim/lua/mini/notify.lua , size = 33.498 KB
[12:25:40.270][info] [#0:script\workspace\loading.lua:100]: Preload file at: file:///c%3A/Users/downloader/AppData/Local/nvim-data/lazy/mini.nvim/lua/mini/operators.lua , size = 50.742 KB
[12:25:40.286][info] [#0:script\workspace\loading.lua:100]: Preload file at: file:///c%3A/Users/downloader/AppData/Local/nvim-data/lazy/mini.nvim/lua/mini/pairs.lua , size = 26.204 KB
[12:25:40.294][info] [#0:script\workspace\loading.lua:100]: Preload file at: file:///c%3A/Users/downloader/AppData/Local/nvim-data/lazy/mini.nvim/lua/mini/pick.lua , size = 149.519 KB
[12:25:40.345][info] [#0:script\workspace\loading.lua:100]: Preload file at: file:///c%3A/Users/downloader/AppData/Local/nvim-data/lazy/mini.nvim/lua/mini/sessions.lua , size = 23.250 KB
[12:25:40.353][info] [#0:script\workspace\loading.lua:100]: Preload file at: file:///c%3A/Users/downloader/AppData/Local/nvim-data/lazy/mini.nvim/lua/mini/snippets.lua , size = 124.893 KB
[12:25:40.388][info] [#0:script\workspace\loading.lua:100]: Preload file at: file:///c%3A/Users/downloader/AppData/Local/nvim-data/lazy/mini.nvim/lua/mini/splitjoin.lua , size = 41.288 KB
[12:25:40.401][info] [#0:script\workspace\loading.lua:100]: Preload file at: file:///c%3A/Users/downloader/AppData/Local/nvim-data/lazy/mini.nvim/lua/mini/starter.lua , size = 57.917 KB
[12:25:40.420][info] [#0:script\workspace\loading.lua:100]: Preload file at: file:///c%3A/Users/downloader/AppData/Local/nvim-data/lazy/mini.nvim/lua/mini/statusline.lua , size = 26.713 KB
[12:25:40.428][info] [#0:script\workspace\loading.lua:100]: Preload file at: file:///c%3A/Users/downloader/AppData/Local/nvim-data/lazy/mini.nvim/lua/mini/surround.lua , size = 98.940 KB
[12:25:40.456][info] [#0:script\workspace\loading.lua:100]: Preload file at: file:///c%3A/Users/downloader/AppData/Local/nvim-data/lazy/mini.nvim/lua/mini/tabline.lua , size = 19.186 KB
[12:25:40.462][info] [#0:script\workspace\loading.lua:100]: Preload file at: file:///c%3A/Users/downloader/AppData/Local/nvim-data/lazy/mini.nvim/lua/mini/test.lua , size = 94.295 KB
[12:25:40.511][info] [#0:script\workspace\loading.lua:100]: Preload file at: file:///c%3A/Users/downloader/AppData/Local/nvim-data/lazy/mini.nvim/lua/mini/trailspace.lua , size = 7.362 KB
[12:25:40.514][info] [#0:script\workspace\loading.lua:100]: Preload file at: file:///c%3A/Users/downloader/AppData/Local/nvim-data/lazy/mini.nvim/scripts/init-deps-example.lua , size = 2.101 KB
[12:25:40.515][info] [#0:script\workspace\loading.lua:100]: Preload file at: file:///c%3A/Users/downloader/AppData/Local/nvim-data/lazy/mini.nvim/lua/mini/visits.lua , size = 60.499 KB
[12:25:40.532][info] [#0:script\workspace\loading.lua:100]: Preload file at: file:///c%3A/Users/downloader/AppData/Local/nvim-data/lazy/mini.nvim/scripts/lintcommit.lua , size = 12.143 KB
[12:25:40.536][info] [#0:script\workspace\loading.lua:100]: Preload file at: file:///c%3A/Users/downloader/AppData/Local/nvim-data/lazy/mini.nvim/scripts/minidoc.lua , size = 0.803 KB
[12:25:40.537][info] [#0:script\workspace\loading.lua:100]: Preload file at: file:///c%3A/Users/downloader/AppData/Local/nvim-data/lazy/mini.nvim/scripts/minimal_init.lua , size = 1.235 KB
[12:25:40.537][info] [#0:script\workspace\loading.lua:100]: Preload file at: file:///c%3A/Users/downloader/AppData/Local/nvim-data/lazy/mini.nvim/scripts/minitest.lua , size = 0.100 KB
[12:25:40.537][info] [#0:script\workspace\loading.lua:100]: Preload file at: file:///c%3A/Users/downloader/AppData/Local/nvim-data/lazy/mini.nvim/tests/dir-ai/mock-nvim-treesitter/lua/nvim-treesitter/init.lua , size = 0.000 KB
[12:25:40.537][info] [#0:script\workspace\loading.lua:100]: Preload file at: file:///c%3A/Users/downloader/AppData/Local/nvim-data/lazy/mini.nvim/tests/dir-ai/mock-nvim-treesitter/lua/nvim-treesitter/query.lua , size = 1.850 KB
[12:25:40.538][info] [#0:script\workspace\loading.lua:100]: Preload file at: file:///c%3A/Users/downloader/AppData/Local/nvim-data/lazy/mini.nvim/tests/dir-bracketed/mock/diagnostic.lua , size = 2.263 KB
[12:25:40.539][info] [#0:script\workspace\loading.lua:100]: Preload file at: file:///c%3A/Users/downloader/AppData/Local/nvim-data/lazy/mini.nvim/tests/dir-bracketed/mock/treesitter.lua , size = 2.320 KB
[12:25:40.541][info] [#0:script\workspace\loading.lua:100]: Preload file at: file:///c%3A/Users/downloader/AppData/Local/nvim-data/lazy/mini.nvim/tests/dir-colors/mock_cs/colors/mock_cs.lua , size = 0.546 KB
[12:25:40.541][info] [#0:script\workspace\loading.lua:100]: Preload file at: file:///c%3A/Users/downloader/AppData/Local/nvim-data/lazy/mini.nvim/tests/dir-deps/mocks/spawn.lua , size = 2.599 KB
[12:25:40.542][info] [#0:script\workspace\loading.lua:100]: Preload file at: file:///c%3A/Users/downloader/AppData/Local/nvim-data/lazy/mini.nvim/tests/dir-deps/pack/deps/opt/plu-gin_0.nvim/lua/plug_0.lua , size = 0.042 KB
[12:25:40.543][info] [#0:script\workspace\loading.lua:100]: Preload file at: file:///c%3A/Users/downloader/AppData/Local/nvim-data/lazy/mini.nvim/tests/dir-deps/pack/deps/opt/plugin_1/after/plugin/plug_1.lua , size = 0.089 KB
[12:25:40.543][info] [#0:script\workspace\loading.lua:100]: Preload file at: file:///c%3A/Users/downloader/AppData/Local/nvim-data/lazy/mini.nvim/tests/dir-deps/pack/deps/opt/plugin_1/after/plugin/subdir/plug_1_sub.lua , size = 0.100 KB
[12:25:40.543][info] [#0:script\workspace\loading.lua:100]: Preload file at: file:///c%3A/Users/downloader/AppData/Local/nvim-data/lazy/mini.nvim/tests/dir-deps/pack/deps/opt/plugin_1/lua/plug_1.lua , size = 0.036 KB
[12:25:40.543][info] [#0:script\workspace\loading.lua:100]: Preload file at: file:///c%3A/Users/downloader/AppData/Local/nvim-data/lazy/mini.nvim/tests/dir-deps/pack/deps/opt/plugin_1/plugin/plug_1.lua , size = 0.083 KB
[12:25:40.543][info] [#0:script\workspace\loading.lua:100]: Preload file at: file:///c%3A/Users/downloader/AppData/Local/nvim-data/lazy/mini.nvim/tests/dir-deps/pack/deps/opt/plugin_1/plugin/subdir/plug_1_sub.lua , size = 0.094 KB
[12:25:40.544][info] [#0:script\workspace\loading.lua:100]: Preload file at: file:///c%3A/Users/downloader/AppData/Local/nvim-data/lazy/mini.nvim/tests/dir-deps/pack/deps/opt/plugin_2/after/plugin/plug_2.lua , size = 0.089 KB
[12:25:40.544][info] [#0:script\workspace\loading.lua:100]: Preload file at: file:///c%3A/Users/downloader/AppData/Local/nvim-data/lazy/mini.nvim/tests/dir-deps/pack/deps/opt/plugin_2/lua/plug_2.lua , size = 0.036 KB
[12:25:40.544][info] [#0:script\workspace\loading.lua:100]: Preload file at: file:///c%3A/Users/downloader/AppData/Local/nvim-data/lazy/mini.nvim/tests/dir-deps/pack/deps/opt/plugin_2/plugin/plug_2.lua , size = 0.083 KB
[12:25:40.544][info] [#0:script\workspace\loading.lua:100]: Preload file at: file:///c%3A/Users/downloader/AppData/Local/nvim-data/lazy/mini.nvim/tests/dir-deps/pack/deps/opt/plugin_3/lua/plug_3.lua , size = 0.036 KB
[12:25:40.545][info] [#0:script\workspace\loading.lua:100]: Preload file at: file:///c%3A/Users/downloader/AppData/Local/nvim-data/lazy/mini.nvim/tests/dir-diff/mocks/spawn.lua , size = 2.586 KB
[12:25:40.546][info] [#0:script\workspace\loading.lua:100]: Preload file at: file:///c%3A/Users/downloader/AppData/Local/nvim-data/lazy/mini.nvim/tests/dir-doc/arguments/file.lua , size = 0.153 KB
[12:25:40.546][info] [#0:script\workspace\loading.lua:100]: Preload file at: file:///c%3A/Users/downloader/AppData/Local/nvim-data/lazy/mini.nvim/tests/dir-doc/arguments/file_ignore.lua , size = 0.030 KB
[12:25:40.546][info] [#0:script\workspace\loading.lua:100]: Preload file at: file:///c%3A/Users/downloader/AppData/Local/nvim-data/lazy/mini.nvim/tests/dir-doc/buffer-local_script.lua , size = 0.129 KB
[12:25:40.546][info] [#0:script\workspace\loading.lua:100]: Preload file at: file:///c%3A/Users/downloader/AppData/Local/nvim-data/lazy/mini.nvim/tests/dir-doc/custom-script/gendoc/gendoc-script.lua , size = 0.125 KB
[12:25:40.547][info] [#0:script\workspace\loading.lua:100]: Preload file at: file:///c%3A/Users/downloader/AppData/Local/nvim-data/lazy/mini.nvim/tests/dir-doc/custom-script/init.lua , size = 0.047 KB
[12:25:40.547][info] [#0:script\workspace\loading.lua:100]: Preload file at: file:///c%3A/Users/downloader/AppData/Local/nvim-data/lazy/mini.nvim/tests/dir-doc/default-collation/after/file01.lua , size = 0.045 KB
[12:25:40.547][info] [#0:script\workspace\loading.lua:100]: Preload file at: file:///c%3A/Users/downloader/AppData/Local/nvim-data/lazy/mini.nvim/tests/dir-doc/default-collation/after/file02.lua , size = 0.045 KB
[12:25:40.547][info] [#0:script\workspace\loading.lua:100]: Preload file at: file:///c%3A/Users/downloader/AppData/Local/nvim-data/lazy/mini.nvim/tests/dir-doc/default-collation/after/init.lua , size = 0.043 KB
[12:25:40.547][info] [#0:script\workspace\loading.lua:100]: Preload file at: file:///c%3A/Users/downloader/AppData/Local/nvim-data/lazy/mini.nvim/tests/dir-doc/default-collation/colors/file01.lua , size = 0.046 KB
[12:25:40.547][info] [#0:script\workspace\loading.lua:100]: Preload file at: file:///c%3A/Users/downloader/AppData/Local/nvim-data/lazy/mini.nvim/tests/dir-doc/default-collation/colors/file02.lua , size = 0.046 KB
[12:25:40.547][info] [#0:script\workspace\loading.lua:100]: Preload file at: file:///c%3A/Users/downloader/AppData/Local/nvim-data/lazy/mini.nvim/tests/dir-doc/default-collation/colors/init.lua , size = 0.044 KB
[12:25:40.548][info] [#0:script\workspace\loading.lua:100]: Preload file at: file:///c%3A/Users/downloader/AppData/Local/nvim-data/lazy/mini.nvim/tests/dir-doc/default-collation/file01.lua , size = 0.039 KB
[12:25:40.548][info] [#0:script\workspace\loading.lua:100]: Preload file at: file:///c%3A/Users/downloader/AppData/Local/nvim-data/lazy/mini.nvim/tests/dir-doc/default-collation/file02.lua , size = 0.039 KB
[12:25:40.548][info] [#0:script\workspace\loading.lua:100]: Preload file at: file:///c%3A/Users/downloader/AppData/Local/nvim-data/lazy/mini.nvim/tests/dir-doc/default-collation/init.lua , size = 0.037 KB
[12:25:40.548][info] [#0:script\workspace\loading.lua:100]: Preload file at: file:///c%3A/Users/downloader/AppData/Local/nvim-data/lazy/mini.nvim/tests/dir-doc/default-collation/lua/aaa/init.lua , size = 0.045 KB
[12:25:40.548][info] [#0:script\workspace\loading.lua:100]: Preload file at: file:///c%3A/Users/downloader/AppData/Local/nvim-data/lazy/mini.nvim/tests/dir-doc/default-collation/lua/file01.lua , size = 0.043 KB
[12:25:40.548][info] [#0:script\workspace\loading.lua:100]: Preload file at: file:///c%3A/Users/downloader/AppData/Local/nvim-data/lazy/mini.nvim/tests/dir-doc/default-collation/lua/file02.lua , size = 0.043 KB
[12:25:40.549][info] [#0:script\workspace\loading.lua:100]: Preload file at: file:///c%3A/Users/downloader/AppData/Local/nvim-data/lazy/mini.nvim/tests/dir-doc/default-collation/lua/init.lua , size = 0.041 KB
[12:25:40.549][info] [#0:script\workspace\loading.lua:100]: Preload file at: file:///c%3A/Users/downloader/AppData/Local/nvim-data/lazy/mini.nvim/tests/dir-doc/helpers.lua , size = 2.563 KB
[12:25:40.550][info] [#0:script\workspace\loading.lua:100]: Preload file at: file:///c%3A/Users/downloader/AppData/Local/nvim-data/lazy/mini.nvim/tests/dir-doc/inference/init.lua , size = 1.391 KB
[12:25:40.551][info] [#0:script\workspace\loading.lua:100]: Preload file at: file:///c%3A/Users/downloader/AppData/Local/nvim-data/lazy/mini.nvim/tests/dir-doc/sections/alias.lua , size = 2.860 KB
[12:25:40.553][info] [#0:script\workspace\loading.lua:100]: Preload file at: file:///c%3A/Users/downloader/AppData/Local/nvim-data/lazy/mini.nvim/tests/dir-doc/sections/eval.lua , size = 0.750 KB
[12:25:40.553][info] [#0:script\workspace\loading.lua:100]: Preload file at: file:///c%3A/Users/downloader/AppData/Local/nvim-data/lazy/mini.nvim/tests/dir-doc/sections/init.lua , size = 1.476 KB
[12:25:40.554][info] [#0:script\workspace\loading.lua:100]: Preload file at: file:///c%3A/Users/downloader/AppData/Local/nvim-data/lazy/mini.nvim/tests/dir-doc/sections/param.lua , size = 2.930 KB
[12:25:40.556][info] [#0:script\workspace\loading.lua:100]: Preload file at: file:///c%3A/Users/downloader/AppData/Local/nvim-data/lazy/mini.nvim/tests/dir-doc/sections/return.lua , size = 2.369 KB
[12:25:40.558][info] [#0:script\workspace\loading.lua:100]: Preload file at: file:///c%3A/Users/downloader/AppData/Local/nvim-data/lazy/mini.nvim/tests/dir-doc/sections/toc.lua , size = 0.855 KB
[12:25:40.558][info] [#0:script\workspace\loading.lua:100]: Preload file at: file:///c%3A/Users/downloader/AppData/Local/nvim-data/lazy/mini.nvim/tests/dir-doc/structure/file1.lua , size = 0.170 KB
[12:25:40.558][info] [#0:script\workspace\loading.lua:100]: Preload file at: file:///c%3A/Users/downloader/AppData/Local/nvim-data/lazy/mini.nvim/tests/dir-doc/structure/file2.lua , size = 0.030 KB
[12:25:40.558][info] [#0:script\workspace\loading.lua:100]: Preload file at: file:///c%3A/Users/downloader/AppData/Local/nvim-data/lazy/mini.nvim/tests/dir-extra/colorschemes/colors/miniforcebg.lua , size = 0.100 KB
[12:25:40.559][info] [#0:script\workspace\loading.lua:100]: Preload file at: file:///c%3A/Users/downloader/AppData/Local/nvim-data/lazy/mini.nvim/tests/dir-extra/lua/nvim-web-devicons.lua , size = 0.723 KB
[12:25:40.559][info] [#0:script\workspace\loading.lua:100]: Preload file at: file:///c%3A/Users/downloader/AppData/Local/nvim-data/lazy/mini.nvim/tests/dir-extra/mocks/diagnostic.lua , size = 2.161 KB
[12:25:40.560][info] [#0:script\workspace\loading.lua:100]: Preload file at: file:///c%3A/Users/downloader/AppData/Local/nvim-data/lazy/mini.nvim/tests/dir-extra/mocks/keymaps.lua , size = 0.200 KB
[12:25:40.561][info] [#0:script\workspace\loading.lua:100]: Preload file at: file:///c%3A/Users/downloader/AppData/Local/nvim-data/lazy/mini.nvim/tests/dir-extra/mocks/spawn.lua , size = 2.260 KB
[12:25:40.562][info] [#0:script\workspace\loading.lua:100]: Preload file at: file:///c%3A/Users/downloader/AppData/Local/nvim-data/lazy/mini.nvim/tests/dir-extra/real-files/a.lua , size = 0.068 KB
[12:25:40.562][info] [#0:script\workspace\loading.lua:100]: Preload file at: file:///c%3A/Users/downloader/AppData/Local/nvim-data/lazy/mini.nvim/tests/dir-files/init-default-explorer.lua , size = 0.387 KB
[12:25:40.563][info] [#0:script\workspace\loading.lua:100]: Preload file at: file:///c%3A/Users/downloader/AppData/Local/nvim-data/lazy/mini.nvim/tests/dir-files/lua/nvim-web-devicons.lua , size = 0.480 KB
[12:25:40.563][info] [#0:script\workspace\loading.lua:100]: Preload file at: file:///c%3A/Users/downloader/AppData/Local/nvim-data/lazy/mini.nvim/tests/dir-files/mock-win-functions.lua , size = 0.941 KB
[12:25:40.563][info] [#0:script\workspace\loading.lua:100]: Preload file at: file:///c%3A/Users/downloader/AppData/Local/nvim-data/lazy/mini.nvim/tests/dir-files/real/a.lua , size = 0.068 KB
[12:25:40.564][info] [#0:script\workspace\loading.lua:100]: Preload file at: file:///c%3A/Users/downloader/AppData/Local/nvim-data/lazy/mini.nvim/tests/dir-git/mocks/spawn.lua , size = 2.780 KB
[12:25:40.565][info] [#0:script\workspace\loading.lua:100]: Preload file at: file:///c%3A/Users/downloader/AppData/Local/nvim-data/lazy/mini.nvim/tests/dir-keymap/mock-plugins/blink.cmp/lua/blink/cmp/init.lua , size = 0.476 KB
[12:25:40.566][info] [#0:script\workspace\loading.lua:100]: Preload file at: file:///c%3A/Users/downloader/AppData/Local/nvim-data/lazy/mini.nvim/tests/dir-keymap/mock-plugins/luasnip/lua/luasnip/init.lua , size = 0.371 KB
[12:25:40.566][info] [#0:script\workspace\loading.lua:100]: Preload file at: file:///c%3A/Users/downloader/AppData/Local/nvim-data/lazy/mini.nvim/tests/dir-keymap/mock-plugins/nvim-autopairs/lua/nvim-autopairs/init.lua , size = 0.517 KB
[12:25:40.566][info] [#0:script\workspace\loading.lua:100]: Preload file at: file:///c%3A/Users/downloader/AppData/Local/nvim-data/lazy/mini.nvim/tests/dir-keymap/mock-plugins/nvim-cmp/lua/cmp/init.lua , size = 0.463 KB
[12:25:40.567][info] [#0:script\workspace\loading.lua:100]: Preload file at: file:///c%3A/Users/downloader/AppData/Local/nvim-data/lazy/mini.nvim/tests/dir-keymap/tree-sitter-tests.lua , size = 0.069 KB
[12:25:40.567][info] [#0:script\workspace\loading.lua:100]: Preload file at: file:///c%3A/Users/downloader/AppData/Local/nvim-data/lazy/mini.nvim/tests/dir-map/lua/gitsigns.lua , size = 0.780 KB
[12:25:40.567][info] [#0:script\workspace\loading.lua:100]: Preload file at: file:///c%3A/Users/downloader/AppData/Local/nvim-data/lazy/mini.nvim/tests/dir-map/mock-diagnostic.lua , size = 0.841 KB
[12:25:40.568][info] [#0:script\workspace\loading.lua:100]: Preload file at: file:///c%3A/Users/downloader/AppData/Local/nvim-data/lazy/mini.nvim/tests/dir-map/src-test-integration.lua , size = 0.408 KB
[12:25:40.569][info] [#0:script\workspace\loading.lua:100]: Preload file at: file:///c%3A/Users/downloader/AppData/Local/nvim-data/lazy/mini.nvim/tests/dir-misc/aaa.lua , size = 0.057 KB
[12:25:40.569][info] [#0:script\workspace\loading.lua:100]: Preload file at: file:///c%3A/Users/downloader/AppData/Local/nvim-data/lazy/mini.nvim/tests/dir-misc/init-restore-cursor.lua , size = 0.747 KB
[12:25:40.569][info] [#0:script\workspace\loading.lua:100]: Preload file at: file:///c%3A/Users/downloader/AppData/Local/nvim-data/lazy/mini.nvim/tests/dir-misc/mocked-git-repo/bbb.lua , size = 0.057 KB
[12:25:40.569][info] [#0:script\workspace\loading.lua:100]: Preload file at: file:///c%3A/Users/downloader/AppData/Local/nvim-data/lazy/mini.nvim/tests/dir-misc/restore-cursor.lua , size = 0.068 KB
[12:25:40.570][info] [#0:script\workspace\loading.lua:100]: Preload file at: file:///c%3A/Users/downloader/AppData/Local/nvim-data/lazy/mini.nvim/tests/dir-pick/lua/nvim-web-devicons.lua , size = 0.723 KB
[12:25:40.570][info] [#0:script\workspace\loading.lua:100]: Preload file at: file:///c%3A/Users/downloader/AppData/Local/nvim-data/lazy/mini.nvim/tests/dir-pick/mocks/spawn.lua , size = 1.843 KB
[12:25:40.571][info] [#0:script\workspace\loading.lua:100]: Preload file at: file:///c%3A/Users/downloader/AppData/Local/nvim-data/lazy/mini.nvim/tests/dir-pick/real-files/a.lua , size = 0.068 KB
[12:25:40.571][info] [#0:script\workspace\loading.lua:100]: Preload file at: file:///c%3A/Users/downloader/AppData/Local/nvim-data/lazy/mini.nvim/tests/dir-sessions/global/session3.lua , size = 0.123 KB
[12:25:40.571][info] [#0:script\workspace\loading.lua:100]: Preload file at: file:///c%3A/Users/downloader/AppData/Local/nvim-data/lazy/mini.nvim/tests/dir-sessions/init-files/autoread.lua , size = 0.271 KB
[12:25:40.572][info] [#0:script\workspace\loading.lua:100]: Preload file at: file:///c%3A/Users/downloader/AppData/Local/nvim-data/lazy/mini.nvim/tests/dir-sessions/init-files/autowrite.lua , size = 0.169 KB
[12:25:40.572][info] [#0:script\workspace\loading.lua:100]: Preload file at: file:///c%3A/Users/downloader/AppData/Local/nvim-data/lazy/mini.nvim/tests/dir-snippets/bad-file-cant-execute.lua , size = 0.009 KB
[12:25:40.572][info] [#0:script\workspace\loading.lua:100]: Preload file at: file:///c%3A/Users/downloader/AppData/Local/nvim-data/lazy/mini.nvim/tests/dir-snippets/bad-file-not-table-return.lua , size = 0.009 KB
[12:25:40.572][info] [#0:script\workspace\loading.lua:100]: Preload file at: file:///c%3A/Users/downloader/AppData/Local/nvim-data/lazy/mini.nvim/tests/dir-snippets/file-array.lua , size = 0.317 KB
[12:25:40.573][info] [#0:script\workspace\loading.lua:100]: Preload file at: file:///c%3A/Users/downloader/AppData/Local/nvim-data/lazy/mini.nvim/tests/dir-snippets/file-dict.lua , size = 0.404 KB
[12:25:40.573][info] [#0:script\workspace\loading.lua:100]: Preload file at: file:///c%3A/Users/downloader/AppData/Local/nvim-data/lazy/mini.nvim/tests/dir-snippets/file-dynamic-snippets.lua , size = 0.339 KB
[12:25:40.573][info] [#0:script\workspace\loading.lua:100]: Preload file at: file:///c%3A/Users/downloader/AppData/Local/nvim-data/lazy/mini.nvim/tests/dir-snippets/file.many.dots.lua , size = 0.042 KB
[12:25:40.573][info] [#0:script\workspace\loading.lua:100]: Preload file at: file:///c%3A/Users/downloader/AppData/Local/nvim-data/lazy/mini.nvim/tests/dir-snippets/snippets/lua.lua , size = 0.064 KB
[12:25:40.574][info] [#0:script\workspace\loading.lua:100]: Preload file at: file:///c%3A/Users/downloader/AppData/Local/nvim-data/lazy/mini.nvim/tests/dir-snippets/snippets/nested/lua.lua , size = 0.071 KB
[12:25:40.574][info] [#0:script\workspace\loading.lua:100]: Preload file at: file:///c%3A/Users/downloader/AppData/Local/nvim-data/lazy/mini.nvim/tests/dir-snippets/subdir/snippets/lua/snips.lua , size = 0.077 KB
[12:25:40.574][info] [#0:script\workspace\loading.lua:100]: Preload file at: file:///c%3A/Users/downloader/AppData/Local/nvim-data/lazy/mini.nvim/tests/dir-starter/init-files/test-init.lua , size = 0.299 KB
[12:25:40.574][info] [#0:script\workspace\loading.lua:100]: Preload file at: file:///c%3A/Users/downloader/AppData/Local/nvim-data/lazy/mini.nvim/tests/dir-starter/sessions/session_global.lua , size = 0.000 KB
[12:25:40.575][info] [#0:script\workspace\loading.lua:100]: Preload file at: file:///c%3A/Users/downloader/AppData/Local/nvim-data/lazy/mini.nvim/tests/dir-statusline/lua/nvim-web-devicons.lua , size = 0.348 KB
[12:25:40.575][info] [#0:script\workspace\loading.lua:100]: Preload file at: file:///c%3A/Users/downloader/AppData/Local/nvim-data/lazy/mini.nvim/tests/dir-statusline/mock-diagnostics.lua , size = 0.549 KB
[12:25:40.575][info] [#0:script\workspace\loading.lua:100]: Preload file at: file:///c%3A/Users/downloader/AppData/Local/nvim-data/lazy/mini.nvim/tests/dir-surround/mock-nvim-treesitter/lua/nvim-treesitter/init.lua , size = 0.000 KB
[12:25:40.576][info] [#0:script\workspace\loading.lua:100]: Preload file at: file:///c%3A/Users/downloader/AppData/Local/nvim-data/lazy/mini.nvim/tests/dir-surround/mock-nvim-treesitter/lua/nvim-treesitter/parsers.lua , size = 0.277 KB
[12:25:40.576][info] [#0:script\workspace\loading.lua:100]: Preload file at: file:///c%3A/Users/downloader/AppData/Local/nvim-data/lazy/mini.nvim/tests/dir-surround/mock-nvim-treesitter/lua/nvim-treesitter/query.lua , size = 2.646 KB
[12:25:40.577][info] [#0:script\workspace\loading.lua:100]: Preload file at: file:///c%3A/Users/downloader/AppData/Local/nvim-data/lazy/mini.nvim/tests/dir-tabline/bad%25new.dir/aaa.lua , size = 0.000 KB
[12:25:40.577][info] [#0:script\workspace\loading.lua:100]: Preload file at: file:///c%3A/Users/downloader/AppData/Local/nvim-data/lazy/mini.nvim/tests/dir-tabline/dir1/bad%25new.file.lua , size = 0.000 KB
[12:25:40.578][info] [#0:script\workspace\loading.lua:100]: Preload file at: file:///c%3A/Users/downloader/AppData/Local/nvim-data/lazy/mini.nvim/tests/dir-tabline/lua/nvim-web-devicons.lua , size = 0.436 KB
[12:25:40.578][info] [#0:script\workspace\loading.lua:100]: Preload file at: file:///c%3A/Users/downloader/AppData/Local/nvim-data/lazy/mini.nvim/tests/dir-test/init_stdout-reporter_works.lua , size = 0.436 KB
[12:25:40.578][info] [#0:script\workspace\loading.lua:100]: Preload file at: file:///c%3A/Users/downloader/AppData/Local/nvim-data/lazy/mini.nvim/tests/dir-test/testref_case-helpers.lua , size = 2.132 KB
[12:25:40.579][info] [#0:script\workspace\loading.lua:100]: Preload file at: file:///c%3A/Users/downloader/AppData/Local/nvim-data/lazy/mini.nvim/tests/dir-test/testref_collect-busted.lua , size = 1.389 KB
[12:25:40.581][info] [#0:script\workspace\loading.lua:100]: Preload file at: file:///c%3A/Users/downloader/AppData/Local/nvim-data/lazy/mini.nvim/tests/dir-test/testref_custom-script.lua , size = 0.308 KB
[12:25:40.581][info] [#0:script\workspace\loading.lua:100]: Preload file at: file:///c%3A/Users/downloader/AppData/Local/nvim-data/lazy/mini.nvim/tests/dir-test/testref_general.lua , size = 0.234 KB
[12:25:40.581][info] [#0:script\workspace\loading.lua:100]: Preload file at: file:///c%3A/Users/downloader/AppData/Local/nvim-data/lazy/mini.nvim/tests/dir-test/testref_new-set.lua , size = 0.399 KB
[12:25:40.582][info] [#0:script\workspace\loading.lua:100]: Preload file at: file:///c%3A/Users/downloader/AppData/Local/nvim-data/lazy/mini.nvim/tests/dir-test/testref_reporters.lua , size = 0.960 KB
[12:25:40.582][info] [#0:script\workspace\loading.lua:100]: Preload file at: file:///c%3A/Users/downloader/AppData/Local/nvim-data/lazy/mini.nvim/tests/dir-test/testref_run-data.lua , size = 0.270 KB
[12:25:40.582][info] [#0:script\workspace\loading.lua:100]: Preload file at: file:///c%3A/Users/downloader/AppData/Local/nvim-data/lazy/mini.nvim/tests/dir-test/testref_run-hooks.lua , size = 1.905 KB
[12:25:40.583][info] [#0:script\workspace\loading.lua:100]: Preload file at: file:///c%3A/Users/downloader/AppData/Local/nvim-data/lazy/mini.nvim/tests/dir-test/testref_run-n_retry-stop_on_error.lua , size = 0.454 KB
[12:25:40.584][info] [#0:script\workspace\loading.lua:100]: Preload file at: file:///c%3A/Users/downloader/AppData/Local/nvim-data/lazy/mini.nvim/tests/dir-test/testref_run-n_retry.lua , size = 3.061 KB
[12:25:40.586][info] [#0:script\workspace\loading.lua:100]: Preload file at: file:///c%3A/Users/downloader/AppData/Local/nvim-data/lazy/mini.nvim/tests/dir-test/testref_run-parametrize-error.lua , size = 0.125 KB
[12:25:40.586][info] [#0:script\workspace\loading.lua:100]: Preload file at: file:///c%3A/Users/downloader/AppData/Local/nvim-data/lazy/mini.nvim/tests/dir-test/testref_run-parametrize.lua , size = 0.839 KB
[12:25:40.586][info] [#0:script\workspace\loading.lua:100]: Preload file at: file:///c%3A/Users/downloader/AppData/Local/nvim-data/lazy/mini.nvim/tests/dir-test/testref_run.lua , size = 0.173 KB
[12:25:40.587][info] [#0:script\workspace\loading.lua:100]: Preload file at: file:///c%3A/Users/downloader/AppData/Local/nvim-data/lazy/mini.nvim/tests/helpers.lua , size = 7.812 KB
[12:25:40.591][info] [#0:script\workspace\loading.lua:100]: Preload file at: file:///c%3A/Users/downloader/AppData/Local/nvim-data/lazy/mini.nvim/tests/mock-lsp/extra.lua , size = 3.675 KB
[12:25:40.592][info] [#0:script\workspace\loading.lua:100]: Preload file at: file:///c%3A/Users/downloader/AppData/Local/nvim-data/lazy/mini.nvim/tests/mock-lsp/fruits.lua , size = 1.430 KB
[12:25:40.594][info] [#0:script\workspace\loading.lua:100]: Preload file at: file:///c%3A/Users/downloader/AppData/Local/nvim-data/lazy/mini.nvim/tests/mock-lsp/months.lua , size = 9.316 KB
[12:25:40.597][info] [#0:script\workspace\loading.lua:100]: Preload file at: file:///c%3A/Users/downloader/AppData/Local/nvim-data/lazy/mini.nvim/tests/mock-system/vim-system.lua , size = 2.036 KB
[12:25:40.599][info] [#0:script\workspace\loading.lua:100]: Preload file at: file:///c%3A/Users/downloader/AppData/Local/nvim-data/lazy/mini.nvim/tests/mock-treesitter/lua-file.lua , size = 0.167 KB
[12:25:40.599][info] [#0:script\workspace\loading.lua:100]: Preload file at: file:///c%3A/Users/downloader/AppData/Local/nvim-data/lazy/mini.nvim/tests/test_ai.lua , size = 122.813 KB
[12:25:40.653][info] [#0:script\workspace\loading.lua:100]: Preload file at: file:///c%3A/Users/downloader/AppData/Local/nvim-data/lazy/mini.nvim/tests/test_align.lua , size = 72.447 KB
[12:25:40.679][info] [#0:script\workspace\loading.lua:100]: Preload file at: file:///c%3A/Users/downloader/AppData/Local/nvim-data/lazy/mini.nvim/tests/test_animate.lua , size = 78.398 KB
[12:25:40.711][info] [#0:script\workspace\loading.lua:100]: Preload file at: file:///c%3A/Users/downloader/AppData/Local/nvim-data/lazy/mini.nvim/tests/test_base16.lua , size = 8.730 KB
[12:25:40.715][info] [#0:script\workspace\loading.lua:100]: Preload file at: file:///c%3A/Users/downloader/AppData/Local/nvim-data/lazy/mini.nvim/tests/test_basics.lua , size = 25.411 KB
[12:25:40.725][info] [#0:script\workspace\loading.lua:100]: Preload file at: file:///c%3A/Users/downloader/AppData/Local/nvim-data/lazy/mini.nvim/tests/test_bracketed.lua , size = 123.714 KB
[12:25:40.784][info] [#0:script\workspace\loading.lua:100]: Preload file at: file:///c%3A/Users/downloader/AppData/Local/nvim-data/lazy/mini.nvim/tests/test_bufremove.lua , size = 13.882 KB
[12:25:40.790][info] [#0:script\workspace\loading.lua:100]: Preload file at: file:///c%3A/Users/downloader/AppData/Local/nvim-data/lazy/mini.nvim/tests/test_clue.lua , size = 113.198 KB
[12:25:40.835][info] [#0:script\workspace\loading.lua:100]: Preload file at: file:///c%3A/Users/downloader/AppData/Local/nvim-data/lazy/mini.nvim/tests/test_cmdline.lua , size = 56.676 KB
[12:25:40.855][info] [#0:script\workspace\loading.lua:100]: Preload file at: file:///c%3A/Users/downloader/AppData/Local/nvim-data/lazy/mini.nvim/tests/test_colors.lua , size = 88.121 KB
[12:25:40.884][info] [#0:script\workspace\loading.lua:100]: Preload file at: file:///c%3A/Users/downloader/AppData/Local/nvim-data/lazy/mini.nvim/tests/test_comment.lua , size = 37.174 KB
[12:25:40.898][info] [#0:script\workspace\loading.lua:100]: Preload file at: file:///c%3A/Users/downloader/AppData/Local/nvim-data/lazy/mini.nvim/tests/test_completion.lua , size = 99.147 KB
[12:25:40.930][info] [#0:script\workspace\loading.lua:100]: Preload file at: file:///c%3A/Users/downloader/AppData/Local/nvim-data/lazy/mini.nvim/tests/test_cursorword.lua , size = 9.086 KB
[12:25:40.934][info] [#0:script\workspace\loading.lua:100]: Preload file at: file:///c%3A/Users/downloader/AppData/Local/nvim-data/lazy/mini.nvim/tests/test_deps.lua , size = 104.171 KB
[12:25:40.960][info] [#0:script\workspace\loading.lua:100]: Preload file at: file:///c%3A/Users/downloader/AppData/Local/nvim-data/lazy/mini.nvim/tests/test_diff.lua , size = 115.030 KB
[12:25:41.005][info] [#0:script\workspace\loading.lua:100]: Preload file at: file:///c%3A/Users/downloader/AppData/Local/nvim-data/lazy/mini.nvim/tests/test_doc.lua , size = 9.178 KB
[12:25:41.008][info] [#0:script\workspace\loading.lua:100]: Preload file at: file:///c%3A/Users/downloader/AppData/Local/nvim-data/lazy/mini.nvim/tests/test_extra.lua , size = 132.485 KB
[12:25:41.057][info] [#0:script\workspace\loading.lua:100]: Preload file at: file:///c%3A/Users/downloader/AppData/Local/nvim-data/lazy/mini.nvim/tests/test_files.lua , size = 169.808 KB
[12:25:41.119][info] [#0:script\workspace\loading.lua:100]: Preload file at: file:///c%3A/Users/downloader/AppData/Local/nvim-data/lazy/mini.nvim/tests/test_fuzzy.lua , size = 7.514 KB
[12:25:41.122][info] [#0:script\workspace\loading.lua:100]: Preload file at: file:///c%3A/Users/downloader/AppData/Local/nvim-data/lazy/mini.nvim/tests/test_git.lua , size = 105.896 KB
[12:25:41.155][info] [#0:script\workspace\loading.lua:100]: Preload file at: file:///c%3A/Users/downloader/AppData/Local/nvim-data/lazy/mini.nvim/tests/test_hipatterns.lua , size = 40.020 KB
[12:25:41.169][info] [#0:script\workspace\loading.lua:100]: Preload file at: file:///c%3A/Users/downloader/AppData/Local/nvim-data/lazy/mini.nvim/tests/test_hues.lua , size = 23.107 KB
[12:25:41.176][info] [#0:script\workspace\loading.lua:100]: Preload file at: file:///c%3A/Users/downloader/AppData/Local/nvim-data/lazy/mini.nvim/tests/test_icons.lua , size = 35.454 KB
[12:25:41.188][info] [#0:script\workspace\loading.lua:100]: Preload file at: file:///c%3A/Users/downloader/AppData/Local/nvim-data/lazy/mini.nvim/tests/test_indentscope.lua , size = 32.841 KB
[12:25:41.200][info] [#0:script\workspace\loading.lua:100]: Preload file at: file:///c%3A/Users/downloader/AppData/Local/nvim-data/lazy/mini.nvim/tests/test_jump.lua , size = 36.139 KB
[12:25:41.215][info] [#0:script\workspace\loading.lua:100]: Preload file at: file:///c%3A/Users/downloader/AppData/Local/nvim-data/lazy/mini.nvim/tests/test_jump2d.lua , size = 38.682 KB
[12:25:41.230][info] [#0:script\workspace\loading.lua:100]: Preload file at: file:///c%3A/Users/downloader/AppData/Local/nvim-data/lazy/mini.nvim/tests/test_keymap.lua , size = 47.502 KB
[12:25:41.246][info] [#0:script\workspace\loading.lua:100]: Preload file at: file:///c%3A/Users/downloader/AppData/Local/nvim-data/lazy/mini.nvim/tests/test_map.lua , size = 46.383 KB
[12:25:41.263][info] [#0:script\workspace\loading.lua:100]: Preload file at: file:///c%3A/Users/downloader/AppData/Local/nvim-data/lazy/mini.nvim/tests/test_misc.lua , size = 39.443 KB
[12:25:41.277][info] [#0:script\workspace\loading.lua:100]: Preload file at: file:///c%3A/Users/downloader/AppData/Local/nvim-data/lazy/mini.nvim/tests/test_move.lua , size = 48.537 KB
[12:25:41.299][info] [#0:script\workspace\loading.lua:100]: Preload file at: file:///c%3A/Users/downloader/AppData/Local/nvim-data/lazy/mini.nvim/tests/test_notify.lua , size = 37.081 KB
[12:25:41.313][info] [#0:script\workspace\loading.lua:100]: Preload file at: file:///c%3A/Users/downloader/AppData/Local/nvim-data/lazy/mini.nvim/tests/test_operators.lua , size = 90.388 KB
[12:25:41.351][info] [#0:script\workspace\loading.lua:100]: Preload file at: file:///c%3A/Users/downloader/AppData/Local/nvim-data/lazy/mini.nvim/tests/test_pairs.lua , size = 36.363 KB
[12:25:41.366][info] [#0:script\workspace\loading.lua:100]: Preload file at: file:///c%3A/Users/downloader/AppData/Local/nvim-data/lazy/mini.nvim/tests/test_pick.lua , size = 203.895 KB
[12:25:41.444][info] [#0:script\workspace\loading.lua:100]: Preload file at: file:///c%3A/Users/downloader/AppData/Local/nvim-data/lazy/mini.nvim/tests/test_sessions.lua , size = 37.606 KB
[12:25:41.457][info] [#0:script\workspace\loading.lua:100]: Preload file at: file:///c%3A/Users/downloader/AppData/Local/nvim-data/lazy/mini.nvim/tests/test_snippets.lua , size = 206.503 KB
[12:25:41.532][info] [#0:script\workspace\loading.lua:100]: Preload file at: file:///c%3A/Users/downloader/AppData/Local/nvim-data/lazy/mini.nvim/tests/test_splitjoin.lua , size = 45.648 KB
[12:25:41.552][info] [#0:script\workspace\loading.lua:100]: Preload file at: file:///c%3A/Users/downloader/AppData/Local/nvim-data/lazy/mini.nvim/tests/test_starter.lua , size = 46.882 KB
[12:25:41.569][info] [#0:script\workspace\loading.lua:100]: Preload file at: file:///c%3A/Users/downloader/AppData/Local/nvim-data/lazy/mini.nvim/tests/test_statusline.lua , size = 28.657 KB
[12:25:41.578][info] [#0:script\workspace\loading.lua:100]: Preload file at: file:///c%3A/Users/downloader/AppData/Local/nvim-data/lazy/mini.nvim/tests/test_surround.lua , size = 102.727 KB
[12:25:41.916][warn] [#0:script\files.lua:708]: Compile [file:///c%3A/Users/downloader/AppData/Local/nvim-data/lazy/mini.nvim/tests/test_surround.lua] takes [0.338] sec, size [105.192] kb.
[12:25:41.924][info] [#0:script\workspace\loading.lua:100]: Preload file at: file:///c%3A/Users/downloader/AppData/Local/nvim-data/lazy/mini.nvim/tests/test_tabline.lua , size = 26.586 KB
[12:25:41.933][info] [#0:script\workspace\loading.lua:100]: Preload file at: file:///c%3A/Users/downloader/AppData/Local/nvim-data/lazy/mini.nvim/tests/test_test.lua , size = 62.065 KB
[12:25:41.958][info] [#0:script\workspace\loading.lua:100]: Preload file at: file:///c%3A/Users/downloader/AppData/Local/nvim-data/lazy/mini.nvim/tests/test_trailspace.lua , size = 8.712 KB
[12:25:41.961][info] [#0:script\workspace\loading.lua:100]: Preload file at: file:///c%3A/Users/downloader/AppData/Local/nvim-data/lazy/mini.nvim/tests/test_visits.lua , size = 75.287 KB
[12:25:41.992][info] [#0:script\workspace\loading.lua:100]: Preload file at: file:///c%3A/Users/downloader/AppData/Local/nvim-data/lazy/nvim-lspconfig/lsp/ada_ls.lua , size = 0.984 KB
[12:25:41.992][info] [#0:script\workspace\loading.lua:100]: Preload file at: file:///c%3A/Users/downloader/AppData/Local/nvim-data/lazy/nvim-lspconfig/lsp/agda_ls.lua , size = 0.362 KB
[12:25:41.993][info] [#0:script\workspace\loading.lua:100]: Preload file at: file:///c%3A/Users/downloader/AppData/Local/nvim-data/lazy/nvim-lspconfig/lsp/aiken.lua , size = 0.327 KB
[12:25:41.993][info] [#0:script\workspace\loading.lua:100]: Preload file at: file:///c%3A/Users/downloader/AppData/Local/nvim-data/lazy/nvim-lspconfig/lsp/air.lua , size = 0.362 KB
[12:25:41.993][info] [#0:script\workspace\loading.lua:100]: Preload file at: file:///c%3A/Users/downloader/AppData/Local/nvim-data/lazy/nvim-lspconfig/lsp/alloy_ls.lua , size = 0.650 KB
[12:25:41.994][info] [#0:script\workspace\loading.lua:100]: Preload file at: file:///c%3A/Users/downloader/AppData/Local/nvim-data/lazy/nvim-lspconfig/lsp/anakin_language_server.lua , size = 1.885 KB
[12:25:41.994][info] [#0:script\workspace\loading.lua:100]: Preload file at: file:///c%3A/Users/downloader/AppData/Local/nvim-data/lazy/nvim-lspconfig/lsp/angularls.lua , size = 3.771 KB
[12:25:41.995][info] [#0:script\workspace\loading.lua:100]: Preload file at: file:///c%3A/Users/downloader/AppData/Local/nvim-data/lazy/nvim-lspconfig/lsp/ansiblels.lua , size = 0.785 KB
[12:25:41.996][info] [#0:script\workspace\loading.lua:100]: Preload file at: file:///c%3A/Users/downloader/AppData/Local/nvim-data/lazy/nvim-lspconfig/lsp/antlersls.lua , size = 0.320 KB
[12:25:42.005][info] [#0:script\workspace\loading.lua:100]: Preload file at: file:///c%3A/Users/downloader/AppData/Local/nvim-data/lazy/nvim-lspconfig/lsp/apex_ls.lua , size = 2.060 KB
[12:25:42.006][info] [#0:script\workspace\loading.lua:100]: Preload file at: file:///c%3A/Users/downloader/AppData/Local/nvim-data/lazy/nvim-lspconfig/lsp/arduino_language_server.lua , size = 2.864 KB
[12:25:42.007][info] [#0:script\workspace\loading.lua:100]: Preload file at: file:///c%3A/Users/downloader/AppData/Local/nvim-data/lazy/nvim-lspconfig/lsp/asm_lsp.lua , size = 0.311 KB
[12:25:42.007][info] [#0:script\workspace\loading.lua:100]: Preload file at: file:///c%3A/Users/downloader/AppData/Local/nvim-data/lazy/nvim-lspconfig/lsp/astro.lua , size = 0.705 KB
[12:25:42.007][info] [#0:script\workspace\loading.lua:100]: Preload file at: file:///c%3A/Users/downloader/AppData/Local/nvim-data/lazy/nvim-lspconfig/lsp/ast_grep.lua , size = 0.991 KB
[12:25:42.008][info] [#0:script\workspace\loading.lua:100]: Preload file at: file:///c%3A/Users/downloader/AppData/Local/nvim-data/lazy/nvim-lspconfig/lsp/atlas.lua , size = 2.365 KB
[12:25:42.008][info] [#0:script\workspace\loading.lua:100]: Preload file at: file:///c%3A/Users/downloader/AppData/Local/nvim-data/lazy/nvim-lspconfig/lsp/atopile.lua , size = 0.369 KB
[12:25:42.008][info] [#0:script\workspace\loading.lua:100]: Preload file at: file:///c%3A/Users/downloader/AppData/Local/nvim-data/lazy/nvim-lspconfig/lsp/autohotkey_lsp.lua , size = 1.396 KB
[12:25:42.009][info] [#0:script\workspace\loading.lua:100]: Preload file at: file:///c%3A/Users/downloader/AppData/Local/nvim-data/lazy/nvim-lspconfig/lsp/autotools_ls.lua , size = 0.655 KB
[12:25:42.009][info] [#0:script\workspace\loading.lua:100]: Preload file at: file:///c%3A/Users/downloader/AppData/Local/nvim-data/lazy/nvim-lspconfig/lsp/awk_ls.lua , size = 0.273 KB
[12:25:42.010][info] [#0:script\workspace\loading.lua:100]: Preload file at: file:///c%3A/Users/downloader/AppData/Local/nvim-data/lazy/nvim-lspconfig/lsp/azure_pipelines_ls.lua , size = 1.218 KB
[12:25:42.010][info] [#0:script\workspace\loading.lua:100]: Preload file at: file:///c%3A/Users/downloader/AppData/Local/nvim-data/lazy/nvim-lspconfig/lsp/bacon_ls.lua , size = 1.990 KB
[12:25:42.010][info] [#0:script\workspace\loading.lua:100]: Preload file at: file:///c%3A/Users/downloader/AppData/Local/nvim-data/lazy/nvim-lspconfig/lsp/ballerina.lua , size = 0.365 KB
[12:25:42.011][info] [#0:script\workspace\loading.lua:100]: Preload file at: file:///c%3A/Users/downloader/AppData/Local/nvim-data/lazy/nvim-lspconfig/lsp/basedpyright.lua , size = 2.156 KB
[12:25:42.011][info] [#0:script\workspace\loading.lua:100]: Preload file at: file:///c%3A/Users/downloader/AppData/Local/nvim-data/lazy/nvim-lspconfig/lsp/bashls.lua , size = 0.857 KB
[12:25:42.012][info] [#0:script\workspace\loading.lua:100]: Preload file at: file:///c%3A/Users/downloader/AppData/Local/nvim-data/lazy/nvim-lspconfig/lsp/basics_ls.lua , size = 0.442 KB
[12:25:42.012][info] [#0:script\workspace\loading.lua:100]: Preload file at: file:///c%3A/Users/downloader/AppData/Local/nvim-data/lazy/nvim-lspconfig/lsp/bazelrc_lsp.lua , size = 0.534 KB
[12:25:42.012][info] [#0:script\workspace\loading.lua:100]: Preload file at: file:///c%3A/Users/downloader/AppData/Local/nvim-data/lazy/nvim-lspconfig/lsp/beancount.lua , size = 0.363 KB
[12:25:42.013][info] [#0:script\workspace\loading.lua:100]: Preload file at: file:///c%3A/Users/downloader/AppData/Local/nvim-data/lazy/nvim-lspconfig/lsp/bicep.lua , size = 1.603 KB
[12:25:42.013][info] [#0:script\workspace\loading.lua:100]: Preload file at: file:///c%3A/Users/downloader/AppData/Local/nvim-data/lazy/nvim-lspconfig/lsp/biome.lua , size = 2.616 KB
[12:25:42.014][info] [#0:script\workspace\loading.lua:100]: Preload file at: file:///c%3A/Users/downloader/AppData/Local/nvim-data/lazy/nvim-lspconfig/lsp/bitbake_language_server.lua , size = 0.352 KB
[12:25:42.014][info] [#0:script\workspace\loading.lua:100]: Preload file at: file:///c%3A/Users/downloader/AppData/Local/nvim-data/lazy/nvim-lspconfig/lsp/blueprint_ls.lua , size = 0.671 KB
[12:25:42.015][info] [#0:script\workspace\loading.lua:100]: Preload file at: file:///c%3A/Users/downloader/AppData/Local/nvim-data/lazy/nvim-lspconfig/lsp/bqls.lua , size = 0.312 KB
[12:25:42.015][info] [#0:script\workspace\loading.lua:100]: Preload file at: file:///c%3A/Users/downloader/AppData/Local/nvim-data/lazy/nvim-lspconfig/lsp/bright_script.lua , size = 0.314 KB
[12:25:42.015][info] [#0:script\workspace\loading.lua:100]: Preload file at: file:///c%3A/Users/downloader/AppData/Local/nvim-data/lazy/nvim-lspconfig/lsp/brioche.lua , size = 0.218 KB
[12:25:42.015][info] [#0:script\workspace\loading.lua:100]: Preload file at: file:///c%3A/Users/downloader/AppData/Local/nvim-data/lazy/nvim-lspconfig/lsp/bsl_ls.lua , size = 0.261 KB
[12:25:42.016][info] [#0:script\workspace\loading.lua:100]: Preload file at: file:///c%3A/Users/downloader/AppData/Local/nvim-data/lazy/nvim-lspconfig/lsp/buck2.lua , size = 0.383 KB
[12:25:42.016][info] [#0:script\workspace\loading.lua:100]: Preload file at: file:///c%3A/Users/downloader/AppData/Local/nvim-data/lazy/nvim-lspconfig/lsp/buddy_ls.lua , size = 0.428 KB
[12:25:42.016][info] [#0:script\workspace\loading.lua:100]: Preload file at: file:///c%3A/Users/downloader/AppData/Local/nvim-data/lazy/nvim-lspconfig/lsp/buf_ls.lua , size = 0.483 KB
[12:25:42.016][info] [#0:script\workspace\loading.lua:100]: Preload file at: file:///c%3A/Users/downloader/AppData/Local/nvim-data/lazy/nvim-lspconfig/lsp/bzl.lua , size = 0.369 KB
[12:25:42.017][info] [#0:script\workspace\loading.lua:100]: Preload file at: file:///c%3A/Users/downloader/AppData/Local/nvim-data/lazy/nvim-lspconfig/lsp/c3_lsp.lua , size = 0.232 KB
[12:25:42.017][info] [#0:script\workspace\loading.lua:100]: Preload file at: file:///c%3A/Users/downloader/AppData/Local/nvim-data/lazy/nvim-lspconfig/lsp/cairo_ls.lua , size = 0.678 KB
[12:25:42.017][info] [#0:script\workspace\loading.lua:100]: Preload file at: file:///c%3A/Users/downloader/AppData/Local/nvim-data/lazy/nvim-lspconfig/lsp/cds_lsp.lua , size = 0.419 KB
[12:25:42.018][info] [#0:script\workspace\loading.lua:100]: Preload file at: file:///c%3A/Users/downloader/AppData/Local/nvim-data/lazy/nvim-lspconfig/lsp/ccls.lua , size = 1.881 KB
[12:25:42.018][info] [#0:script\workspace\loading.lua:100]: Preload file at: file:///c%3A/Users/downloader/AppData/Local/nvim-data/lazy/nvim-lspconfig/lsp/circom-lsp.lua , size = 0.263 KB
[12:25:42.019][info] [#0:script\workspace\loading.lua:100]: Preload file at: file:///c%3A/Users/downloader/AppData/Local/nvim-data/lazy/nvim-lspconfig/lsp/cir_lsp_server.lua , size = 0.331 KB
[12:25:42.019][info] [#0:script\workspace\loading.lua:100]: Preload file at: file:///c%3A/Users/downloader/AppData/Local/nvim-data/lazy/nvim-lspconfig/lsp/clangd.lua , size = 3.525 KB
[12:25:42.020][info] [#0:script\workspace\loading.lua:100]: Preload file at: file:///c%3A/Users/downloader/AppData/Local/nvim-data/lazy/nvim-lspconfig/lsp/clarinet.lua , size = 0.294 KB
[12:25:42.020][info] [#0:script\workspace\loading.lua:100]: Preload file at: file:///c%3A/Users/downloader/AppData/Local/nvim-data/lazy/nvim-lspconfig/lsp/clojure_lsp.lua , size = 0.284 KB
[12:25:42.021][info] [#0:script\workspace\loading.lua:100]: Preload file at: file:///c%3A/Users/downloader/AppData/Local/nvim-data/lazy/nvim-lspconfig/lsp/cmake.lua , size = 0.336 KB
[12:25:42.021][info] [#0:script\workspace\loading.lua:100]: Preload file at: file:///c%3A/Users/downloader/AppData/Local/nvim-data/lazy/nvim-lspconfig/lsp/cobol_ls.lua , size = 0.167 KB
[12:25:42.021][info] [#0:script\workspace\loading.lua:100]: Preload file at: file:///c%3A/Users/downloader/AppData/Local/nvim-data/lazy/nvim-lspconfig/lsp/codebook.lua , size = 0.771 KB
[12:25:42.022][info] [#0:script\workspace\loading.lua:100]: Preload file at: file:///c%3A/Users/downloader/AppData/Local/nvim-data/lazy/nvim-lspconfig/lsp/coffeesense.lua , size = 0.366 KB
[12:25:42.022][info] [#0:script\workspace\loading.lua:100]: Preload file at: file:///c%3A/Users/downloader/AppData/Local/nvim-data/lazy/nvim-lspconfig/lsp/contextive.lua , size = 0.702 KB
[12:25:42.022][info] [#0:script\workspace\loading.lua:100]: Preload file at: file:///c%3A/Users/downloader/AppData/Local/nvim-data/lazy/nvim-lspconfig/lsp/copilot.lua , size = 4.100 KB
[12:25:42.024][info] [#0:script\workspace\loading.lua:100]: Preload file at: file:///c%3A/Users/downloader/AppData/Local/nvim-data/lazy/nvim-lspconfig/lsp/coq_lsp.lua , size = 0.180 KB
[12:25:42.024][info] [#0:script\workspace\loading.lua:100]: Preload file at: file:///c%3A/Users/downloader/AppData/Local/nvim-data/lazy/nvim-lspconfig/lsp/crystalline.lua , size = 0.219 KB
[12:25:42.024][info] [#0:script\workspace\loading.lua:100]: Preload file at: file:///c%3A/Users/downloader/AppData/Local/nvim-data/lazy/nvim-lspconfig/lsp/csharp_ls.lua , size = 1.023 KB
[12:25:42.025][info] [#0:script\workspace\loading.lua:100]: Preload file at: file:///c%3A/Users/downloader/AppData/Local/nvim-data/lazy/nvim-lspconfig/lsp/cspell_ls.lua , size = 0.442 KB
[12:25:42.025][info] [#0:script\workspace\loading.lua:100]: Preload file at: file:///c%3A/Users/downloader/AppData/Local/nvim-data/lazy/nvim-lspconfig/lsp/cssls.lua , size = 1.134 KB
[12:25:42.025][info] [#0:script\workspace\loading.lua:100]: Preload file at: file:///c%3A/Users/downloader/AppData/Local/nvim-data/lazy/nvim-lspconfig/lsp/cssmodules_ls.lua , size = 0.479 KB
[12:25:42.025][info] [#0:script\workspace\loading.lua:100]: Preload file at: file:///c%3A/Users/downloader/AppData/Local/nvim-data/lazy/nvim-lspconfig/lsp/css_variables.lua , size = 1.701 KB
[12:25:42.026][info] [#0:script\workspace\loading.lua:100]: Preload file at: file:///c%3A/Users/downloader/AppData/Local/nvim-data/lazy/nvim-lspconfig/lsp/cucumber_language_server.lua , size = 0.437 KB
[12:25:42.026][info] [#0:script\workspace\loading.lua:100]: Preload file at: file:///c%3A/Users/downloader/AppData/Local/nvim-data/lazy/nvim-lspconfig/lsp/cue.lua , size = 0.276 KB
[12:25:42.027][info] [#0:script\workspace\loading.lua:100]: Preload file at: file:///c%3A/Users/downloader/AppData/Local/nvim-data/lazy/nvim-lspconfig/lsp/custom_elements_ls.lua , size = 0.975 KB
[12:25:42.027][info] [#0:script\workspace\loading.lua:100]: Preload file at: file:///c%3A/Users/downloader/AppData/Local/nvim-data/lazy/nvim-lspconfig/lsp/cypher_ls.lua , size = 0.537 KB
[12:25:42.027][info] [#0:script\workspace\loading.lua:100]: Preload file at: file:///c%3A/Users/downloader/AppData/Local/nvim-data/lazy/nvim-lspconfig/lsp/daedalus_ls.lua , size = 0.508 KB
[12:25:42.028][info] [#0:script\workspace\loading.lua:100]: Preload file at: file:///c%3A/Users/downloader/AppData/Local/nvim-data/lazy/nvim-lspconfig/lsp/dafny.lua , size = 0.488 KB
[12:25:42.028][info] [#0:script\workspace\loading.lua:100]: Preload file at: file:///c%3A/Users/downloader/AppData/Local/nvim-data/lazy/nvim-lspconfig/lsp/dagger.lua , size = 0.210 KB
[12:25:42.028][info] [#0:script\workspace\loading.lua:100]: Preload file at: file:///c%3A/Users/downloader/AppData/Local/nvim-data/lazy/nvim-lspconfig/lsp/dartls.lua , size = 0.559 KB
[12:25:42.028][info] [#0:script\workspace\loading.lua:100]: Preload file at: file:///c%3A/Users/downloader/AppData/Local/nvim-data/lazy/nvim-lspconfig/lsp/dcmls.lua , size = 0.225 KB
[12:25:42.029][info] [#0:script\workspace\loading.lua:100]: Preload file at: file:///c%3A/Users/downloader/AppData/Local/nvim-data/lazy/nvim-lspconfig/lsp/debputy.lua , size = 0.298 KB
[12:25:42.029][info] [#0:script\workspace\loading.lua:100]: Preload file at: file:///c%3A/Users/downloader/AppData/Local/nvim-data/lazy/nvim-lspconfig/lsp/denols.lua , size = 3.634 KB
[12:25:42.030][info] [#0:script\workspace\loading.lua:100]: Preload file at: file:///c%3A/Users/downloader/AppData/Local/nvim-data/lazy/nvim-lspconfig/lsp/dhall_lsp_server.lua , size = 0.443 KB
[12:25:42.031][info] [#0:script\workspace\loading.lua:100]: Preload file at: file:///c%3A/Users/downloader/AppData/Local/nvim-data/lazy/nvim-lspconfig/lsp/diagnosticls.lua , size = 0.397 KB
[12:25:42.031][info] [#0:script\workspace\loading.lua:100]: Preload file at: file:///c%3A/Users/downloader/AppData/Local/nvim-data/lazy/nvim-lspconfig/lsp/digestif.lua , size = 0.436 KB
[12:25:42.031][info] [#0:script\workspace\loading.lua:100]: Preload file at: file:///c%3A/Users/downloader/AppData/Local/nvim-data/lazy/nvim-lspconfig/lsp/djls.lua , size = 0.310 KB
[12:25:42.032][info] [#0:script\workspace\loading.lua:100]: Preload file at: file:///c%3A/Users/downloader/AppData/Local/nvim-data/lazy/nvim-lspconfig/lsp/djlsp.lua , size = 0.262 KB
[12:25:42.032][info] [#0:script\workspace\loading.lua:100]: Preload file at: file:///c%3A/Users/downloader/AppData/Local/nvim-data/lazy/nvim-lspconfig/lsp/dockerls.lua , size = 0.649 KB
[12:25:42.032][info] [#0:script\workspace\loading.lua:100]: Preload file at: file:///c%3A/Users/downloader/AppData/Local/nvim-data/lazy/nvim-lspconfig/lsp/docker_compose_language_service.lua , size = 0.699 KB
[12:25:42.033][info] [#0:script\workspace\loading.lua:100]: Preload file at: file:///c%3A/Users/downloader/AppData/Local/nvim-data/lazy/nvim-lspconfig/lsp/docker_language_server.lua , size = 0.798 KB
[12:25:42.033][info] [#0:script\workspace\loading.lua:100]: Preload file at: file:///c%3A/Users/downloader/AppData/Local/nvim-data/lazy/nvim-lspconfig/lsp/dolmenls.lua , size = 0.308 KB
[12:25:42.033][info] [#0:script\workspace\loading.lua:100]: Preload file at: file:///c%3A/Users/downloader/AppData/Local/nvim-data/lazy/nvim-lspconfig/lsp/dotls.lua , size = 0.308 KB
[12:25:42.033][info] [#0:script\workspace\loading.lua:100]: Preload file at: file:///c%3A/Users/downloader/AppData/Local/nvim-data/lazy/nvim-lspconfig/lsp/dprint.lua , size = 0.494 KB
[12:25:42.034][info] [#0:script\workspace\loading.lua:100]: Preload file at: file:///c%3A/Users/downloader/AppData/Local/nvim-data/lazy/nvim-lspconfig/lsp/ds_pinyin_lsp.lua , size = 2.264 KB
[12:25:42.035][info] [#0:script\workspace\loading.lua:100]: Preload file at: file:///c%3A/Users/downloader/AppData/Local/nvim-data/lazy/nvim-lspconfig/lsp/dts_lsp.lua , size = 0.624 KB
[12:25:42.035][info] [#0:script\workspace\loading.lua:100]: Preload file at: file:///c%3A/Users/downloader/AppData/Local/nvim-data/lazy/nvim-lspconfig/lsp/earthlyls.lua , size = 0.221 KB
[12:25:42.035][info] [#0:script\workspace\loading.lua:100]: Preload file at: file:///c%3A/Users/downloader/AppData/Local/nvim-data/lazy/nvim-lspconfig/lsp/ecsact.lua , size = 0.359 KB
[12:25:42.035][info] [#0:script\workspace\loading.lua:100]: Preload file at: file:///c%3A/Users/downloader/AppData/Local/nvim-data/lazy/nvim-lspconfig/lsp/efm.lua , size = 0.964 KB
[12:25:42.036][info] [#0:script\workspace\loading.lua:100]: Preload file at: file:///c%3A/Users/downloader/AppData/Local/nvim-data/lazy/nvim-lspconfig/lsp/elixirls.lua , size = 1.934 KB
[12:25:42.036][info] [#0:script\workspace\loading.lua:100]: Preload file at: file:///c%3A/Users/downloader/AppData/Local/nvim-data/lazy/nvim-lspconfig/lsp/elmls.lua , size = 1.076 KB
[12:25:42.037][info] [#0:script\workspace\loading.lua:100]: Preload file at: file:///c%3A/Users/downloader/AppData/Local/nvim-data/lazy/nvim-lspconfig/lsp/elp.lua , size = 0.332 KB
[12:25:42.037][info] [#0:script\workspace\loading.lua:100]: Preload file at: file:///c%3A/Users/downloader/AppData/Local/nvim-data/lazy/nvim-lspconfig/lsp/ember.lua , size = 0.439 KB
[12:25:42.038][info] [#0:script\workspace\loading.lua:100]: Preload file at: file:///c%3A/Users/downloader/AppData/Local/nvim-data/lazy/nvim-lspconfig/lsp/emmet_language_server.lua , size = 0.514 KB
[12:25:42.038][info] [#0:script\workspace\loading.lua:100]: Preload file at: file:///c%3A/Users/downloader/AppData/Local/nvim-data/lazy/nvim-lspconfig/lsp/emmet_ls.lua , size = 0.467 KB
[12:25:42.038][info] [#0:script\workspace\loading.lua:100]: Preload file at: file:///c%3A/Users/downloader/AppData/Local/nvim-data/lazy/nvim-lspconfig/lsp/emmylua_ls.lua , size = 0.657 KB
[12:25:42.039][info] [#0:script\workspace\loading.lua:100]: Preload file at: file:///c%3A/Users/downloader/AppData/Local/nvim-data/lazy/nvim-lspconfig/lsp/erg_language_server.lua , size = 0.445 KB
[12:25:42.039][info] [#0:script\workspace\loading.lua:100]: Preload file at: file:///c%3A/Users/downloader/AppData/Local/nvim-data/lazy/nvim-lspconfig/lsp/erlangls.lua , size = 0.650 KB
[12:25:42.039][info] [#0:script\workspace\loading.lua:100]: Preload file at: file:///c%3A/Users/downloader/AppData/Local/nvim-data/lazy/nvim-lspconfig/lsp/esbonio.lua , size = 1.507 KB
[12:25:42.040][info] [#0:script\workspace\loading.lua:100]: Preload file at: file:///c%3A/Users/downloader/AppData/Local/nvim-data/lazy/nvim-lspconfig/lsp/eslint.lua , size = 7.694 KB
[12:25:42.042][info] [#0:script\workspace\loading.lua:100]: Preload file at: file:///c%3A/Users/downloader/AppData/Local/nvim-data/lazy/nvim-lspconfig/lsp/expert.lua , size = 1.132 KB
[12:25:42.042][info] [#0:script\workspace\loading.lua:100]: Preload file at: file:///c%3A/Users/downloader/AppData/Local/nvim-data/lazy/nvim-lspconfig/lsp/facility_language_server.lua , size = 0.253 KB
[12:25:42.043][info] [#0:script\workspace\loading.lua:100]: Preload file at: file:///c%3A/Users/downloader/AppData/Local/nvim-data/lazy/nvim-lspconfig/lsp/fennel_language_server.lua , size = 0.265 KB
[12:25:42.043][info] [#0:script\workspace\loading.lua:100]: Preload file at: file:///c%3A/Users/downloader/AppData/Local/nvim-data/lazy/nvim-lspconfig/lsp/fennel_ls.lua , size = 0.853 KB
[12:25:42.043][info] [#0:script\workspace\loading.lua:100]: Preload file at: file:///c%3A/Users/downloader/AppData/Local/nvim-data/lazy/nvim-lspconfig/lsp/fish_lsp.lua , size = 0.514 KB
[12:25:42.044][info] [#0:script\workspace\loading.lua:100]: Preload file at: file:///c%3A/Users/downloader/AppData/Local/nvim-data/lazy/nvim-lspconfig/lsp/flow.lua , size = 0.617 KB
[12:25:42.044][info] [#0:script\workspace\loading.lua:100]: Preload file at: file:///c%3A/Users/downloader/AppData/Local/nvim-data/lazy/nvim-lspconfig/lsp/flux_lsp.lua , size = 0.291 KB
[12:25:42.044][info] [#0:script\workspace\loading.lua:100]: Preload file at: file:///c%3A/Users/downloader/AppData/Local/nvim-data/lazy/nvim-lspconfig/lsp/foam_ls.lua , size = 0.679 KB
[12:25:42.045][info] [#0:script\workspace\loading.lua:100]: Preload file at: file:///c%3A/Users/downloader/AppData/Local/nvim-data/lazy/nvim-lspconfig/lsp/fortls.lua , size = 0.668 KB
[12:25:42.045][info] [#0:script\workspace\loading.lua:100]: Preload file at: file:///c%3A/Users/downloader/AppData/Local/nvim-data/lazy/nvim-lspconfig/lsp/fsautocomplete.lua , size = 2.041 KB
[12:25:42.046][info] [#0:script\workspace\loading.lua:100]: Preload file at: file:///c%3A/Users/downloader/AppData/Local/nvim-data/lazy/nvim-lspconfig/lsp/fsharp_language_server.lua , size = 1.057 KB
[12:25:42.046][info] [#0:script\workspace\loading.lua:100]: Preload file at: file:///c%3A/Users/downloader/AppData/Local/nvim-data/lazy/nvim-lspconfig/lsp/fstar.lua , size = 0.254 KB
[12:25:42.046][info] [#0:script\workspace\loading.lua:100]: Preload file at: file:///c%3A/Users/downloader/AppData/Local/nvim-data/lazy/nvim-lspconfig/lsp/futhark_lsp.lua , size = 0.329 KB
[12:25:42.047][info] [#0:script\workspace\loading.lua:100]: Preload file at: file:///c%3A/Users/downloader/AppData/Local/nvim-data/lazy/nvim-lspconfig/lsp/gdscript.lua , size = 0.361 KB
[12:25:42.047][info] [#0:script\workspace\loading.lua:100]: Preload file at: file:///c%3A/Users/downloader/AppData/Local/nvim-data/lazy/nvim-lspconfig/lsp/gdshader_lsp.lua , size = 0.271 KB
[12:25:42.047][info] [#0:script\workspace\loading.lua:100]: Preload file at: file:///c%3A/Users/downloader/AppData/Local/nvim-data/lazy/nvim-lspconfig/lsp/ghcide.lua , size = 0.392 KB
[12:25:42.048][info] [#0:script\workspace\loading.lua:100]: Preload file at: file:///c%3A/Users/downloader/AppData/Local/nvim-data/lazy/nvim-lspconfig/lsp/ghdl_ls.lua , size = 0.397 KB
[12:25:42.048][info] [#0:script\workspace\loading.lua:100]: Preload file at: file:///c%3A/Users/downloader/AppData/Local/nvim-data/lazy/nvim-lspconfig/lsp/gh_actions_ls.lua , size = 1.736 KB
[12:25:42.049][info] [#0:script\workspace\loading.lua:100]: Preload file at: file:///c%3A/Users/downloader/AppData/Local/nvim-data/lazy/nvim-lspconfig/lsp/ginko_ls.lua , size = 0.454 KB
[12:25:42.049][info] [#0:script\workspace\loading.lua:100]: Preload file at: file:///c%3A/Users/downloader/AppData/Local/nvim-data/lazy/nvim-lspconfig/lsp/gitlab_ci_ls.lua , size = 0.625 KB
[12:25:42.049][info] [#0:script\workspace\loading.lua:100]: Preload file at: file:///c%3A/Users/downloader/AppData/Local/nvim-data/lazy/nvim-lspconfig/lsp/gitlab_duo.lua , size = 12.444 KB
[12:25:42.054][info] [#0:script\workspace\loading.lua:100]: Preload file at: file:///c%3A/Users/downloader/AppData/Local/nvim-data/lazy/nvim-lspconfig/lsp/glasgow.lua , size = 0.773 KB
[12:25:42.054][info] [#0:script\workspace\loading.lua:100]: Preload file at: file:///c%3A/Users/downloader/AppData/Local/nvim-data/lazy/nvim-lspconfig/lsp/gleam.lua , size = 0.367 KB
[12:25:42.054][info] [#0:script\workspace\loading.lua:100]: Preload file at: file:///c%3A/Users/downloader/AppData/Local/nvim-data/lazy/nvim-lspconfig/lsp/glint.lua , size = 1.396 KB
[12:25:42.055][info] [#0:script\workspace\loading.lua:100]: Preload file at: file:///c%3A/Users/downloader/AppData/Local/nvim-data/lazy/nvim-lspconfig/lsp/glslls.lua , size = 0.584 KB
[12:25:42.055][info] [#0:script\workspace\loading.lua:100]: Preload file at: file:///c%3A/Users/downloader/AppData/Local/nvim-data/lazy/nvim-lspconfig/lsp/glsl_analyzer.lua , size = 0.276 KB
[12:25:42.056][info] [#0:script\workspace\loading.lua:100]: Preload file at: file:///c%3A/Users/downloader/AppData/Local/nvim-data/lazy/nvim-lspconfig/lsp/gnls.lua , size = 0.433 KB
[12:25:42.056][info] [#0:script\workspace\loading.lua:100]: Preload file at: file:///c%3A/Users/downloader/AppData/Local/nvim-data/lazy/nvim-lspconfig/lsp/gn_language_server.lua , size = 0.314 KB
[12:25:42.056][info] [#0:script\workspace\loading.lua:100]: Preload file at: file:///c%3A/Users/downloader/AppData/Local/nvim-data/lazy/nvim-lspconfig/lsp/golangci_lint_ls.lua , size = 1.697 KB
[12:25:42.057][info] [#0:script\workspace\loading.lua:100]: Preload file at: file:///c%3A/Users/downloader/AppData/Local/nvim-data/lazy/nvim-lspconfig/lsp/gopls.lua , size = 2.478 KB
[12:25:42.058][info] [#0:script\workspace\loading.lua:100]: Preload file at: file:///c%3A/Users/downloader/AppData/Local/nvim-data/lazy/nvim-lspconfig/lsp/gradle_ls.lua , size = 0.722 KB
[12:25:42.059][info] [#0:script\workspace\loading.lua:100]: Preload file at: file:///c%3A/Users/downloader/AppData/Local/nvim-data/lazy/nvim-lspconfig/lsp/grammarly.lua , size = 0.689 KB
[12:25:42.059][info] [#0:script\workspace\loading.lua:100]: Preload file at: file:///c%3A/Users/downloader/AppData/Local/nvim-data/lazy/nvim-lspconfig/lsp/graphql.lua , size = 0.793 KB
[12:25:42.059][info] [#0:script\workspace\loading.lua:100]: Preload file at: file:///c%3A/Users/downloader/AppData/Local/nvim-data/lazy/nvim-lspconfig/lsp/groovyls.lua , size = 0.719 KB
[12:25:42.060][info] [#0:script\workspace\loading.lua:100]: Preload file at: file:///c%3A/Users/downloader/AppData/Local/nvim-data/lazy/nvim-lspconfig/lsp/guile_ls.lua , size = 0.690 KB
[12:25:42.060][info] [#0:script\workspace\loading.lua:100]: Preload file at: file:///c%3A/Users/downloader/AppData/Local/nvim-data/lazy/nvim-lspconfig/lsp/harper_ls.lua , size = 0.953 KB
[12:25:42.060][info] [#0:script\workspace\loading.lua:100]: Preload file at: file:///c%3A/Users/downloader/AppData/Local/nvim-data/lazy/nvim-lspconfig/lsp/hdl_checker.lua , size = 0.295 KB
[12:25:42.061][info] [#0:script\workspace\loading.lua:100]: Preload file at: file:///c%3A/Users/downloader/AppData/Local/nvim-data/lazy/nvim-lspconfig/lsp/helm_ls.lua , size = 0.677 KB
[12:25:42.061][info] [#0:script\workspace\loading.lua:100]: Preload file at: file:///c%3A/Users/downloader/AppData/Local/nvim-data/lazy/nvim-lspconfig/lsp/herb_ls.lua , size = 0.742 KB
[12:25:42.061][info] [#0:script\workspace\loading.lua:100]: Preload file at: file:///c%3A/Users/downloader/AppData/Local/nvim-data/lazy/nvim-lspconfig/lsp/hhvm.lua , size = 0.362 KB
[12:25:42.062][info] [#0:script\workspace\loading.lua:100]: Preload file at: file:///c%3A/Users/downloader/AppData/Local/nvim-data/lazy/nvim-lspconfig/lsp/hie.lua , size = 0.737 KB
[12:25:42.062][info] [#0:script\workspace\loading.lua:100]: Preload file at: file:///c%3A/Users/downloader/AppData/Local/nvim-data/lazy/nvim-lspconfig/lsp/hlasm.lua , size = 0.427 KB
[12:25:42.062][info] [#0:script\workspace\loading.lua:100]: Preload file at: file:///c%3A/Users/downloader/AppData/Local/nvim-data/lazy/nvim-lspconfig/lsp/hls.lua , size = 0.792 KB
[12:25:42.063][info] [#0:script\workspace\loading.lua:100]: Preload file at: file:///c%3A/Users/downloader/AppData/Local/nvim-data/lazy/nvim-lspconfig/lsp/home_assistant.lua , size = 0.539 KB
[12:25:42.063][info] [#0:script\workspace\loading.lua:100]: Preload file at: file:///c%3A/Users/downloader/AppData/Local/nvim-data/lazy/nvim-lspconfig/lsp/hoon_ls.lua , size = 0.438 KB
[12:25:42.063][info] [#0:script\workspace\loading.lua:100]: Preload file at: file:///c%3A/Users/downloader/AppData/Local/nvim-data/lazy/nvim-lspconfig/lsp/html.lua , size = 1.221 KB
[12:25:42.064][info] [#0:script\workspace\loading.lua:100]: Preload file at: file:///c%3A/Users/downloader/AppData/Local/nvim-data/lazy/nvim-lspconfig/lsp/htmx.lua , size = 1.080 KB
[12:25:42.064][info] [#0:script\workspace\loading.lua:100]: Preload file at: file:///c%3A/Users/downloader/AppData/Local/nvim-data/lazy/nvim-lspconfig/lsp/hydra_lsp.lua , size = 0.218 KB
[12:25:42.064][info] [#0:script\workspace\loading.lua:100]: Preload file at: file:///c%3A/Users/downloader/AppData/Local/nvim-data/lazy/nvim-lspconfig/lsp/hylo_ls.lua , size = 0.277 KB
[12:25:42.065][info] [#0:script\workspace\loading.lua:100]: Preload file at: file:///c%3A/Users/downloader/AppData/Local/nvim-data/lazy/nvim-lspconfig/lsp/hyprls.lua , size = 0.315 KB
[12:25:42.065][info] [#0:script\workspace\loading.lua:100]: Preload file at: file:///c%3A/Users/downloader/AppData/Local/nvim-data/lazy/nvim-lspconfig/lsp/idris2_lsp.lua , size = 1.759 KB
[12:25:42.065][info] [#0:script\workspace\loading.lua:100]: Preload file at: file:///c%3A/Users/downloader/AppData/Local/nvim-data/lazy/nvim-lspconfig/lsp/intelephense.lua , size = 1.031 KB
[12:25:42.066][info] [#0:script\workspace\loading.lua:100]: Preload file at: file:///c%3A/Users/downloader/AppData/Local/nvim-data/lazy/nvim-lspconfig/lsp/janet_lsp.lua , size = 0.267 KB
[12:25:42.066][info] [#0:script\workspace\loading.lua:100]: Preload file at: file:///c%3A/Users/downloader/AppData/Local/nvim-data/lazy/nvim-lspconfig/lsp/java_language_server.lua , size = 0.404 KB
[12:25:42.066][info] [#0:script\workspace\loading.lua:100]: Preload file at: file:///c%3A/Users/downloader/AppData/Local/nvim-data/lazy/nvim-lspconfig/lsp/jdtls.lua , size = 3.346 KB
[12:25:42.067][info] [#0:script\workspace\loading.lua:100]: Preload file at: file:///c%3A/Users/downloader/AppData/Local/nvim-data/lazy/nvim-lspconfig/lsp/jedi_language_server.lua , size = 0.371 KB
[12:25:42.068][info] [#0:script\workspace\loading.lua:100]: Preload file at: file:///c%3A/Users/downloader/AppData/Local/nvim-data/lazy/nvim-lspconfig/lsp/jinja_lsp.lua , size = 0.619 KB
[12:25:42.068][info] [#0:script\workspace\loading.lua:100]: Preload file at: file:///c%3A/Users/downloader/AppData/Local/nvim-data/lazy/nvim-lspconfig/lsp/jqls.lua , size = 0.586 KB
[12:25:42.068][info] [#0:script\workspace\loading.lua:100]: Preload file at: file:///c%3A/Users/downloader/AppData/Local/nvim-data/lazy/nvim-lspconfig/lsp/jsonls.lua , size = 1.041 KB
[12:25:42.069][info] [#0:script\workspace\loading.lua:100]: Preload file at: file:///c%3A/Users/downloader/AppData/Local/nvim-data/lazy/nvim-lspconfig/lsp/jsonnet_ls.lua , size = 0.437 KB
[12:25:42.069][info] [#0:script\workspace\loading.lua:100]: Preload file at: file:///c%3A/Users/downloader/AppData/Local/nvim-data/lazy/nvim-lspconfig/lsp/julials.lua , size = 5.055 KB
[12:25:42.071][info] [#0:script\workspace\loading.lua:100]: Preload file at: file:///c%3A/Users/downloader/AppData/Local/nvim-data/lazy/nvim-lspconfig/lsp/just.lua , size = 0.245 KB
[12:25:42.071][info] [#0:script\workspace\loading.lua:100]: Preload file at: file:///c%3A/Users/downloader/AppData/Local/nvim-data/lazy/nvim-lspconfig/lsp/kcl.lua , size = 0.249 KB
[12:25:42.071][info] [#0:script\workspace\loading.lua:100]: Preload file at: file:///c%3A/Users/downloader/AppData/Local/nvim-data/lazy/nvim-lspconfig/lsp/koka.lua , size = 0.282 KB
[12:25:42.071][info] [#0:script\workspace\loading.lua:100]: Preload file at: file:///c%3A/Users/downloader/AppData/Local/nvim-data/lazy/nvim-lspconfig/lsp/kotlin_language_server.lua , size = 1.470 KB
[12:25:42.072][info] [#0:script\workspace\loading.lua:100]: Preload file at: file:///c%3A/Users/downloader/AppData/Local/nvim-data/lazy/nvim-lspconfig/lsp/kotlin_lsp.lua , size = 0.770 KB
[12:25:42.072][info] [#0:script\workspace\loading.lua:100]: Preload file at: file:///c%3A/Users/downloader/AppData/Local/nvim-data/lazy/nvim-lspconfig/lsp/kulala_ls.lua , size = 0.232 KB
[12:25:42.073][info] [#0:script\workspace\loading.lua:100]: Preload file at: file:///c%3A/Users/downloader/AppData/Local/nvim-data/lazy/nvim-lspconfig/lsp/laravel_ls.lua , size = 0.317 KB
[12:25:42.073][info] [#0:script\workspace\loading.lua:100]: Preload file at: file:///c%3A/Users/downloader/AppData/Local/nvim-data/lazy/nvim-lspconfig/lsp/lean3ls.lua , size = 1.257 KB
[12:25:42.073][info] [#0:script\workspace\loading.lua:100]: Preload file at: file:///c%3A/Users/downloader/AppData/Local/nvim-data/lazy/nvim-lspconfig/lsp/lelwel_ls.lua , size = 0.312 KB
[12:25:42.074][info] [#0:script\workspace\loading.lua:100]: Preload file at: file:///c%3A/Users/downloader/AppData/Local/nvim-data/lazy/nvim-lspconfig/lsp/lemminx.lua , size = 0.629 KB
[12:25:42.074][info] [#0:script\workspace\loading.lua:100]: Preload file at: file:///c%3A/Users/downloader/AppData/Local/nvim-data/lazy/nvim-lspconfig/lsp/lexical.lua , size = 0.545 KB
[12:25:42.074][info] [#0:script\workspace\loading.lua:100]: Preload file at: file:///c%3A/Users/downloader/AppData/Local/nvim-data/lazy/nvim-lspconfig/lsp/lsp_ai.lua , size = 0.796 KB
[12:25:42.074][info] [#0:script\workspace\loading.lua:100]: Preload file at: file:///c%3A/Users/downloader/AppData/Local/nvim-data/lazy/nvim-lspconfig/lsp/ltex.lua , size = 1.702 KB
[12:25:42.075][info] [#0:script\workspace\loading.lua:100]: Preload file at: file:///c%3A/Users/downloader/AppData/Local/nvim-data/lazy/nvim-lspconfig/lsp/ltex_plus.lua , size = 1.750 KB
[12:25:42.076][info] [#0:script\workspace\loading.lua:100]: Preload file at: file:///c%3A/Users/downloader/AppData/Local/nvim-data/lazy/nvim-lspconfig/lsp/luau_lsp.lua , size = 0.550 KB
[12:25:42.076][info] [#0:script\workspace\loading.lua:100]: Preload file at: file:///c%3A/Users/downloader/AppData/Local/nvim-data/lazy/nvim-lspconfig/lsp/lua_ls.lua , size = 2.883 KB
[12:25:42.077][info] [#0:script\workspace\loading.lua:100]: Preload file at: file:///c%3A/Users/downloader/AppData/Local/nvim-data/lazy/nvim-lspconfig/lsp/lwc_ls.lua , size = 0.773 KB
[12:25:42.077][info] [#0:script\workspace\loading.lua:100]: Preload file at: file:///c%3A/Users/downloader/AppData/Local/nvim-data/lazy/nvim-lspconfig/lsp/m68k.lua , size = 0.484 KB
[12:25:42.078][info] [#0:script\workspace\loading.lua:100]: Preload file at: file:///c%3A/Users/downloader/AppData/Local/nvim-data/lazy/nvim-lspconfig/lsp/markdown_oxide.lua , size = 1.010 KB
[12:25:42.078][info] [#0:script\workspace\loading.lua:100]: Preload file at: file:///c%3A/Users/downloader/AppData/Local/nvim-data/lazy/nvim-lspconfig/lsp/marko-js.lua , size = 0.363 KB
[12:25:42.078][info] [#0:script\workspace\loading.lua:100]: Preload file at: file:///c%3A/Users/downloader/AppData/Local/nvim-data/lazy/nvim-lspconfig/lsp/marksman.lua , size = 0.525 KB
[12:25:42.079][info] [#0:script\workspace\loading.lua:100]: Preload file at: file:///c%3A/Users/downloader/AppData/Local/nvim-data/lazy/nvim-lspconfig/lsp/matlab_ls.lua , size = 0.834 KB
[12:25:42.079][info] [#0:script\workspace\loading.lua:100]: Preload file at: file:///c%3A/Users/downloader/AppData/Local/nvim-data/lazy/nvim-lspconfig/lsp/mdx_analyzer.lua , size = 0.589 KB
[12:25:42.080][info] [#0:script\workspace\loading.lua:100]: Preload file at: file:///c%3A/Users/downloader/AppData/Local/nvim-data/lazy/nvim-lspconfig/lsp/mesonlsp.lua , size = 0.937 KB
[12:25:42.080][info] [#0:script\workspace\loading.lua:100]: Preload file at: file:///c%3A/Users/downloader/AppData/Local/nvim-data/lazy/nvim-lspconfig/lsp/metals.lua , size = 1.021 KB
[12:25:42.081][info] [#0:script\workspace\loading.lua:100]: Preload file at: file:///c%3A/Users/downloader/AppData/Local/nvim-data/lazy/nvim-lspconfig/lsp/millet.lua , size = 0.442 KB
[12:25:42.081][info] [#0:script\workspace\loading.lua:100]: Preload file at: file:///c%3A/Users/downloader/AppData/Local/nvim-data/lazy/nvim-lspconfig/lsp/mint.lua , size = 0.307 KB
[12:25:42.081][info] [#0:script\workspace\loading.lua:100]: Preload file at: file:///c%3A/Users/downloader/AppData/Local/nvim-data/lazy/nvim-lspconfig/lsp/mlir_lsp_server.lua , size = 0.384 KB
[12:25:42.081][info] [#0:script\workspace\loading.lua:100]: Preload file at: file:///c%3A/Users/downloader/AppData/Local/nvim-data/lazy/nvim-lspconfig/lsp/mlir_pdll_lsp_server.lua , size = 0.426 KB
[12:25:42.082][info] [#0:script\workspace\loading.lua:100]: Preload file at: file:///c%3A/Users/downloader/AppData/Local/nvim-data/lazy/nvim-lspconfig/lsp/mm0_ls.lua , size = 0.360 KB
[12:25:42.082][info] [#0:script\workspace\loading.lua:100]: Preload file at: file:///c%3A/Users/downloader/AppData/Local/nvim-data/lazy/nvim-lspconfig/lsp/mojo.lua , size = 0.452 KB
[12:25:42.082][info] [#0:script\workspace\loading.lua:100]: Preload file at: file:///c%3A/Users/downloader/AppData/Local/nvim-data/lazy/nvim-lspconfig/lsp/motoko_lsp.lua , size = 0.303 KB
[12:25:42.083][info] [#0:script\workspace\loading.lua:100]: Preload file at: file:///c%3A/Users/downloader/AppData/Local/nvim-data/lazy/nvim-lspconfig/lsp/move_analyzer.lua , size = 0.581 KB
[12:25:42.083][info] [#0:script\workspace\loading.lua:100]: Preload file at: file:///c%3A/Users/downloader/AppData/Local/nvim-data/lazy/nvim-lspconfig/lsp/msbuild_project_tools_server.lua , size = 1.292 KB
[12:25:42.083][info] [#0:script\workspace\loading.lua:100]: Preload file at: file:///c%3A/Users/downloader/AppData/Local/nvim-data/lazy/nvim-lspconfig/lsp/muon.lua , size = 0.615 KB
[12:25:42.084][info] [#0:script\workspace\loading.lua:100]: Preload file at: file:///c%3A/Users/downloader/AppData/Local/nvim-data/lazy/nvim-lspconfig/lsp/mutt_ls.lua , size = 0.354 KB
[12:25:42.084][info] [#0:script\workspace\loading.lua:100]: Preload file at: file:///c%3A/Users/downloader/AppData/Local/nvim-data/lazy/nvim-lspconfig/lsp/nelua_lsp.lua , size = 1.065 KB
[12:25:42.085][info] [#0:script\workspace\loading.lua:100]: Preload file at: file:///c%3A/Users/downloader/AppData/Local/nvim-data/lazy/nvim-lspconfig/lsp/neocmake.lua , size = 0.795 KB
[12:25:42.085][info] [#0:script\workspace\loading.lua:100]: Preload file at: file:///c%3A/Users/downloader/AppData/Local/nvim-data/lazy/nvim-lspconfig/lsp/nextflow_ls.lua , size = 0.948 KB
[12:25:42.085][info] [#0:script\workspace\loading.lua:100]: Preload file at: file:///c%3A/Users/downloader/AppData/Local/nvim-data/lazy/nvim-lspconfig/lsp/nextls.lua , size = 0.369 KB
[12:25:42.086][info] [#0:script\workspace\loading.lua:100]: Preload file at: file:///c%3A/Users/downloader/AppData/Local/nvim-data/lazy/nvim-lspconfig/lsp/nginx_language_server.lua , size = 0.322 KB
[12:25:42.086][info] [#0:script\workspace\loading.lua:100]: Preload file at: file:///c%3A/Users/downloader/AppData/Local/nvim-data/lazy/nvim-lspconfig/lsp/nickel_ls.lua , size = 0.661 KB
[12:25:42.086][info] [#0:script\workspace\loading.lua:100]: Preload file at: file:///c%3A/Users/downloader/AppData/Local/nvim-data/lazy/nvim-lspconfig/lsp/nil_ls.lua , size = 0.474 KB
[12:25:42.086][info] [#0:script\workspace\loading.lua:100]: Preload file at: file:///c%3A/Users/downloader/AppData/Local/nvim-data/lazy/nvim-lspconfig/lsp/nimls.lua , size = 0.507 KB
[12:25:42.087][info] [#0:script\workspace\loading.lua:100]: Preload file at: file:///c%3A/Users/downloader/AppData/Local/nvim-data/lazy/nvim-lspconfig/lsp/nim_langserver.lua , size = 0.534 KB
[12:25:42.087][info] [#0:script\workspace\loading.lua:100]: Preload file at: file:///c%3A/Users/downloader/AppData/Local/nvim-data/lazy/nvim-lspconfig/lsp/nixd.lua , size = 0.391 KB
[12:25:42.088][info] [#0:script\workspace\loading.lua:100]: Preload file at: file:///c%3A/Users/downloader/AppData/Local/nvim-data/lazy/nvim-lspconfig/lsp/nomad_lsp.lua , size = 1.077 KB
[12:25:42.088][info] [#0:script\workspace\loading.lua:100]: Preload file at: file:///c%3A/Users/downloader/AppData/Local/nvim-data/lazy/nvim-lspconfig/lsp/ntt.lua , size = 0.443 KB
[12:25:42.088][info] [#0:script\workspace\loading.lua:100]: Preload file at: file:///c%3A/Users/downloader/AppData/Local/nvim-data/lazy/nvim-lspconfig/lsp/nushell.lua , size = 0.313 KB
[12:25:42.089][info] [#0:script\workspace\loading.lua:100]: Preload file at: file:///c%3A/Users/downloader/AppData/Local/nvim-data/lazy/nvim-lspconfig/lsp/nxls.lua , size = 0.338 KB
[12:25:42.089][info] [#0:script\workspace\loading.lua:100]: Preload file at: file:///c%3A/Users/downloader/AppData/Local/nvim-data/lazy/nvim-lspconfig/lsp/ocamllsp.lua , size = 2.890 KB
[12:25:42.090][info] [#0:script\workspace\loading.lua:100]: Preload file at: file:///c%3A/Users/downloader/AppData/Local/nvim-data/lazy/nvim-lspconfig/lsp/ols.lua , size = 0.358 KB
[12:25:42.091][info] [#0:script\workspace\loading.lua:100]: Preload file at: file:///c%3A/Users/downloader/AppData/Local/nvim-data/lazy/nvim-lspconfig/lsp/omnisharp.lua , size = 3.555 KB
[12:25:42.091][info] [#0:script\workspace\loading.lua:100]: Preload file at: file:///c%3A/Users/downloader/AppData/Local/nvim-data/lazy/nvim-lspconfig/lsp/opencl_ls.lua , size = 0.451 KB
[12:25:42.092][info] [#0:script\workspace\loading.lua:100]: Preload file at: file:///c%3A/Users/downloader/AppData/Local/nvim-data/lazy/nvim-lspconfig/lsp/openscad_ls.lua , size = 0.693 KB
[12:25:42.092][info] [#0:script\workspace\loading.lua:100]: Preload file at: file:///c%3A/Users/downloader/AppData/Local/nvim-data/lazy/nvim-lspconfig/lsp/openscad_lsp.lua , size = 0.358 KB
[12:25:42.093][info] [#0:script\workspace\loading.lua:100]: Preload file at: file:///c%3A/Users/downloader/AppData/Local/nvim-data/lazy/nvim-lspconfig/lsp/oxlint.lua , size = 0.800 KB
[12:25:42.093][info] [#0:script\workspace\loading.lua:100]: Preload file at: file:///c%3A/Users/downloader/AppData/Local/nvim-data/lazy/nvim-lspconfig/lsp/pact_ls.lua , size = 0.199 KB
[12:25:42.093][info] [#0:script\workspace\loading.lua:100]: Preload file at: file:///c%3A/Users/downloader/AppData/Local/nvim-data/lazy/nvim-lspconfig/lsp/pasls.lua , size = 1.113 KB
[12:25:42.094][info] [#0:script\workspace\loading.lua:100]: Preload file at: file:///c%3A/Users/downloader/AppData/Local/nvim-data/lazy/nvim-lspconfig/lsp/pbls.lua , size = 0.388 KB
[12:25:42.094][info] [#0:script\workspace\loading.lua:100]: Preload file at: file:///c%3A/Users/downloader/AppData/Local/nvim-data/lazy/nvim-lspconfig/lsp/perlls.lua , size = 0.654 KB
[12:25:42.094][info] [#0:script\workspace\loading.lua:100]: Preload file at: file:///c%3A/Users/downloader/AppData/Local/nvim-data/lazy/nvim-lspconfig/lsp/perlnavigator.lua , size = 0.829 KB
[12:25:42.095][info] [#0:script\workspace\loading.lua:100]: Preload file at: file:///c%3A/Users/downloader/AppData/Local/nvim-data/lazy/nvim-lspconfig/lsp/perlpls.lua , size = 0.464 KB
[12:25:42.095][info] [#0:script\workspace\loading.lua:100]: Preload file at: file:///c%3A/Users/downloader/AppData/Local/nvim-data/lazy/nvim-lspconfig/lsp/pest_ls.lua , size = 0.229 KB
[12:25:42.095][info] [#0:script\workspace\loading.lua:100]: Preload file at: file:///c%3A/Users/downloader/AppData/Local/nvim-data/lazy/nvim-lspconfig/lsp/phan.lua , size = 0.637 KB
[12:25:42.096][info] [#0:script\workspace\loading.lua:100]: Preload file at: file:///c%3A/Users/downloader/AppData/Local/nvim-data/lazy/nvim-lspconfig/lsp/phpactor.lua , size = 0.366 KB
[12:25:42.096][info] [#0:script\workspace\loading.lua:100]: Preload file at: file:///c%3A/Users/downloader/AppData/Local/nvim-data/lazy/nvim-lspconfig/lsp/phptools.lua , size = 0.870 KB
[12:25:42.096][info] [#0:script\workspace\loading.lua:100]: Preload file at: file:///c%3A/Users/downloader/AppData/Local/nvim-data/lazy/nvim-lspconfig/lsp/pico8_ls.lua , size = 0.396 KB
[12:25:42.097][info] [#0:script\workspace\loading.lua:100]: Preload file at: file:///c%3A/Users/downloader/AppData/Local/nvim-data/lazy/nvim-lspconfig/lsp/please.lua , size = 0.352 KB
[12:25:42.097][info] [#0:script\workspace\loading.lua:100]: Preload file at: file:///c%3A/Users/downloader/AppData/Local/nvim-data/lazy/nvim-lspconfig/lsp/pli.lua , size = 0.395 KB
[12:25:42.097][info] [#0:script\workspace\loading.lua:100]: Preload file at: file:///c%3A/Users/downloader/AppData/Local/nvim-data/lazy/nvim-lspconfig/lsp/pony_language_server.lua , size = 0.249 KB
[12:25:42.098][info] [#0:script\workspace\loading.lua:100]: Preload file at: file:///c%3A/Users/downloader/AppData/Local/nvim-data/lazy/nvim-lspconfig/lsp/poryscript_pls.lua , size = 0.292 KB
[12:25:42.098][info] [#0:script\workspace\loading.lua:100]: Preload file at: file:///c%3A/Users/downloader/AppData/Local/nvim-data/lazy/nvim-lspconfig/lsp/postgres_lsp.lua , size = 0.408 KB
[12:25:42.098][info] [#0:script\workspace\loading.lua:100]: Preload file at: file:///c%3A/Users/downloader/AppData/Local/nvim-data/lazy/nvim-lspconfig/lsp/powershell_es.lua , size = 2.108 KB
[12:25:42.099][info] [#0:script\workspace\loading.lua:100]: Preload file at: file:///c%3A/Users/downloader/AppData/Local/nvim-data/lazy/nvim-lspconfig/lsp/prismals.lua , size = 0.418 KB
[12:25:42.099][info] [#0:script\workspace\loading.lua:100]: Preload file at: file:///c%3A/Users/downloader/AppData/Local/nvim-data/lazy/nvim-lspconfig/lsp/prolog_ls.lua , size = 0.355 KB
[12:25:42.099][info] [#0:script\workspace\loading.lua:100]: Preload file at: file:///c%3A/Users/downloader/AppData/Local/nvim-data/lazy/nvim-lspconfig/lsp/prosemd_lsp.lua , size = 0.338 KB
[12:25:42.100][info] [#0:script\workspace\loading.lua:100]: Preload file at: file:///c%3A/Users/downloader/AppData/Local/nvim-data/lazy/nvim-lspconfig/lsp/protols.lua , size = 0.348 KB
[12:25:42.100][info] [#0:script\workspace\loading.lua:100]: Preload file at: file:///c%3A/Users/downloader/AppData/Local/nvim-data/lazy/nvim-lspconfig/lsp/psalm.lua , size = 0.295 KB
[12:25:42.100][info] [#0:script\workspace\loading.lua:100]: Preload file at: file:///c%3A/Users/downloader/AppData/Local/nvim-data/lazy/nvim-lspconfig/lsp/pug.lua , size = 0.423 KB
[12:25:42.101][info] [#0:script\workspace\loading.lua:100]: Preload file at: file:///c%3A/Users/downloader/AppData/Local/nvim-data/lazy/nvim-lspconfig/lsp/puppet.lua , size = 0.632 KB
[12:25:42.101][info] [#0:script\workspace\loading.lua:100]: Preload file at: file:///c%3A/Users/downloader/AppData/Local/nvim-data/lazy/nvim-lspconfig/lsp/purescriptls.lua , size = 0.522 KB
[12:25:42.101][info] [#0:script\workspace\loading.lua:100]: Preload file at: file:///c%3A/Users/downloader/AppData/Local/nvim-data/lazy/nvim-lspconfig/lsp/pylsp.lua , size = 1.115 KB
[12:25:42.102][info] [#0:script\workspace\loading.lua:100]: Preload file at: file:///c%3A/Users/downloader/AppData/Local/nvim-data/lazy/nvim-lspconfig/lsp/pylyzer.lua , size = 0.943 KB
[12:25:42.102][info] [#0:script\workspace\loading.lua:100]: Preload file at: file:///c%3A/Users/downloader/AppData/Local/nvim-data/lazy/nvim-lspconfig/lsp/pyre.lua , size = 0.429 KB
[12:25:42.102][info] [#0:script\workspace\loading.lua:100]: Preload file at: file:///c%3A/Users/downloader/AppData/Local/nvim-data/lazy/nvim-lspconfig/lsp/pyrefly.lua , size = 0.597 KB
[12:25:42.103][info] [#0:script\workspace\loading.lua:100]: Preload file at: file:///c%3A/Users/downloader/AppData/Local/nvim-data/lazy/nvim-lspconfig/lsp/pyright.lua , size = 2.074 KB
[12:25:42.104][info] [#0:script\workspace\loading.lua:100]: Preload file at: file:///c%3A/Users/downloader/AppData/Local/nvim-data/lazy/nvim-lspconfig/lsp/qmlls.lua , size = 0.396 KB
[12:25:42.104][info] [#0:script\workspace\loading.lua:100]: Preload file at: file:///c%3A/Users/downloader/AppData/Local/nvim-data/lazy/nvim-lspconfig/lsp/quick_lint_js.lua , size = 0.358 KB
[12:25:42.104][info] [#0:script\workspace\loading.lua:100]: Preload file at: file:///c%3A/Users/downloader/AppData/Local/nvim-data/lazy/nvim-lspconfig/lsp/racket_langserver.lua , size = 0.541 KB
[12:25:42.104][info] [#0:script\workspace\loading.lua:100]: Preload file at: file:///c%3A/Users/downloader/AppData/Local/nvim-data/lazy/nvim-lspconfig/lsp/raku_navigator.lua , size = 1.200 KB
[12:25:42.105][info] [#0:script\workspace\loading.lua:100]: Preload file at: file:///c%3A/Users/downloader/AppData/Local/nvim-data/lazy/nvim-lspconfig/lsp/reason_ls.lua , size = 0.321 KB
[12:25:42.105][info] [#0:script\workspace\loading.lua:100]: Preload file at: file:///c%3A/Users/downloader/AppData/Local/nvim-data/lazy/nvim-lspconfig/lsp/regal.lua , size = 0.576 KB
[12:25:42.106][info] [#0:script\workspace\loading.lua:100]: Preload file at: file:///c%3A/Users/downloader/AppData/Local/nvim-data/lazy/nvim-lspconfig/lsp/regols.lua , size = 0.524 KB
[12:25:42.106][info] [#0:script\workspace\loading.lua:100]: Preload file at: file:///c%3A/Users/downloader/AppData/Local/nvim-data/lazy/nvim-lspconfig/lsp/remark_ls.lua , size = 1.085 KB
[12:25:42.106][info] [#0:script\workspace\loading.lua:100]: Preload file at: file:///c%3A/Users/downloader/AppData/Local/nvim-data/lazy/nvim-lspconfig/lsp/rescriptls.lua , size = 1.626 KB
[12:25:42.107][info] [#0:script\workspace\loading.lua:100]: Preload file at: file:///c%3A/Users/downloader/AppData/Local/nvim-data/lazy/nvim-lspconfig/lsp/rls.lua , size = 0.830 KB
[12:25:42.107][info] [#0:script\workspace\loading.lua:100]: Preload file at: file:///c%3A/Users/downloader/AppData/Local/nvim-data/lazy/nvim-lspconfig/lsp/rnix.lua , size = 0.540 KB
[12:25:42.108][info] [#0:script\workspace\loading.lua:100]: Preload file at: file:///c%3A/Users/downloader/AppData/Local/nvim-data/lazy/nvim-lspconfig/lsp/robotcode.lua , size = 0.372 KB
[12:25:42.108][info] [#0:script\workspace\loading.lua:100]: Preload file at: file:///c%3A/Users/downloader/AppData/Local/nvim-data/lazy/nvim-lspconfig/lsp/robotframework_ls.lua , size = 0.314 KB
[12:25:42.108][info] [#0:script\workspace\loading.lua:100]: Preload file at: file:///c%3A/Users/downloader/AppData/Local/nvim-data/lazy/nvim-lspconfig/lsp/roc_ls.lua , size = 0.386 KB
[12:25:42.108][info] [#0:script\workspace\loading.lua:100]: Preload file at: file:///c%3A/Users/downloader/AppData/Local/nvim-data/lazy/nvim-lspconfig/lsp/rome.lua , size = 0.484 KB
[12:25:42.109][info] [#0:script\workspace\loading.lua:100]: Preload file at: file:///c%3A/Users/downloader/AppData/Local/nvim-data/lazy/nvim-lspconfig/lsp/roslyn_ls.lua , size = 8.346 KB
[12:25:42.111][info] [#0:script\workspace\loading.lua:100]: Preload file at: file:///c%3A/Users/downloader/AppData/Local/nvim-data/lazy/nvim-lspconfig/lsp/rpmspec.lua , size = 0.403 KB
[12:25:42.112][info] [#0:script\workspace\loading.lua:100]: Preload file at: file:///c%3A/Users/downloader/AppData/Local/nvim-data/lazy/nvim-lspconfig/lsp/rubocop.lua , size = 0.183 KB
[12:25:42.112][info] [#0:script\workspace\loading.lua:100]: Preload file at: file:///c%3A/Users/downloader/AppData/Local/nvim-data/lazy/nvim-lspconfig/lsp/ruby_lsp.lua , size = 0.649 KB
[12:25:42.112][info] [#0:script\workspace\loading.lua:100]: Preload file at: file:///c%3A/Users/downloader/AppData/Local/nvim-data/lazy/nvim-lspconfig/lsp/ruff.lua , size = 1.057 KB
[12:25:42.113][info] [#0:script\workspace\loading.lua:100]: Preload file at: file:///c%3A/Users/downloader/AppData/Local/nvim-data/lazy/nvim-lspconfig/lsp/ruff_lsp.lua , size = 0.682 KB
[12:25:42.113][info] [#0:script\workspace\loading.lua:100]: Preload file at: file:///c%3A/Users/downloader/AppData/Local/nvim-data/lazy/nvim-lspconfig/lsp/rumdl.lua , size = 0.225 KB
[12:25:42.113][info] [#0:script\workspace\loading.lua:100]: Preload file at: file:///c%3A/Users/downloader/AppData/Local/nvim-data/lazy/nvim-lspconfig/lsp/rune_languageserver.lua , size = 0.316 KB
[12:25:42.114][info] [#0:script\workspace\loading.lua:100]: Preload file at: file:///c%3A/Users/downloader/AppData/Local/nvim-data/lazy/nvim-lspconfig/lsp/rust_analyzer.lua , size = 4.970 KB
[12:25:42.116][info] [#0:script\workspace\loading.lua:100]: Preload file at: file:///c%3A/Users/downloader/AppData/Local/nvim-data/lazy/nvim-lspconfig/lsp/r_language_server.lua , size = 0.530 KB
[12:25:42.116][info] [#0:script\workspace\loading.lua:100]: Preload file at: file:///c%3A/Users/downloader/AppData/Local/nvim-data/lazy/nvim-lspconfig/lsp/salt_ls.lua , size = 0.317 KB
[12:25:42.116][info] [#0:script\workspace\loading.lua:100]: Preload file at: file:///c%3A/Users/downloader/AppData/Local/nvim-data/lazy/nvim-lspconfig/lsp/scheme_langserver.lua , size = 0.411 KB
[12:25:42.117][info] [#0:script\workspace\loading.lua:100]: Preload file at: file:///c%3A/Users/downloader/AppData/Local/nvim-data/lazy/nvim-lspconfig/lsp/scry.lua , size = 0.216 KB
[12:25:42.117][info] [#0:script\workspace\loading.lua:100]: Preload file at: file:///c%3A/Users/downloader/AppData/Local/nvim-data/lazy/nvim-lspconfig/lsp/selene3p_ls.lua , size = 0.258 KB
[12:25:42.117][info] [#0:script\workspace\loading.lua:100]: Preload file at: file:///c%3A/Users/downloader/AppData/Local/nvim-data/lazy/nvim-lspconfig/lsp/serve_d.lua , size = 0.356 KB
[12:25:42.117][info] [#0:script\workspace\loading.lua:100]: Preload file at: file:///c%3A/Users/downloader/AppData/Local/nvim-data/lazy/nvim-lspconfig/lsp/shopify_theme_ls.lua , size = 0.641 KB
[12:25:42.118][info] [#0:script\workspace\loading.lua:100]: Preload file at: file:///c%3A/Users/downloader/AppData/Local/nvim-data/lazy/nvim-lspconfig/lsp/sixtyfps.lua , size = 0.598 KB
[12:25:42.118][info] [#0:script\workspace\loading.lua:100]: Preload file at: file:///c%3A/Users/downloader/AppData/Local/nvim-data/lazy/nvim-lspconfig/lsp/slangd.lua , size = 1.018 KB
[12:25:42.118][info] [#0:script\workspace\loading.lua:100]: Preload file at: file:///c%3A/Users/downloader/AppData/Local/nvim-data/lazy/nvim-lspconfig/lsp/slint_lsp.lua , size = 0.518 KB
[12:25:42.119][info] [#0:script\workspace\loading.lua:100]: Preload file at: file:///c%3A/Users/downloader/AppData/Local/nvim-data/lazy/nvim-lspconfig/lsp/smarty_ls.lua , size = 0.794 KB
[12:25:42.119][info] [#0:script\workspace\loading.lua:100]: Preload file at: file:///c%3A/Users/downloader/AppData/Local/nvim-data/lazy/nvim-lspconfig/lsp/smithy_ls.lua , size = 1.315 KB
[12:25:42.120][info] [#0:script\workspace\loading.lua:100]: Preload file at: file:///c%3A/Users/downloader/AppData/Local/nvim-data/lazy/nvim-lspconfig/lsp/snakeskin_ls.lua , size = 0.304 KB
[12:25:42.120][info] [#0:script\workspace\loading.lua:100]: Preload file at: file:///c%3A/Users/downloader/AppData/Local/nvim-data/lazy/nvim-lspconfig/lsp/snyk_ls.lua , size = 0.545 KB
[12:25:42.120][info] [#0:script\workspace\loading.lua:100]: Preload file at: file:///c%3A/Users/downloader/AppData/Local/nvim-data/lazy/nvim-lspconfig/lsp/solang.lua , size = 0.543 KB
[12:25:42.120][info] [#0:script\workspace\loading.lua:100]: Preload file at: file:///c%3A/Users/downloader/AppData/Local/nvim-data/lazy/nvim-lspconfig/lsp/solargraph.lua , size = 0.443 KB
[12:25:42.121][info] [#0:script\workspace\loading.lua:100]: Preload file at: file:///c%3A/Users/downloader/AppData/Local/nvim-data/lazy/nvim-lspconfig/lsp/solc.lua , size = 0.437 KB
[12:25:42.121][info] [#0:script\workspace\loading.lua:100]: Preload file at: file:///c%3A/Users/downloader/AppData/Local/nvim-data/lazy/nvim-lspconfig/lsp/solidity.lua , size = 1.359 KB
[12:25:42.122][info] [#0:script\workspace\loading.lua:100]: Preload file at: file:///c%3A/Users/downloader/AppData/Local/nvim-data/lazy/nvim-lspconfig/lsp/solidity_ls.lua , size = 0.632 KB
[12:25:42.122][info] [#0:script\workspace\loading.lua:100]: Preload file at: file:///c%3A/Users/downloader/AppData/Local/nvim-data/lazy/nvim-lspconfig/lsp/solidity_ls_nomicfoundation.lua , size = 0.717 KB
[12:25:42.122][info] [#0:script\workspace\loading.lua:100]: Preload file at: file:///c%3A/Users/downloader/AppData/Local/nvim-data/lazy/nvim-lspconfig/lsp/somesass_ls.lua , size = 0.888 KB
[12:25:42.122][info] [#0:script\workspace\loading.lua:100]: Preload file at: file:///c%3A/Users/downloader/AppData/Local/nvim-data/lazy/nvim-lspconfig/lsp/sorbet.lua , size = 0.432 KB
[12:25:42.123][info] [#0:script\workspace\loading.lua:100]: Preload file at: file:///c%3A/Users/downloader/AppData/Local/nvim-data/lazy/nvim-lspconfig/lsp/sourcekit.lua , size = 1.174 KB
[12:25:42.123][info] [#0:script\workspace\loading.lua:100]: Preload file at: file:///c%3A/Users/downloader/AppData/Local/nvim-data/lazy/nvim-lspconfig/lsp/spectral.lua , size = 0.738 KB
[12:25:42.124][info] [#0:script\workspace\loading.lua:100]: Preload file at: file:///c%3A/Users/downloader/AppData/Local/nvim-data/lazy/nvim-lspconfig/lsp/spyglassmc_language_server.lua , size = 0.696 KB
[12:25:42.124][info] [#0:script\workspace\loading.lua:100]: Preload file at: file:///c%3A/Users/downloader/AppData/Local/nvim-data/lazy/nvim-lspconfig/lsp/sqlls.lua , size = 0.442 KB
[12:25:42.124][info] [#0:script\workspace\loading.lua:100]: Preload file at: file:///c%3A/Users/downloader/AppData/Local/nvim-data/lazy/nvim-lspconfig/lsp/sqls.lua , size = 0.519 KB
[12:25:42.125][info] [#0:script\workspace\loading.lua:100]: Preload file at: file:///c%3A/Users/downloader/AppData/Local/nvim-data/lazy/nvim-lspconfig/lsp/sqruff.lua , size = 0.320 KB
[12:25:42.125][info] [#0:script\workspace\loading.lua:100]: Preload file at: file:///c%3A/Users/downloader/AppData/Local/nvim-data/lazy/nvim-lspconfig/lsp/standardrb.lua , size = 0.250 KB
[12:25:42.125][info] [#0:script\workspace\loading.lua:100]: Preload file at: file:///c%3A/Users/downloader/AppData/Local/nvim-data/lazy/nvim-lspconfig/lsp/starlark_rust.lua , size = 0.503 KB
[12:25:42.126][info] [#0:script\workspace\loading.lua:100]: Preload file at: file:///c%3A/Users/downloader/AppData/Local/nvim-data/lazy/nvim-lspconfig/lsp/starpls.lua , size = 0.326 KB
[12:25:42.126][info] [#0:script\workspace\loading.lua:100]: Preload file at: file:///c%3A/Users/downloader/AppData/Local/nvim-data/lazy/nvim-lspconfig/lsp/statix.lua , size = 0.258 KB
[12:25:42.126][info] [#0:script\workspace\loading.lua:100]: Preload file at: file:///c%3A/Users/downloader/AppData/Local/nvim-data/lazy/nvim-lspconfig/lsp/steep.lua , size = 0.319 KB
[12:25:42.126][info] [#0:script\workspace\loading.lua:100]: Preload file at: file:///c%3A/Users/downloader/AppData/Local/nvim-data/lazy/nvim-lspconfig/lsp/stimulus_ls.lua , size = 0.455 KB
[12:25:42.127][info] [#0:script\workspace\loading.lua:100]: Preload file at: file:///c%3A/Users/downloader/AppData/Local/nvim-data/lazy/nvim-lspconfig/lsp/stylelint_lsp.lua , size = 1.031 KB
[12:25:42.127][info] [#0:script\workspace\loading.lua:100]: Preload file at: file:///c%3A/Users/downloader/AppData/Local/nvim-data/lazy/nvim-lspconfig/lsp/stylua.lua , size = 0.312 KB
[12:25:42.127][info] [#0:script\workspace\loading.lua:100]: Preload file at: file:///c%3A/Users/downloader/AppData/Local/nvim-data/lazy/nvim-lspconfig/lsp/stylua3p_ls.lua , size = 0.276 KB
[12:25:42.127][info] [#0:script\workspace\loading.lua:100]: Preload file at: file:///c%3A/Users/downloader/AppData/Local/nvim-data/lazy/nvim-lspconfig/lsp/superhtml.lua , size = 0.586 KB
[12:25:42.128][info] [#0:script\workspace\loading.lua:100]: Preload file at: file:///c%3A/Users/downloader/AppData/Local/nvim-data/lazy/nvim-lspconfig/lsp/svelte.lua , size = 2.216 KB
[12:25:42.129][info] [#0:script\workspace\loading.lua:100]: Preload file at: file:///c%3A/Users/downloader/AppData/Local/nvim-data/lazy/nvim-lspconfig/lsp/svlangserver.lua , size = 1.159 KB
[12:25:42.129][info] [#0:script\workspace\loading.lua:100]: Preload file at: file:///c%3A/Users/downloader/AppData/Local/nvim-data/lazy/nvim-lspconfig/lsp/svls.lua , size = 0.316 KB
[12:25:42.130][info] [#0:script\workspace\loading.lua:100]: Preload file at: file:///c%3A/Users/downloader/AppData/Local/nvim-data/lazy/nvim-lspconfig/lsp/swift_mesonls.lua , size = 0.286 KB
[12:25:42.130][info] [#0:script\workspace\loading.lua:100]: Preload file at: file:///c%3A/Users/downloader/AppData/Local/nvim-data/lazy/nvim-lspconfig/lsp/syntax_tree.lua , size = 0.592 KB
[12:25:42.130][info] [#0:script\workspace\loading.lua:100]: Preload file at: file:///c%3A/Users/downloader/AppData/Local/nvim-data/lazy/nvim-lspconfig/lsp/systemd_ls.lua , size = 0.189 KB
[12:25:42.130][info] [#0:script\workspace\loading.lua:100]: Preload file at: file:///c%3A/Users/downloader/AppData/Local/nvim-data/lazy/nvim-lspconfig/lsp/systemd_lsp.lua , size = 0.501 KB
[12:25:42.131][info] [#0:script\workspace\loading.lua:100]: Preload file at: file:///c%3A/Users/downloader/AppData/Local/nvim-data/lazy/nvim-lspconfig/lsp/tabby_ml.lua , size = 0.396 KB
[12:25:42.131][info] [#0:script\workspace\loading.lua:100]: Preload file at: file:///c%3A/Users/downloader/AppData/Local/nvim-data/lazy/nvim-lspconfig/lsp/tailwindcss.lua , size = 3.266 KB
[12:25:42.132][info] [#0:script\workspace\loading.lua:100]: Preload file at: file:///c%3A/Users/downloader/AppData/Local/nvim-data/lazy/nvim-lspconfig/lsp/taplo.lua , size = 0.394 KB
[12:25:42.132][info] [#0:script\workspace\loading.lua:100]: Preload file at: file:///c%3A/Users/downloader/AppData/Local/nvim-data/lazy/nvim-lspconfig/lsp/tblgen_lsp_server.lua , size = 0.800 KB
[12:25:42.133][info] [#0:script\workspace\loading.lua:100]: Preload file at: file:///c%3A/Users/downloader/AppData/Local/nvim-data/lazy/nvim-lspconfig/lsp/tclsp.lua , size = 0.411 KB
[12:25:42.133][info] [#0:script\workspace\loading.lua:100]: Preload file at: file:///c%3A/Users/downloader/AppData/Local/nvim-data/lazy/nvim-lspconfig/lsp/teal_ls.lua , size = 0.654 KB
[12:25:42.133][info] [#0:script\workspace\loading.lua:100]: Preload file at: file:///c%3A/Users/downloader/AppData/Local/nvim-data/lazy/nvim-lspconfig/lsp/templ.lua , size = 0.250 KB
[12:25:42.134][info] [#0:script\workspace\loading.lua:100]: Preload file at: file:///c%3A/Users/downloader/AppData/Local/nvim-data/lazy/nvim-lspconfig/lsp/termux_language_server.lua , size = 0.753 KB
[12:25:42.134][info] [#0:script\workspace\loading.lua:100]: Preload file at: file:///c%3A/Users/downloader/AppData/Local/nvim-data/lazy/nvim-lspconfig/lsp/terraformls.lua , size = 1.798 KB
[12:25:42.135][info] [#0:script\workspace\loading.lua:100]: Preload file at: file:///c%3A/Users/downloader/AppData/Local/nvim-data/lazy/nvim-lspconfig/lsp/terraform_lsp.lua , size = 1.348 KB
[12:25:42.135][info] [#0:script\workspace\loading.lua:100]: Preload file at: file:///c%3A/Users/downloader/AppData/Local/nvim-data/lazy/nvim-lspconfig/lsp/texlab.lua , size = 6.073 KB
[12:25:42.138][info] [#0:script\workspace\loading.lua:100]: Preload file at: file:///c%3A/Users/downloader/AppData/Local/nvim-data/lazy/nvim-lspconfig/lsp/textlsp.lua , size = 1.301 KB
[12:25:42.138][info] [#0:script\workspace\loading.lua:100]: Preload file at: file:///c%3A/Users/downloader/AppData/Local/nvim-data/lazy/nvim-lspconfig/lsp/tflint.lua , size = 0.385 KB
[12:25:42.138][info] [#0:script\workspace\loading.lua:100]: Preload file at: file:///c%3A/Users/downloader/AppData/Local/nvim-data/lazy/nvim-lspconfig/lsp/theme_check.lua , size = 0.586 KB
[12:25:42.138][info] [#0:script\workspace\loading.lua:100]: Preload file at: file:///c%3A/Users/downloader/AppData/Local/nvim-data/lazy/nvim-lspconfig/lsp/thriftls.lua , size = 0.283 KB
[12:25:42.139][info] [#0:script\workspace\loading.lua:100]: Preload file at: file:///c%3A/Users/downloader/AppData/Local/nvim-data/lazy/nvim-lspconfig/lsp/tilt_ls.lua , size = 0.329 KB
[12:25:42.139][info] [#0:script\workspace\loading.lua:100]: Preload file at: file:///c%3A/Users/downloader/AppData/Local/nvim-data/lazy/nvim-lspconfig/lsp/tinymist.lua , size = 2.729 KB
[12:25:42.140][info] [#0:script\workspace\loading.lua:100]: Preload file at: file:///c%3A/Users/downloader/AppData/Local/nvim-data/lazy/nvim-lspconfig/lsp/tofu_ls.lua , size = 0.251 KB
[12:25:42.140][info] [#0:script\workspace\loading.lua:100]: Preload file at: file:///c%3A/Users/downloader/AppData/Local/nvim-data/lazy/nvim-lspconfig/lsp/tombi.lua , size = 0.254 KB
[12:25:42.141][info] [#0:script\workspace\loading.lua:100]: Preload file at: file:///c%3A/Users/downloader/AppData/Local/nvim-data/lazy/nvim-lspconfig/lsp/tsgo.lua , size = 2.177 KB
[12:25:42.142][info] [#0:script\workspace\loading.lua:100]: Preload file at: file:///c%3A/Users/downloader/AppData/Local/nvim-data/lazy/nvim-lspconfig/lsp/tsp_server.lua , size = 0.434 KB
[12:25:42.142][info] [#0:script\workspace\loading.lua:100]: Preload file at: file:///c%3A/Users/downloader/AppData/Local/nvim-data/lazy/nvim-lspconfig/lsp/ts_ls.lua , size = 5.905 KB
[12:25:42.144][info] [#0:script\workspace\loading.lua:100]: Preload file at: file:///c%3A/Users/downloader/AppData/Local/nvim-data/lazy/nvim-lspconfig/lsp/ts_query_ls.lua , size = 1.096 KB
[12:25:42.144][info] [#0:script\workspace\loading.lua:100]: Preload file at: file:///c%3A/Users/downloader/AppData/Local/nvim-data/lazy/nvim-lspconfig/lsp/ttags.lua , size = 0.199 KB
[12:25:42.145][info] [#0:script\workspace\loading.lua:100]: Preload file at: file:///c%3A/Users/downloader/AppData/Local/nvim-data/lazy/nvim-lspconfig/lsp/turbo_ls.lua , size = 0.452 KB
[12:25:42.145][info] [#0:script\workspace\loading.lua:100]: Preload file at: file:///c%3A/Users/downloader/AppData/Local/nvim-data/lazy/nvim-lspconfig/lsp/turtle_ls.lua , size = 1.188 KB
[12:25:42.146][info] [#0:script\workspace\loading.lua:100]: Preload file at: file:///c%3A/Users/downloader/AppData/Local/nvim-data/lazy/nvim-lspconfig/lsp/tvm_ffi_navigator.lua , size = 0.490 KB
[12:25:42.146][info] [#0:script\workspace\loading.lua:100]: Preload file at: file:///c%3A/Users/downloader/AppData/Local/nvim-data/lazy/nvim-lspconfig/lsp/twiggy_language_server.lua , size = 0.322 KB
[12:25:42.146][info] [#0:script\workspace\loading.lua:100]: Preload file at: file:///c%3A/Users/downloader/AppData/Local/nvim-data/lazy/nvim-lspconfig/lsp/ty.lua , size = 0.515 KB
[12:25:42.147][info] [#0:script\workspace\loading.lua:100]: Preload file at: file:///c%3A/Users/downloader/AppData/Local/nvim-data/lazy/nvim-lspconfig/lsp/typeprof.lua , size = 0.271 KB
[12:25:42.147][info] [#0:script\workspace\loading.lua:100]: Preload file at: file:///c%3A/Users/downloader/AppData/Local/nvim-data/lazy/nvim-lspconfig/lsp/typos_lsp.lua , size = 0.484 KB
[12:25:42.147][info] [#0:script\workspace\loading.lua:100]: Preload file at: file:///c%3A/Users/downloader/AppData/Local/nvim-data/lazy/nvim-lspconfig/lsp/typst_lsp.lua , size = 0.202 KB
[12:25:42.147][info] [#0:script\workspace\loading.lua:100]: Preload file at: file:///c%3A/Users/downloader/AppData/Local/nvim-data/lazy/nvim-lspconfig/lsp/uiua.lua , size = 0.318 KB
[12:25:42.148][info] [#0:script\workspace\loading.lua:100]: Preload file at: file:///c%3A/Users/downloader/AppData/Local/nvim-data/lazy/nvim-lspconfig/lsp/ungrammar_languageserver.lua , size = 0.509 KB
[12:25:42.148][info] [#0:script\workspace\loading.lua:100]: Preload file at: file:///c%3A/Users/downloader/AppData/Local/nvim-data/lazy/nvim-lspconfig/lsp/unison.lua , size = 0.414 KB
[12:25:42.148][info] [#0:script\workspace\loading.lua:100]: Preload file at: file:///c%3A/Users/downloader/AppData/Local/nvim-data/lazy/nvim-lspconfig/lsp/unocss.lua , size = 0.851 KB
[12:25:42.149][info] [#0:script\workspace\loading.lua:100]: Preload file at: file:///c%3A/Users/downloader/AppData/Local/nvim-data/lazy/nvim-lspconfig/lsp/uvls.lua , size = 0.551 KB
[12:25:42.149][info] [#0:script\workspace\loading.lua:100]: Preload file at: file:///c%3A/Users/downloader/AppData/Local/nvim-data/lazy/nvim-lspconfig/lsp/vacuum.lua , size = 0.662 KB
[12:25:42.149][info] [#0:script\workspace\loading.lua:100]: Preload file at: file:///c%3A/Users/downloader/AppData/Local/nvim-data/lazy/nvim-lspconfig/lsp/vala_ls.lua , size = 0.867 KB
[12:25:42.150][info] [#0:script\workspace\loading.lua:100]: Preload file at: file:///c%3A/Users/downloader/AppData/Local/nvim-data/lazy/nvim-lspconfig/lsp/vale_ls.lua , size = 0.315 KB
[12:25:42.150][info] [#0:script\workspace\loading.lua:100]: Preload file at: file:///c%3A/Users/downloader/AppData/Local/nvim-data/lazy/nvim-lspconfig/lsp/vectorcode_server.lua , size = 0.286 KB
[12:25:42.151][info] [#0:script\workspace\loading.lua:100]: Preload file at: file:///c%3A/Users/downloader/AppData/Local/nvim-data/lazy/nvim-lspconfig/lsp/verible.lua , size = 0.510 KB
[12:25:42.151][info] [#0:script\workspace\loading.lua:100]: Preload file at: file:///c%3A/Users/downloader/AppData/Local/nvim-data/lazy/nvim-lspconfig/lsp/veridian.lua , size = 0.599 KB
[12:25:42.151][info] [#0:script\workspace\loading.lua:100]: Preload file at: file:///c%3A/Users/downloader/AppData/Local/nvim-data/lazy/nvim-lspconfig/lsp/veryl_ls.lua , size = 0.294 KB
[12:25:42.151][info] [#0:script\workspace\loading.lua:100]: Preload file at: file:///c%3A/Users/downloader/AppData/Local/nvim-data/lazy/nvim-lspconfig/lsp/vespa_ls.lua , size = 1.094 KB
[12:25:42.152][info] [#0:script\workspace\loading.lua:100]: Preload file at: file:///c%3A/Users/downloader/AppData/Local/nvim-data/lazy/nvim-lspconfig/lsp/vhdl_ls.lua , size = 1.053 KB
[12:25:42.152][info] [#0:script\workspace\loading.lua:100]: Preload file at: file:///c%3A/Users/downloader/AppData/Local/nvim-data/lazy/nvim-lspconfig/lsp/vimls.lua , size = 0.687 KB
[12:25:42.153][info] [#0:script\workspace\loading.lua:100]: Preload file at: file:///c%3A/Users/downloader/AppData/Local/nvim-data/lazy/nvim-lspconfig/lsp/visualforce_ls.lua , size = 0.824 KB
[12:25:42.153][info] [#0:script\workspace\loading.lua:100]: Preload file at: file:///c%3A/Users/downloader/AppData/Local/nvim-data/lazy/nvim-lspconfig/lsp/vls.lua , size = 0.321 KB
[12:25:42.153][info] [#0:script\workspace\loading.lua:100]: Preload file at: file:///c%3A/Users/downloader/AppData/Local/nvim-data/lazy/nvim-lspconfig/lsp/volar.lua , size = 0.172 KB
[12:25:42.154][info] [#0:script\workspace\loading.lua:100]: Preload file at: file:///c%3A/Users/downloader/AppData/Local/nvim-data/lazy/nvim-lspconfig/lsp/vscoqtop.lua , size = 0.168 KB
[12:25:42.154][info] [#0:script\workspace\loading.lua:100]: Preload file at: file:///c%3A/Users/downloader/AppData/Local/nvim-data/lazy/nvim-lspconfig/lsp/vsrocq.lua , size = 0.197 KB
[12:25:42.154][info] [#0:script\workspace\loading.lua:100]: Preload file at: file:///c%3A/Users/downloader/AppData/Local/nvim-data/lazy/nvim-lspconfig/lsp/vtsls.lua , size = 3.772 KB
[12:25:42.155][info] [#0:script\workspace\loading.lua:100]: Preload file at: file:///c%3A/Users/downloader/AppData/Local/nvim-data/lazy/nvim-lspconfig/lsp/vue_ls.lua , size = 2.688 KB
[12:25:42.156][info] [#0:script\workspace\loading.lua:100]: Preload file at: file:///c%3A/Users/downloader/AppData/Local/nvim-data/lazy/nvim-lspconfig/lsp/v_analyzer.lua , size = 0.335 KB
[12:25:42.156][info] [#0:script\workspace\loading.lua:100]: Preload file at: file:///c%3A/Users/downloader/AppData/Local/nvim-data/lazy/nvim-lspconfig/lsp/wasm_language_tools.lua , size = 0.359 KB
[12:25:42.157][info] [#0:script\workspace\loading.lua:100]: Preload file at: file:///c%3A/Users/downloader/AppData/Local/nvim-data/lazy/nvim-lspconfig/lsp/wc_language_server.lua , size = 2.525 KB
[12:25:42.157][info] [#0:script\workspace\loading.lua:100]: Preload file at: file:///c%3A/Users/downloader/AppData/Local/nvim-data/lazy/nvim-lspconfig/lsp/wgsl_analyzer.lua , size = 0.351 KB
[12:25:42.157][info] [#0:script\workspace\loading.lua:100]: Preload file at: file:///c%3A/Users/downloader/AppData/Local/nvim-data/lazy/nvim-lspconfig/lsp/yamlls.lua , size = 2.948 KB
[12:25:42.158][info] [#0:script\workspace\loading.lua:100]: Preload file at: file:///c%3A/Users/downloader/AppData/Local/nvim-data/lazy/nvim-lspconfig/lsp/yang_lsp.lua , size = 0.238 KB
[12:25:42.158][info] [#0:script\workspace\loading.lua:100]: Preload file at: file:///c%3A/Users/downloader/AppData/Local/nvim-data/lazy/nvim-lspconfig/lsp/yls.lua , size = 0.391 KB
[12:25:42.159][info] [#0:script\workspace\loading.lua:100]: Preload file at: file:///c%3A/Users/downloader/AppData/Local/nvim-data/lazy/nvim-lspconfig/lsp/ziggy.lua , size = 0.243 KB
[12:25:42.159][info] [#0:script\workspace\loading.lua:100]: Preload file at: file:///c%3A/Users/downloader/AppData/Local/nvim-data/lazy/nvim-lspconfig/lsp/ziggy_schema.lua , size = 0.277 KB
[12:25:42.159][info] [#0:script\workspace\loading.lua:100]: Preload file at: file:///c%3A/Users/downloader/AppData/Local/nvim-data/lazy/nvim-lspconfig/lsp/zk.lua , size = 3.366 KB
[12:25:42.161][info] [#0:script\workspace\loading.lua:100]: Preload file at: file:///c%3A/Users/downloader/AppData/Local/nvim-data/lazy/nvim-lspconfig/lsp/zls.lua , size = 0.264 KB
[12:25:42.161][info] [#0:script\workspace\loading.lua:100]: Preload file at: file:///c%3A/Users/downloader/AppData/Local/nvim-data/lazy/nvim-lspconfig/lsp/zuban.lua , size = 0.366 KB
[12:25:42.162][info] [#0:script\workspace\loading.lua:100]: Preload file at: file:///c%3A/Users/downloader/AppData/Local/nvim-data/lazy/nvim-lspconfig/lua/lspconfig/async.lua , size = 1.498 KB
[12:25:42.163][info] [#0:script\workspace\loading.lua:100]: Preload file at: file:///c%3A/Users/downloader/AppData/Local/nvim-data/lazy/nvim-lspconfig/lua/lspconfig/configs/ada_ls.lua , size = 1.179 KB
[12:25:42.163][info] [#0:script\workspace\loading.lua:100]: Preload file at: file:///c%3A/Users/downloader/AppData/Local/nvim-data/lazy/nvim-lspconfig/lua/lspconfig/configs/agda_ls.lua , size = 0.646 KB
[12:25:42.163][info] [#0:script\workspace\loading.lua:100]: Preload file at: file:///c%3A/Users/downloader/AppData/Local/nvim-data/lazy/nvim-lspconfig/lua/lspconfig/configs/aiken.lua , size = 0.759 KB
[12:25:42.164][info] [#0:script\workspace\loading.lua:100]: Preload file at: file:///c%3A/Users/downloader/AppData/Local/nvim-data/lazy/nvim-lspconfig/lua/lspconfig/configs/air.lua , size = 0.752 KB
[12:25:42.164][info] [#0:script\workspace\loading.lua:100]: Preload file at: file:///c%3A/Users/downloader/AppData/Local/nvim-data/lazy/nvim-lspconfig/lua/lspconfig/configs/alloy_ls.lua , size = 1.059 KB
[12:25:42.165][info] [#0:script\workspace\loading.lua:100]: Preload file at: file:///c%3A/Users/downloader/AppData/Local/nvim-data/lazy/nvim-lspconfig/lua/lspconfig/configs/anakin_language_server.lua , size = 2.559 KB
[12:25:42.165][info] [#0:script\workspace\loading.lua:100]: Preload file at: file:///c%3A/Users/downloader/AppData/Local/nvim-data/lazy/nvim-lspconfig/lua/lspconfig/configs/angularls.lua , size = 3.303 KB
[12:25:42.166][info] [#0:script\workspace\loading.lua:100]: Preload file at: file:///c%3A/Users/downloader/AppData/Local/nvim-data/lazy/nvim-lspconfig/lua/lspconfig/configs/ansiblels.lua , size = 1.233 KB
[12:25:42.167][info] [#0:script\workspace\loading.lua:100]: Preload file at: file:///c%3A/Users/downloader/AppData/Local/nvim-data/lazy/nvim-lspconfig/lua/lspconfig/configs/antlersls.lua , size = 0.707 KB
[12:25:42.167][info] [#0:script\workspace\loading.lua:100]: Preload file at: file:///c%3A/Users/downloader/AppData/Local/nvim-data/lazy/nvim-lspconfig/lua/lspconfig/configs/apex_ls.lua , size = 1.850 KB
[12:25:42.168][info] [#0:script\workspace\loading.lua:100]: Preload file at: file:///c%3A/Users/downloader/AppData/Local/nvim-data/lazy/nvim-lspconfig/lua/lspconfig/configs/arduino_language_server.lua , size = 2.785 KB
[12:25:42.168][info] [#0:script\workspace\loading.lua:100]: Preload file at: file:///c%3A/Users/downloader/AppData/Local/nvim-data/lazy/nvim-lspconfig/lua/lspconfig/configs/asm_lsp.lua , size = 0.777 KB
[12:25:42.169][info] [#0:script\workspace\loading.lua:100]: Preload file at: file:///c%3A/Users/downloader/AppData/Local/nvim-data/lazy/nvim-lspconfig/lua/lspconfig/configs/astro.lua , size = 1.088 KB
[12:25:42.169][info] [#0:script\workspace\loading.lua:100]: Preload file at: file:///c%3A/Users/downloader/AppData/Local/nvim-data/lazy/nvim-lspconfig/lua/lspconfig/configs/ast_grep.lua , size = 1.060 KB
[12:25:42.170][info] [#0:script\workspace\loading.lua:100]: Preload file at: file:///c%3A/Users/downloader/AppData/Local/nvim-data/lazy/nvim-lspconfig/lua/lspconfig/configs/atlas.lua , size = 2.503 KB
[12:25:42.170][info] [#0:script\workspace\loading.lua:100]: Preload file at: file:///c%3A/Users/downloader/AppData/Local/nvim-data/lazy/nvim-lspconfig/lua/lspconfig/configs/autohotkey_lsp.lua , size = 1.910 KB
[12:25:42.171][info] [#0:script\workspace\loading.lua:100]: Preload file at: file:///c%3A/Users/downloader/AppData/Local/nvim-data/lazy/nvim-lspconfig/lua/lspconfig/configs/autotools_ls.lua , size = 0.964 KB
[12:25:42.171][info] [#0:script\workspace\loading.lua:100]: Preload file at: file:///c%3A/Users/downloader/AppData/Local/nvim-data/lazy/nvim-lspconfig/lua/lspconfig/configs/awk_ls.lua , size = 0.796 KB
[12:25:42.172][info] [#0:script\workspace\loading.lua:100]: Preload file at: file:///c%3A/Users/downloader/AppData/Local/nvim-data/lazy/nvim-lspconfig/lua/lspconfig/configs/azure_pipelines_ls.lua , size = 1.571 KB
[12:25:42.172][info] [#0:script\workspace\loading.lua:100]: Preload file at: file:///c%3A/Users/downloader/AppData/Local/nvim-data/lazy/nvim-lspconfig/lua/lspconfig/configs/bacon_ls.lua , size = 2.298 KB
[12:25:42.172][info] [#0:script\workspace\loading.lua:100]: Preload file at: file:///c%3A/Users/downloader/AppData/Local/nvim-data/lazy/nvim-lspconfig/lua/lspconfig/configs/ballerina.lua , size = 0.760 KB
[12:25:42.173][info] [#0:script\workspace\loading.lua:100]: Preload file at: file:///c%3A/Users/downloader/AppData/Local/nvim-data/lazy/nvim-lspconfig/lua/lspconfig/configs/basedpyright.lua , size = 2.299 KB
[12:25:42.174][info] [#0:script\workspace\loading.lua:100]: Preload file at: file:///c%3A/Users/downloader/AppData/Local/nvim-data/lazy/nvim-lspconfig/lua/lspconfig/configs/bashls.lua , size = 1.334 KB
[12:25:42.174][info] [#0:script\workspace\loading.lua:100]: Preload file at: file:///c%3A/Users/downloader/AppData/Local/nvim-data/lazy/nvim-lspconfig/lua/lspconfig/configs/basics_ls.lua , size = 0.831 KB
[12:25:42.174][info] [#0:script\workspace\loading.lua:100]: Preload file at: file:///c%3A/Users/downloader/AppData/Local/nvim-data/lazy/nvim-lspconfig/lua/lspconfig/configs/bazelrc_lsp.lua , size = 0.896 KB
[12:25:42.175][info] [#0:script\workspace\loading.lua:100]: Preload file at: file:///c%3A/Users/downloader/AppData/Local/nvim-data/lazy/nvim-lspconfig/lua/lspconfig/configs/beancount.lua , size = 0.839 KB
[12:25:42.175][info] [#0:script\workspace\loading.lua:100]: Preload file at: file:///c%3A/Users/downloader/AppData/Local/nvim-data/lazy/nvim-lspconfig/lua/lspconfig/configs/bicep.lua , size = 1.948 KB
[12:25:42.176][info] [#0:script\workspace\loading.lua:100]: Preload file at: file:///c%3A/Users/downloader/AppData/Local/nvim-data/lazy/nvim-lspconfig/lua/lspconfig/configs/biome.lua , size = 1.144 KB
[12:25:42.176][info] [#0:script\workspace\loading.lua:100]: Preload file at: file:///c%3A/Users/downloader/AppData/Local/nvim-data/lazy/nvim-lspconfig/lua/lspconfig/configs/bitbake_language_server.lua , size = 0.628 KB
[12:25:42.177][info] [#0:script\workspace\loading.lua:100]: Preload file at: file:///c%3A/Users/downloader/AppData/Local/nvim-data/lazy/nvim-lspconfig/lua/lspconfig/configs/bitbake_ls.lua , size = 0.901 KB
[12:25:42.177][info] [#0:script\workspace\loading.lua:100]: Preload file at: file:///c%3A/Users/downloader/AppData/Local/nvim-data/lazy/nvim-lspconfig/lua/lspconfig/configs/blueprint_ls.lua , size = 1.147 KB
[12:25:42.177][info] [#0:script\workspace\loading.lua:100]: Preload file at: file:///c%3A/Users/downloader/AppData/Local/nvim-data/lazy/nvim-lspconfig/lua/lspconfig/configs/bqls.lua , size = 0.777 KB
[12:25:42.178][info] [#0:script\workspace\loading.lua:100]: Preload file at: file:///c%3A/Users/downloader/AppData/Local/nvim-data/lazy/nvim-lspconfig/lua/lspconfig/configs/bqnlsp.lua , size = 1.790 KB
[12:25:42.178][info] [#0:script\workspace\loading.lua:100]: Preload file at: file:///c%3A/Users/downloader/AppData/Local/nvim-data/lazy/nvim-lspconfig/lua/lspconfig/configs/bright_script.lua , size = 0.733 KB
[12:25:42.179][info] [#0:script\workspace\loading.lua:100]: Preload file at: file:///c%3A/Users/downloader/AppData/Local/nvim-data/lazy/nvim-lspconfig/lua/lspconfig/configs/bsl_ls.lua , size = 0.714 KB
[12:25:42.179][info] [#0:script\workspace\loading.lua:100]: Preload file at: file:///c%3A/Users/downloader/AppData/Local/nvim-data/lazy/nvim-lspconfig/lua/lspconfig/configs/buck2.lua , size = 0.805 KB
[12:25:42.179][info] [#0:script\workspace\loading.lua:100]: Preload file at: file:///c%3A/Users/downloader/AppData/Local/nvim-data/lazy/nvim-lspconfig/lua/lspconfig/configs/buddy_ls.lua , size = 0.896 KB
[12:25:42.180][info] [#0:script\workspace\loading.lua:100]: Preload file at: file:///c%3A/Users/downloader/AppData/Local/nvim-data/lazy/nvim-lspconfig/lua/lspconfig/configs/bufls.lua , size = 0.860 KB
[12:25:42.180][info] [#0:script\workspace\loading.lua:100]: Preload file at: file:///c%3A/Users/downloader/AppData/Local/nvim-data/lazy/nvim-lspconfig/lua/lspconfig/configs/buf_ls.lua , size = 0.732 KB
[12:25:42.181][info] [#0:script\workspace\loading.lua:100]: Preload file at: file:///c%3A/Users/downloader/AppData/Local/nvim-data/lazy/nvim-lspconfig/lua/lspconfig/configs/bzl.lua , size = 0.764 KB
[12:25:42.181][info] [#0:script\workspace\loading.lua:100]: Preload file at: file:///c%3A/Users/downloader/AppData/Local/nvim-data/lazy/nvim-lspconfig/lua/lspconfig/configs/c3_lsp.lua , size = 0.678 KB
[12:25:42.181][info] [#0:script\workspace\loading.lua:100]: Preload file at: file:///c%3A/Users/downloader/AppData/Local/nvim-data/lazy/nvim-lspconfig/lua/lspconfig/configs/cadence.lua , size = 1.304 KB
[12:25:42.182][info] [#0:script\workspace\loading.lua:100]: Preload file at: file:///c%3A/Users/downloader/AppData/Local/nvim-data/lazy/nvim-lspconfig/lua/lspconfig/configs/cairo_ls.lua , size = 1.060 KB
[12:25:42.182][info] [#0:script\workspace\loading.lua:100]: Preload file at: file:///c%3A/Users/downloader/AppData/Local/nvim-data/lazy/nvim-lspconfig/lua/lspconfig/configs/ccls.lua , size = 2.558 KB
[12:25:42.183][info] [#0:script\workspace\loading.lua:100]: Preload file at: file:///c%3A/Users/downloader/AppData/Local/nvim-data/lazy/nvim-lspconfig/lua/lspconfig/configs/cds_lsp.lua , size = 0.845 KB
[12:25:42.183][info] [#0:script\workspace\loading.lua:100]: Preload file at: file:///c%3A/Users/downloader/AppData/Local/nvim-data/lazy/nvim-lspconfig/lua/lspconfig/configs/circom-lsp.lua , size = 0.740 KB
[12:25:42.184][info] [#0:script\workspace\loading.lua:100]: Preload file at: file:///c%3A/Users/downloader/AppData/Local/nvim-data/lazy/nvim-lspconfig/lua/lspconfig/configs/clangd.lua , size = 3.697 KB
[12:25:42.185][info] [#0:script\workspace\loading.lua:100]: Preload file at: file:///c%3A/Users/downloader/AppData/Local/nvim-data/lazy/nvim-lspconfig/lua/lspconfig/configs/clarity_lsp.lua , size = 0.918 KB
[12:25:42.185][info] [#0:script\workspace\loading.lua:100]: Preload file at: file:///c%3A/Users/downloader/AppData/Local/nvim-data/lazy/nvim-lspconfig/lua/lspconfig/configs/clojure_lsp.lua , size = 0.715 KB
[12:25:42.186][info] [#0:script\workspace\loading.lua:100]: Preload file at: file:///c%3A/Users/downloader/AppData/Local/nvim-data/lazy/nvim-lspconfig/lua/lspconfig/configs/cmake.lua , size = 0.815 KB
[12:25:42.186][info] [#0:script\workspace\loading.lua:100]: Preload file at: file:///c%3A/Users/downloader/AppData/Local/nvim-data/lazy/nvim-lspconfig/lua/lspconfig/configs/cobol_ls.lua , size = 0.620 KB
[12:25:42.187][info] [#0:script\workspace\loading.lua:100]: Preload file at: file:///c%3A/Users/downloader/AppData/Local/nvim-data/lazy/nvim-lspconfig/lua/lspconfig/configs/codeqlls.lua , size = 1.821 KB
[12:25:42.187][info] [#0:script\workspace\loading.lua:100]: Preload file at: file:///c%3A/Users/downloader/AppData/Local/nvim-data/lazy/nvim-lspconfig/lua/lspconfig/configs/coffeesense.lua , size = 0.780 KB
[12:25:42.188][info] [#0:script\workspace\loading.lua:100]: Preload file at: file:///c%3A/Users/downloader/AppData/Local/nvim-data/lazy/nvim-lspconfig/lua/lspconfig/configs/contextive.lua , size = 1.079 KB
[12:25:42.188][info] [#0:script\workspace\loading.lua:100]: Preload file at: file:///c%3A/Users/downloader/AppData/Local/nvim-data/lazy/nvim-lspconfig/lua/lspconfig/configs/coq_lsp.lua , size = 0.732 KB
[12:25:42.188][info] [#0:script\workspace\loading.lua:100]: Preload file at: file:///c%3A/Users/downloader/AppData/Local/nvim-data/lazy/nvim-lspconfig/lua/lspconfig/configs/crystalline.lua , size = 0.766 KB
[12:25:42.189][info] [#0:script\workspace\loading.lua:100]: Preload file at: file:///c%3A/Users/downloader/AppData/Local/nvim-data/lazy/nvim-lspconfig/lua/lspconfig/configs/csharp_ls.lua , size = 0.938 KB
[12:25:42.189][info] [#0:script\workspace\loading.lua:100]: Preload file at: file:///c%3A/Users/downloader/AppData/Local/nvim-data/lazy/nvim-lspconfig/lua/lspconfig/configs/cssls.lua , size = 1.524 KB
[12:25:42.190][info] [#0:script\workspace\loading.lua:100]: Preload file at: file:///c%3A/Users/downloader/AppData/Local/nvim-data/lazy/nvim-lspconfig/lua/lspconfig/configs/cssmodules_ls.lua , size = 0.907 KB
[12:25:42.190][info] [#0:script\workspace\loading.lua:100]: Preload file at: file:///c%3A/Users/downloader/AppData/Local/nvim-data/lazy/nvim-lspconfig/lua/lspconfig/configs/css_variables.lua , size = 1.568 KB
[12:25:42.191][info] [#0:script\workspace\loading.lua:100]: Preload file at: file:///c%3A/Users/downloader/AppData/Local/nvim-data/lazy/nvim-lspconfig/lua/lspconfig/configs/cucumber_language_server.lua , size = 0.856 KB
[12:25:42.191][info] [#0:script\workspace\loading.lua:100]: Preload file at: file:///c%3A/Users/downloader/AppData/Local/nvim-data/lazy/nvim-lspconfig/lua/lspconfig/configs/cue.lua , size = 0.762 KB
[12:25:42.191][info] [#0:script\workspace\loading.lua:100]: Preload file at: file:///c%3A/Users/downloader/AppData/Local/nvim-data/lazy/nvim-lspconfig/lua/lspconfig/configs/custom_elements_ls.lua , size = 1.296 KB
[12:25:42.192][info] [#0:script\workspace\loading.lua:100]: Preload file at: file:///c%3A/Users/downloader/AppData/Local/nvim-data/lazy/nvim-lspconfig/lua/lspconfig/configs/cypher_ls.lua , size = 0.988 KB
[12:25:42.192][info] [#0:script\workspace\loading.lua:100]: Preload file at: file:///c%3A/Users/downloader/AppData/Local/nvim-data/lazy/nvim-lspconfig/lua/lspconfig/configs/daedalus_ls.lua , size = 0.895 KB
[12:25:42.193][info] [#0:script\workspace\loading.lua:100]: Preload file at: file:///c%3A/Users/downloader/AppData/Local/nvim-data/lazy/nvim-lspconfig/lua/lspconfig/configs/dafny.lua , size = 0.980 KB
[12:25:42.193][info] [#0:script\workspace\loading.lua:100]: Preload file at: file:///c%3A/Users/downloader/AppData/Local/nvim-data/lazy/nvim-lspconfig/lua/lspconfig/configs/dagger.lua , size = 0.684 KB
[12:25:42.193][info] [#0:script\workspace\loading.lua:100]: Preload file at: file:///c%3A/Users/downloader/AppData/Local/nvim-data/lazy/nvim-lspconfig/lua/lspconfig/configs/dartls.lua , size = 0.982 KB
[12:25:42.194][info] [#0:script\workspace\loading.lua:100]: Preload file at: file:///c%3A/Users/downloader/AppData/Local/nvim-data/lazy/nvim-lspconfig/lua/lspconfig/configs/dcmls.lua , size = 0.623 KB
[12:25:42.194][info] [#0:script\workspace\loading.lua:100]: Preload file at: file:///c%3A/Users/downloader/AppData/Local/nvim-data/lazy/nvim-lspconfig/lua/lspconfig/configs/debputy.lua , size = 0.682 KB
[12:25:42.194][info] [#0:script\workspace\loading.lua:100]: Preload file at: file:///c%3A/Users/downloader/AppData/Local/nvim-data/lazy/nvim-lspconfig/lua/lspconfig/configs/delphi_ls.lua , size = 1.839 KB
[12:25:42.195][info] [#0:script\workspace\loading.lua:100]: Preload file at: file:///c%3A/Users/downloader/AppData/Local/nvim-data/lazy/nvim-lspconfig/lua/lspconfig/configs/denols.lua , size = 3.382 KB
[12:25:42.196][info] [#0:script\workspace\loading.lua:100]: Preload file at: file:///c%3A/Users/downloader/AppData/Local/nvim-data/lazy/nvim-lspconfig/lua/lspconfig/configs/dhall_lsp_server.lua , size = 0.895 KB
[12:25:42.197][info] [#0:script\workspace\loading.lua:100]: Preload file at: file:///c%3A/Users/downloader/AppData/Local/nvim-data/lazy/nvim-lspconfig/lua/lspconfig/configs/diagnosticls.lua , size = 0.873 KB
[12:25:42.197][info] [#0:script\workspace\loading.lua:100]: Preload file at: file:///c%3A/Users/downloader/AppData/Local/nvim-data/lazy/nvim-lspconfig/lua/lspconfig/configs/digestif.lua , size = 0.896 KB
[12:25:42.197][info] [#0:script\workspace\loading.lua:100]: Preload file at: file:///c%3A/Users/downloader/AppData/Local/nvim-data/lazy/nvim-lspconfig/lua/lspconfig/configs/djlsp.lua , size = 0.722 KB
[12:25:42.198][info] [#0:script\workspace\loading.lua:100]: Preload file at: file:///c%3A/Users/downloader/AppData/Local/nvim-data/lazy/nvim-lspconfig/lua/lspconfig/configs/dockerls.lua , size = 1.021 KB
[12:25:42.198][info] [#0:script\workspace\loading.lua:100]: Preload file at: file:///c%3A/Users/downloader/AppData/Local/nvim-data/lazy/nvim-lspconfig/lua/lspconfig/configs/docker_compose_language_service.lua , size = 1.104 KB
[12:25:42.199][info] [#0:script\workspace\loading.lua:100]: Preload file at: file:///c%3A/Users/downloader/AppData/Local/nvim-data/lazy/nvim-lspconfig/lua/lspconfig/configs/dolmenls.lua , size = 0.773 KB
[12:25:42.199][info] [#0:script\workspace\loading.lua:100]: Preload file at: file:///c%3A/Users/downloader/AppData/Local/nvim-data/lazy/nvim-lspconfig/lua/lspconfig/configs/dotls.lua , size = 0.773 KB
[12:25:42.199][info] [#0:script\workspace\loading.lua:100]: Preload file at: file:///c%3A/Users/downloader/AppData/Local/nvim-data/lazy/nvim-lspconfig/lua/lspconfig/configs/dprint.lua , size = 0.954 KB
[12:25:42.200][info] [#0:script\workspace\loading.lua:100]: Preload file at: file:///c%3A/Users/downloader/AppData/Local/nvim-data/lazy/nvim-lspconfig/lua/lspconfig/configs/drools_lsp.lua , size = 2.905 KB
[12:25:42.201][info] [#0:script\workspace\loading.lua:100]: Preload file at: file:///c%3A/Users/downloader/AppData/Local/nvim-data/lazy/nvim-lspconfig/lua/lspconfig/configs/ds_pinyin_lsp.lua , size = 2.654 KB
[12:25:42.202][info] [#0:script\workspace\loading.lua:100]: Preload file at: file:///c%3A/Users/downloader/AppData/Local/nvim-data/lazy/nvim-lspconfig/lua/lspconfig/configs/dts_lsp.lua , size = 1.042 KB
[12:25:42.202][info] [#0:script\workspace\loading.lua:100]: Preload file at: file:///c%3A/Users/downloader/AppData/Local/nvim-data/lazy/nvim-lspconfig/lua/lspconfig/configs/earthlyls.lua , size = 0.619 KB
[12:25:42.202][info] [#0:script\workspace\loading.lua:100]: Preload file at: file:///c%3A/Users/downloader/AppData/Local/nvim-data/lazy/nvim-lspconfig/lua/lspconfig/configs/ecsact.lua , size = 0.779 KB
[12:25:42.203][info] [#0:script\workspace\loading.lua:100]: Preload file at: file:///c%3A/Users/downloader/AppData/Local/nvim-data/lazy/nvim-lspconfig/lua/lspconfig/configs/efm.lua , size = 1.725 KB
[12:25:42.203][info] [#0:script\workspace\loading.lua:100]: Preload file at: file:///c%3A/Users/downloader/AppData/Local/nvim-data/lazy/nvim-lspconfig/lua/lspconfig/configs/elixirls.lua , size = 1.954 KB
[12:25:42.204][info] [#0:script\workspace\loading.lua:100]: Preload file at: file:///c%3A/Users/downloader/AppData/Local/nvim-data/lazy/nvim-lspconfig/lua/lspconfig/configs/elmls.lua , size = 1.461 KB
[12:25:42.204][info] [#0:script\workspace\loading.lua:100]: Preload file at: file:///c%3A/Users/downloader/AppData/Local/nvim-data/lazy/nvim-lspconfig/lua/lspconfig/configs/elp.lua , size = 0.759 KB
[12:25:42.205][info] [#0:script\workspace\loading.lua:100]: Preload file at: file:///c%3A/Users/downloader/AppData/Local/nvim-data/lazy/nvim-lspconfig/lua/lspconfig/configs/ember.lua , size = 0.824 KB
[12:25:42.205][info] [#0:script\workspace\loading.lua:100]: Preload file at: file:///c%3A/Users/downloader/AppData/Local/nvim-data/lazy/nvim-lspconfig/lua/lspconfig/configs/emmet_language_server.lua , size = 0.949 KB
[12:25:42.205][info] [#0:script\workspace\loading.lua:100]: Preload file at: file:///c%3A/Users/downloader/AppData/Local/nvim-data/lazy/nvim-lspconfig/lua/lspconfig/configs/emmet_ls.lua , size = 0.945 KB
[12:25:42.206][info] [#0:script\workspace\loading.lua:100]: Preload file at: file:///c%3A/Users/downloader/AppData/Local/nvim-data/lazy/nvim-lspconfig/lua/lspconfig/configs/erg_language_server.lua , size = 0.941 KB
[12:25:42.206][info] [#0:script\workspace\loading.lua:100]: Preload file at: file:///c%3A/Users/downloader/AppData/Local/nvim-data/lazy/nvim-lspconfig/lua/lspconfig/configs/erlangls.lua , size = 1.049 KB
[12:25:42.207][info] [#0:script\workspace\loading.lua:100]: Preload file at: file:///c%3A/Users/downloader/AppData/Local/nvim-data/lazy/nvim-lspconfig/lua/lspconfig/configs/esbonio.lua , size = 1.816 KB
[12:25:42.207][info] [#0:script\workspace\loading.lua:100]: Preload file at: file:///c%3A/Users/downloader/AppData/Local/nvim-data/lazy/nvim-lspconfig/lua/lspconfig/configs/eslint.lua , size = 5.939 KB
[12:25:42.209][info] [#0:script\workspace\loading.lua:100]: Preload file at: file:///c%3A/Users/downloader/AppData/Local/nvim-data/lazy/nvim-lspconfig/lua/lspconfig/configs/facility_language_server.lua , size = 0.727 KB
[12:25:42.209][info] [#0:script\workspace\loading.lua:100]: Preload file at: file:///c%3A/Users/downloader/AppData/Local/nvim-data/lazy/nvim-lspconfig/lua/lspconfig/configs/fennel_language_server.lua , size = 0.740 KB
[12:25:42.210][info] [#0:script\workspace\loading.lua:100]: Preload file at: file:///c%3A/Users/downloader/AppData/Local/nvim-data/lazy/nvim-lspconfig/lua/lspconfig/configs/fennel_ls.lua , size = 1.211 KB
[12:25:42.210][info] [#0:script\workspace\loading.lua:100]: Preload file at: file:///c%3A/Users/downloader/AppData/Local/nvim-data/lazy/nvim-lspconfig/lua/lspconfig/configs/fish_lsp.lua , size = 1.042 KB
[12:25:42.211][info] [#0:script\workspace\loading.lua:100]: Preload file at: file:///c%3A/Users/downloader/AppData/Local/nvim-data/lazy/nvim-lspconfig/lua/lspconfig/configs/flow.lua , size = 0.802 KB
[12:25:42.211][info] [#0:script\workspace\loading.lua:100]: Preload file at: file:///c%3A/Users/downloader/AppData/Local/nvim-data/lazy/nvim-lspconfig/lua/lspconfig/configs/flux_lsp.lua , size = 0.756 KB
[12:25:42.211][info] [#0:script\workspace\loading.lua:100]: Preload file at: file:///c%3A/Users/downloader/AppData/Local/nvim-data/lazy/nvim-lspconfig/lua/lspconfig/configs/foam_ls.lua , size = 0.861 KB
[12:25:42.212][info] [#0:script\workspace\loading.lua:100]: Preload file at: file:///c%3A/Users/downloader/AppData/Local/nvim-data/lazy/nvim-lspconfig/lua/lspconfig/configs/fortls.lua , size = 1.171 KB
[12:25:42.212][info] [#0:script\workspace\loading.lua:100]: Preload file at: file:///c%3A/Users/downloader/AppData/Local/nvim-data/lazy/nvim-lspconfig/lua/lspconfig/configs/fsautocomplete.lua , size = 2.301 KB
[12:25:42.213][info] [#0:script\workspace\loading.lua:100]: Preload file at: file:///c%3A/Users/downloader/AppData/Local/nvim-data/lazy/nvim-lspconfig/lua/lspconfig/configs/fsharp_language_server.lua , size = 1.286 KB
[12:25:42.213][info] [#0:script\workspace\loading.lua:100]: Preload file at: file:///c%3A/Users/downloader/AppData/Local/nvim-data/lazy/nvim-lspconfig/lua/lspconfig/configs/fstar.lua , size = 0.696 KB
[12:25:42.214][info] [#0:script\workspace\loading.lua:100]: Preload file at: file:///c%3A/Users/downloader/AppData/Local/nvim-data/lazy/nvim-lspconfig/lua/lspconfig/configs/futhark_lsp.lua , size = 0.784 KB
[12:25:42.214][info] [#0:script\workspace\loading.lua:100]: Preload file at: file:///c%3A/Users/downloader/AppData/Local/nvim-data/lazy/nvim-lspconfig/lua/lspconfig/configs/gdscript.lua , size = 0.761 KB
[12:25:42.214][info] [#0:script\workspace\loading.lua:100]: Preload file at: file:///c%3A/Users/downloader/AppData/Local/nvim-data/lazy/nvim-lspconfig/lua/lspconfig/configs/gdshader_lsp.lua , size = 0.670 KB
[12:25:42.215][info] [#0:script\workspace\loading.lua:100]: Preload file at: file:///c%3A/Users/downloader/AppData/Local/nvim-data/lazy/nvim-lspconfig/lua/lspconfig/configs/ghcide.lua , size = 0.788 KB
[12:25:42.215][info] [#0:script\workspace\loading.lua:100]: Preload file at: file:///c%3A/Users/downloader/AppData/Local/nvim-data/lazy/nvim-lspconfig/lua/lspconfig/configs/ghdl_ls.lua , size = 0.933 KB
[12:25:42.216][info] [#0:script\workspace\loading.lua:100]: Preload file at: file:///c%3A/Users/downloader/AppData/Local/nvim-data/lazy/nvim-lspconfig/lua/lspconfig/configs/gh_actions_ls.lua , size = 2.029 KB
[12:25:42.216][info] [#0:script\workspace\loading.lua:100]: Preload file at: file:///c%3A/Users/downloader/AppData/Local/nvim-data/lazy/nvim-lspconfig/lua/lspconfig/configs/ginko_ls.lua , size = 0.885 KB
[12:25:42.217][info] [#0:script\workspace\loading.lua:100]: Preload file at: file:///c%3A/Users/downloader/AppData/Local/nvim-data/lazy/nvim-lspconfig/lua/lspconfig/configs/gitlab_ci_ls.lua , size = 0.874 KB
[12:25:42.217][info] [#0:script\workspace\loading.lua:100]: Preload file at: file:///c%3A/Users/downloader/AppData/Local/nvim-data/lazy/nvim-lspconfig/lua/lspconfig/configs/glasgow.lua , size = 1.184 KB
[12:25:42.218][info] [#0:script\workspace\loading.lua:100]: Preload file at: file:///c%3A/Users/downloader/AppData/Local/nvim-data/lazy/nvim-lspconfig/lua/lspconfig/configs/gleam.lua , size = 0.803 KB
[12:25:42.218][info] [#0:script\workspace\loading.lua:100]: Preload file at: file:///c%3A/Users/downloader/AppData/Local/nvim-data/lazy/nvim-lspconfig/lua/lspconfig/configs/glint.lua , size = 1.625 KB
[12:25:42.218][info] [#0:script\workspace\loading.lua:100]: Preload file at: file:///c%3A/Users/downloader/AppData/Local/nvim-data/lazy/nvim-lspconfig/lua/lspconfig/configs/glslls.lua , size = 1.066 KB
[12:25:42.219][info] [#0:script\workspace\loading.lua:100]: Preload file at: file:///c%3A/Users/downloader/AppData/Local/nvim-data/lazy/nvim-lspconfig/lua/lspconfig/configs/glsl_analyzer.lua , size = 0.756 KB
[12:25:42.219][info] [#0:script\workspace\loading.lua:100]: Preload file at: file:///c%3A/Users/downloader/AppData/Local/nvim-data/lazy/nvim-lspconfig/lua/lspconfig/configs/golangci_lint_ls.lua , size = 2.186 KB
[12:25:42.220][info] [#0:script\workspace\loading.lua:100]: Preload file at: file:///c%3A/Users/downloader/AppData/Local/nvim-data/lazy/nvim-lspconfig/lua/lspconfig/configs/gopls.lua , size = 1.349 KB
[12:25:42.221][info] [#0:script\workspace\loading.lua:100]: Preload file at: file:///c%3A/Users/downloader/AppData/Local/nvim-data/lazy/nvim-lspconfig/lua/lspconfig/configs/gradle_ls.lua , size = 1.133 KB
[12:25:42.221][info] [#0:script\workspace\loading.lua:100]: Preload file at: file:///c%3A/Users/downloader/AppData/Local/nvim-data/lazy/nvim-lspconfig/lua/lspconfig/configs/grammarly.lua , size = 1.157 KB
[12:25:42.222][info] [#0:script\workspace\loading.lua:100]: Preload file at: file:///c%3A/Users/downloader/AppData/Local/nvim-data/lazy/nvim-lspconfig/lua/lspconfig/configs/graphql.lua , size = 1.025 KB
[12:25:42.222][info] [#0:script\workspace\loading.lua:100]: Preload file at: file:///c%3A/Users/downloader/AppData/Local/nvim-data/lazy/nvim-lspconfig/lua/lspconfig/configs/groovyls.lua , size = 1.194 KB
[12:25:42.222][info] [#0:script\workspace\loading.lua:100]: Preload file at: file:///c%3A/Users/downloader/AppData/Local/nvim-data/lazy/nvim-lspconfig/lua/lspconfig/configs/guile_ls.lua , size = 1.218 KB
[12:25:42.223][info] [#0:script\workspace\loading.lua:100]: Preload file at: file:///c%3A/Users/downloader/AppData/Local/nvim-data/lazy/nvim-lspconfig/lua/lspconfig/configs/harper_ls.lua , size = 1.377 KB
[12:25:42.223][info] [#0:script\workspace\loading.lua:100]: Preload file at: file:///c%3A/Users/downloader/AppData/Local/nvim-data/lazy/nvim-lspconfig/lua/lspconfig/configs/haxe_language_server.lua , size = 1.996 KB
[12:25:42.224][info] [#0:script\workspace\loading.lua:100]: Preload file at: file:///c%3A/Users/downloader/AppData/Local/nvim-data/lazy/nvim-lspconfig/lua/lspconfig/configs/hdl_checker.lua , size = 0.768 KB
[12:25:42.224][info] [#0:script\workspace\loading.lua:100]: Preload file at: file:///c%3A/Users/downloader/AppData/Local/nvim-data/lazy/nvim-lspconfig/lua/lspconfig/configs/helm_ls.lua , size = 1.100 KB
[12:25:42.225][info] [#0:script\workspace\loading.lua:100]: Preload file at: file:///c%3A/Users/downloader/AppData/Local/nvim-data/lazy/nvim-lspconfig/lua/lspconfig/configs/hhvm.lua , size = 0.756 KB
[12:25:42.225][info] [#0:script\workspace\loading.lua:100]: Preload file at: file:///c%3A/Users/downloader/AppData/Local/nvim-data/lazy/nvim-lspconfig/lua/lspconfig/configs/hie.lua , size = 1.095 KB
[12:25:42.225][info] [#0:script\workspace\loading.lua:100]: Preload file at: file:///c%3A/Users/downloader/AppData/Local/nvim-data/lazy/nvim-lspconfig/lua/lspconfig/configs/hlasm.lua , size = 0.868 KB
[12:25:42.226][info] [#0:script\workspace\loading.lua:100]: Preload file at: file:///c%3A/Users/downloader/AppData/Local/nvim-data/lazy/nvim-lspconfig/lua/lspconfig/configs/hls.lua , size = 1.072 KB
[12:25:42.226][info] [#0:script\workspace\loading.lua:100]: Preload file at: file:///c%3A/Users/downloader/AppData/Local/nvim-data/lazy/nvim-lspconfig/lua/lspconfig/configs/hoon_ls.lua , size = 0.895 KB
[12:25:42.227][info] [#0:script\workspace\loading.lua:100]: Preload file at: file:///c%3A/Users/downloader/AppData/Local/nvim-data/lazy/nvim-lspconfig/lua/lspconfig/configs/html.lua , size = 1.603 KB
[12:25:42.227][info] [#0:script\workspace\loading.lua:100]: Preload file at: file:///c%3A/Users/downloader/AppData/Local/nvim-data/lazy/nvim-lspconfig/lua/lspconfig/configs/htmx.lua , size = 1.627 KB
[12:25:42.228][info] [#0:script\workspace\loading.lua:100]: Preload file at: file:///c%3A/Users/downloader/AppData/Local/nvim-data/lazy/nvim-lspconfig/lua/lspconfig/configs/hydra_lsp.lua , size = 0.647 KB
[12:25:42.228][info] [#0:script\workspace\loading.lua:100]: Preload file at: file:///c%3A/Users/downloader/AppData/Local/nvim-data/lazy/nvim-lspconfig/lua/lspconfig/configs/hyprls.lua , size = 0.769 KB
[12:25:42.228][info] [#0:script\workspace\loading.lua:100]: Preload file at: file:///c%3A/Users/downloader/AppData/Local/nvim-data/lazy/nvim-lspconfig/lua/lspconfig/configs/idris2_lsp.lua , size = 1.919 KB
[12:25:42.229][info] [#0:script\workspace\loading.lua:100]: Preload file at: file:///c%3A/Users/downloader/AppData/Local/nvim-data/lazy/nvim-lspconfig/lua/lspconfig/configs/intelephense.lua , size = 1.539 KB
[12:25:42.229][info] [#0:script\workspace\loading.lua:100]: Preload file at: file:///c%3A/Users/downloader/AppData/Local/nvim-data/lazy/nvim-lspconfig/lua/lspconfig/configs/janet_lsp.lua , size = 0.876 KB
[12:25:42.230][info] [#0:script\workspace\loading.lua:100]: Preload file at: file:///c%3A/Users/downloader/AppData/Local/nvim-data/lazy/nvim-lspconfig/lua/lspconfig/configs/java_language_server.lua , size = 0.762 KB
[12:25:42.230][info] [#0:script\workspace\loading.lua:100]: Preload file at: file:///c%3A/Users/downloader/AppData/Local/nvim-data/lazy/nvim-lspconfig/lua/lspconfig/configs/jdtls.lua , size = 5.515 KB
[12:25:42.231][info] [#0:script\workspace\loading.lua:100]: Preload file at: file:///c%3A/Users/downloader/AppData/Local/nvim-data/lazy/nvim-lspconfig/lua/lspconfig/configs/jedi_language_server.lua , size = 0.834 KB
[12:25:42.232][info] [#0:script\workspace\loading.lua:100]: Preload file at: file:///c%3A/Users/downloader/AppData/Local/nvim-data/lazy/nvim-lspconfig/lua/lspconfig/configs/jinja_lsp.lua , size = 1.057 KB
[12:25:42.232][info] [#0:script\workspace\loading.lua:100]: Preload file at: file:///c%3A/Users/downloader/AppData/Local/nvim-data/lazy/nvim-lspconfig/lua/lspconfig/configs/jqls.lua , size = 1.014 KB
[12:25:42.233][info] [#0:script\workspace\loading.lua:100]: Preload file at: file:///c%3A/Users/downloader/AppData/Local/nvim-data/lazy/nvim-lspconfig/lua/lspconfig/configs/jsonls.lua , size = 1.532 KB
[12:25:42.233][info] [#0:script\workspace\loading.lua:100]: Preload file at: file:///c%3A/Users/downloader/AppData/Local/nvim-data/lazy/nvim-lspconfig/lua/lspconfig/configs/jsonnet_ls.lua , size = 1.388 KB
[12:25:42.234][info] [#0:script\workspace\loading.lua:100]: Preload file at: file:///c%3A/Users/downloader/AppData/Local/nvim-data/lazy/nvim-lspconfig/lua/lspconfig/configs/julials.lua , size = 5.299 KB
[12:25:42.237][info] [#0:script\workspace\loading.lua:100]: Preload file at: file:///c%3A/Users/downloader/AppData/Local/nvim-data/lazy/nvim-lspconfig/lua/lspconfig/configs/just.lua , size = 0.719 KB
[12:25:42.237][info] [#0:script\workspace\loading.lua:100]: Preload file at: file:///c%3A/Users/downloader/AppData/Local/nvim-data/lazy/nvim-lspconfig/lua/lspconfig/configs/kcl.lua , size = 0.645 KB
[12:25:42.238][info] [#0:script\workspace\loading.lua:100]: Preload file at: file:///c%3A/Users/downloader/AppData/Local/nvim-data/lazy/nvim-lspconfig/lua/lspconfig/configs/koka.lua , size = 0.768 KB
[12:25:42.238][info] [#0:script\workspace\loading.lua:100]: Preload file at: file:///c%3A/Users/downloader/AppData/Local/nvim-data/lazy/nvim-lspconfig/lua/lspconfig/configs/kotlin_language_server.lua , size = 1.943 KB
[12:25:42.239][info] [#0:script\workspace\loading.lua:100]: Preload file at: file:///c%3A/Users/downloader/AppData/Local/nvim-data/lazy/nvim-lspconfig/lua/lspconfig/configs/kulala_ls.lua , size = 0.706 KB
[12:25:42.239][info] [#0:script\workspace\loading.lua:100]: Preload file at: file:///c%3A/Users/downloader/AppData/Local/nvim-data/lazy/nvim-lspconfig/lua/lspconfig/configs/laravel_ls.lua , size = 0.718 KB
[12:25:42.239][info] [#0:script\workspace\loading.lua:100]: Preload file at: file:///c%3A/Users/downloader/AppData/Local/nvim-data/lazy/nvim-lspconfig/lua/lspconfig/configs/lean3ls.lua , size = 1.632 KB
[12:25:42.240][info] [#0:script\workspace\loading.lua:100]: Preload file at: file:///c%3A/Users/downloader/AppData/Local/nvim-data/lazy/nvim-lspconfig/lua/lspconfig/configs/leanls.lua , size = 1.794 KB
[12:25:42.240][info] [#0:script\workspace\loading.lua:100]: Preload file at: file:///c%3A/Users/downloader/AppData/Local/nvim-data/lazy/nvim-lspconfig/lua/lspconfig/configs/lelwel_ls.lua , size = 0.735 KB
[12:25:42.241][info] [#0:script\workspace\loading.lua:100]: Preload file at: file:///c%3A/Users/downloader/AppData/Local/nvim-data/lazy/nvim-lspconfig/lua/lspconfig/configs/lemminx.lua , size = 1.097 KB
[12:25:42.241][info] [#0:script\workspace\loading.lua:100]: Preload file at: file:///c%3A/Users/downloader/AppData/Local/nvim-data/lazy/nvim-lspconfig/lua/lspconfig/configs/lexical.lua , size = 1.061 KB
[12:25:42.242][info] [#0:script\workspace\loading.lua:100]: Preload file at: file:///c%3A/Users/downloader/AppData/Local/nvim-data/lazy/nvim-lspconfig/lua/lspconfig/configs/lsp_ai.lua , size = 1.168 KB
[12:25:42.242][info] [#0:script\workspace\loading.lua:100]: Preload file at: file:///c%3A/Users/downloader/AppData/Local/nvim-data/lazy/nvim-lspconfig/lua/lspconfig/configs/ltex.lua , size = 2.124 KB
[12:25:42.243][info] [#0:script\workspace\loading.lua:100]: Preload file at: file:///c%3A/Users/downloader/AppData/Local/nvim-data/lazy/nvim-lspconfig/lua/lspconfig/configs/ltex_plus.lua , size = 2.247 KB
[12:25:42.244][info] [#0:script\workspace\loading.lua:100]: Preload file at: file:///c%3A/Users/downloader/AppData/Local/nvim-data/lazy/nvim-lspconfig/lua/lspconfig/configs/luau_lsp.lua , size = 0.981 KB
[12:25:42.244][info] [#0:script\workspace\loading.lua:100]: Preload file at: file:///c%3A/Users/downloader/AppData/Local/nvim-data/lazy/nvim-lspconfig/lua/lspconfig/configs/lua_ls.lua , size = 2.710 KB
[12:25:42.245][info] [#0:script\workspace\loading.lua:100]: Preload file at: file:///c%3A/Users/downloader/AppData/Local/nvim-data/lazy/nvim-lspconfig/lua/lspconfig/configs/lwc_ls.lua , size = 1.139 KB
[12:25:42.246][info] [#0:script\workspace\loading.lua:100]: Preload file at: file:///c%3A/Users/downloader/AppData/Local/nvim-data/lazy/nvim-lspconfig/lua/lspconfig/configs/m68k.lua , size = 0.872 KB
[12:25:42.246][info] [#0:script\workspace\loading.lua:100]: Preload file at: file:///c%3A/Users/downloader/AppData/Local/nvim-data/lazy/nvim-lspconfig/lua/lspconfig/configs/markdown_oxide.lua , size = 1.401 KB
[12:25:42.247][info] [#0:script\workspace\loading.lua:100]: Preload file at: file:///c%3A/Users/downloader/AppData/Local/nvim-data/lazy/nvim-lspconfig/lua/lspconfig/configs/marko-js.lua , size = 0.826 KB
[12:25:42.247][info] [#0:script\workspace\loading.lua:100]: Preload file at: file:///c%3A/Users/downloader/AppData/Local/nvim-data/lazy/nvim-lspconfig/lua/lspconfig/configs/marksman.lua , size = 1.147 KB
[12:25:42.247][info] [#0:script\workspace\loading.lua:100]: Preload file at: file:///c%3A/Users/downloader/AppData/Local/nvim-data/lazy/nvim-lspconfig/lua/lspconfig/configs/matlab_ls.lua , size = 0.963 KB
[12:25:42.248][info] [#0:script\workspace\loading.lua:100]: Preload file at: file:///c%3A/Users/downloader/AppData/Local/nvim-data/lazy/nvim-lspconfig/lua/lspconfig/configs/mdx_analyzer.lua , size = 1.036 KB
[12:25:42.248][info] [#0:script\workspace\loading.lua:100]: Preload file at: file:///c%3A/Users/downloader/AppData/Local/nvim-data/lazy/nvim-lspconfig/lua/lspconfig/configs/mesonlsp.lua , size = 0.701 KB
[12:25:42.249][info] [#0:script\workspace\loading.lua:100]: Preload file at: file:///c%3A/Users/downloader/AppData/Local/nvim-data/lazy/nvim-lspconfig/lua/lspconfig/configs/metals.lua , size = 1.469 KB
[12:25:42.249][info] [#0:script\workspace\loading.lua:100]: Preload file at: file:///c%3A/Users/downloader/AppData/Local/nvim-data/lazy/nvim-lspconfig/lua/lspconfig/configs/millet.lua , size = 0.851 KB
[12:25:42.250][info] [#0:script\workspace\loading.lua:100]: Preload file at: file:///c%3A/Users/downloader/AppData/Local/nvim-data/lazy/nvim-lspconfig/lua/lspconfig/configs/mint.lua , size = 0.849 KB
[12:25:42.250][info] [#0:script\workspace\loading.lua:100]: Preload file at: file:///c%3A/Users/downloader/AppData/Local/nvim-data/lazy/nvim-lspconfig/lua/lspconfig/configs/mlir_lsp_server.lua , size = 0.851 KB
[12:25:42.250][info] [#0:script\workspace\loading.lua:100]: Preload file at: file:///c%3A/Users/downloader/AppData/Local/nvim-data/lazy/nvim-lspconfig/lua/lspconfig/configs/mlir_pdll_lsp_server.lua , size = 0.934 KB
[12:25:42.251][info] [#0:script\workspace\loading.lua:100]: Preload file at: file:///c%3A/Users/downloader/AppData/Local/nvim-data/lazy/nvim-lspconfig/lua/lspconfig/configs/mm0_ls.lua , size = 0.827 KB
[12:25:42.251][info] [#0:script\workspace\loading.lua:100]: Preload file at: file:///c%3A/Users/downloader/AppData/Local/nvim-data/lazy/nvim-lspconfig/lua/lspconfig/configs/mojo.lua , size = 0.919 KB
[12:25:42.252][info] [#0:script\workspace\loading.lua:100]: Preload file at: file:///c%3A/Users/downloader/AppData/Local/nvim-data/lazy/nvim-lspconfig/lua/lspconfig/configs/motoko_lsp.lua , size = 0.743 KB
[12:25:42.252][info] [#0:script\workspace\loading.lua:100]: Preload file at: file:///c%3A/Users/downloader/AppData/Local/nvim-data/lazy/nvim-lspconfig/lua/lspconfig/configs/move_analyzer.lua , size = 1.062 KB
[12:25:42.252][info] [#0:script\workspace\loading.lua:100]: Preload file at: file:///c%3A/Users/downloader/AppData/Local/nvim-data/lazy/nvim-lspconfig/lua/lspconfig/configs/msbuild_project_tools_server.lua , size = 1.441 KB
[12:25:42.253][info] [#0:script\workspace\loading.lua:100]: Preload file at: file:///c%3A/Users/downloader/AppData/Local/nvim-data/lazy/nvim-lspconfig/lua/lspconfig/configs/muon.lua , size = 0.732 KB
[12:25:42.253][info] [#0:script\workspace\loading.lua:100]: Preload file at: file:///c%3A/Users/downloader/AppData/Local/nvim-data/lazy/nvim-lspconfig/lua/lspconfig/configs/mutt_ls.lua , size = 0.817 KB
[12:25:42.254][info] [#0:script\workspace\loading.lua:100]: Preload file at: file:///c%3A/Users/downloader/AppData/Local/nvim-data/lazy/nvim-lspconfig/lua/lspconfig/configs/nelua_lsp.lua , size = 1.426 KB
[12:25:42.254][info] [#0:script\workspace\loading.lua:100]: Preload file at: file:///c%3A/Users/downloader/AppData/Local/nvim-data/lazy/nvim-lspconfig/lua/lspconfig/configs/neocmake.lua , size = 1.246 KB
[12:25:42.254][info] [#0:script\workspace\loading.lua:100]: Preload file at: file:///c%3A/Users/downloader/AppData/Local/nvim-data/lazy/nvim-lspconfig/lua/lspconfig/configs/nextflow_ls.lua , size = 1.354 KB
[12:25:42.255][info] [#0:script\workspace\loading.lua:100]: Preload file at: file:///c%3A/Users/downloader/AppData/Local/nvim-data/lazy/nvim-lspconfig/lua/lspconfig/configs/nextls.lua , size = 0.924 KB
[12:25:42.255][info] [#0:script\workspace\loading.lua:100]: Preload file at: file:///c%3A/Users/downloader/AppData/Local/nvim-data/lazy/nvim-lspconfig/lua/lspconfig/configs/nginx_language_server.lua , size = 0.866 KB
[12:25:42.256][info] [#0:script\workspace\loading.lua:100]: Preload file at: file:///c%3A/Users/downloader/AppData/Local/nvim-data/lazy/nvim-lspconfig/lua/lspconfig/configs/nickel_ls.lua , size = 1.038 KB
[12:25:42.256][info] [#0:script\workspace\loading.lua:100]: Preload file at: file:///c%3A/Users/downloader/AppData/Local/nvim-data/lazy/nvim-lspconfig/lua/lspconfig/configs/nil_ls.lua , size = 0.891 KB
[12:25:42.256][info] [#0:script\workspace\loading.lua:100]: Preload file at: file:///c%3A/Users/downloader/AppData/Local/nvim-data/lazy/nvim-lspconfig/lua/lspconfig/configs/nimls.lua , size = 0.819 KB
[12:25:42.257][info] [#0:script\workspace\loading.lua:100]: Preload file at: file:///c%3A/Users/downloader/AppData/Local/nvim-data/lazy/nvim-lspconfig/lua/lspconfig/configs/nim_langserver.lua , size = 0.847 KB
[12:25:42.257][info] [#0:script\workspace\loading.lua:100]: Preload file at: file:///c%3A/Users/downloader/AppData/Local/nvim-data/lazy/nvim-lspconfig/lua/lspconfig/configs/nixd.lua , size = 0.930 KB
[12:25:42.258][info] [#0:script\workspace\loading.lua:100]: Preload file at: file:///c%3A/Users/downloader/AppData/Local/nvim-data/lazy/nvim-lspconfig/lua/lspconfig/configs/nomad_lsp.lua , size = 1.300 KB
[12:25:42.258][info] [#0:script\workspace\loading.lua:100]: Preload file at: file:///c%3A/Users/downloader/AppData/Local/nvim-data/lazy/nvim-lspconfig/lua/lspconfig/configs/ntt.lua , size = 0.834 KB
[12:25:42.259][info] [#0:script\workspace\loading.lua:100]: Preload file at: file:///c%3A/Users/downloader/AppData/Local/nvim-data/lazy/nvim-lspconfig/lua/lspconfig/configs/nushell.lua , size = 0.688 KB
[12:25:42.259][info] [#0:script\workspace\loading.lua:100]: Preload file at: file:///c%3A/Users/downloader/AppData/Local/nvim-data/lazy/nvim-lspconfig/lua/lspconfig/configs/nxls.lua , size = 0.719 KB
[12:25:42.259][info] [#0:script\workspace\loading.lua:100]: Preload file at: file:///c%3A/Users/downloader/AppData/Local/nvim-data/lazy/nvim-lspconfig/lua/lspconfig/configs/ocamllsp.lua , size = 1.202 KB
[12:25:42.260][info] [#0:script\workspace\loading.lua:100]: Preload file at: file:///c%3A/Users/downloader/AppData/Local/nvim-data/lazy/nvim-lspconfig/lua/lspconfig/configs/ols.lua , size = 0.641 KB
[12:25:42.260][info] [#0:script\workspace\loading.lua:100]: Preload file at: file:///c%3A/Users/downloader/AppData/Local/nvim-data/lazy/nvim-lspconfig/lua/lspconfig/configs/omnisharp.lua , size = 6.583 KB
[12:25:42.261][info] [#0:script\workspace\loading.lua:100]: Preload file at: file:///c%3A/Users/downloader/AppData/Local/nvim-data/lazy/nvim-lspconfig/lua/lspconfig/configs/opencl_ls.lua , size = 0.887 KB
[12:25:42.262][info] [#0:script\workspace\loading.lua:100]: Preload file at: file:///c%3A/Users/downloader/AppData/Local/nvim-data/lazy/nvim-lspconfig/lua/lspconfig/configs/openedge_ls.lua , size = 1.670 KB
[12:25:42.262][info] [#0:script\workspace\loading.lua:100]: Preload file at: file:///c%3A/Users/downloader/AppData/Local/nvim-data/lazy/nvim-lspconfig/lua/lspconfig/configs/openscad_ls.lua , size = 1.115 KB
[12:25:42.263][info] [#0:script\workspace\loading.lua:100]: Preload file at: file:///c%3A/Users/downloader/AppData/Local/nvim-data/lazy/nvim-lspconfig/lua/lspconfig/configs/openscad_lsp.lua , size = 0.815 KB
[12:25:42.263][info] [#0:script\workspace\loading.lua:100]: Preload file at: file:///c%3A/Users/downloader/AppData/Local/nvim-data/lazy/nvim-lspconfig/lua/lspconfig/configs/oxlint.lua , size = 1.365 KB
[12:25:42.264][info] [#0:script\workspace\loading.lua:100]: Preload file at: file:///c%3A/Users/downloader/AppData/Local/nvim-data/lazy/nvim-lspconfig/lua/lspconfig/configs/pact_ls.lua , size = 0.677 KB
[12:25:42.264][info] [#0:script\workspace\loading.lua:100]: Preload file at: file:///c%3A/Users/downloader/AppData/Local/nvim-data/lazy/nvim-lspconfig/lua/lspconfig/configs/pasls.lua , size = 1.356 KB
[12:25:42.264][info] [#0:script\workspace\loading.lua:100]: Preload file at: file:///c%3A/Users/downloader/AppData/Local/nvim-data/lazy/nvim-lspconfig/lua/lspconfig/configs/pbls.lua , size = 0.762 KB
[12:25:42.265][info] [#0:script\workspace\loading.lua:100]: Preload file at: file:///c%3A/Users/downloader/AppData/Local/nvim-data/lazy/nvim-lspconfig/lua/lspconfig/configs/perlls.lua , size = 1.152 KB
[12:25:42.265][info] [#0:script\workspace\loading.lua:100]: Preload file at: file:///c%3A/Users/downloader/AppData/Local/nvim-data/lazy/nvim-lspconfig/lua/lspconfig/configs/perlnavigator.lua , size = 1.243 KB
[12:25:42.266][info] [#0:script\workspace\loading.lua:100]: Preload file at: file:///c%3A/Users/downloader/AppData/Local/nvim-data/lazy/nvim-lspconfig/lua/lspconfig/configs/perlpls.lua , size = 0.938 KB
[12:25:42.266][info] [#0:script\workspace\loading.lua:100]: Preload file at: file:///c%3A/Users/downloader/AppData/Local/nvim-data/lazy/nvim-lspconfig/lua/lspconfig/configs/pest_ls.lua , size = 0.702 KB
[12:25:42.266][info] [#0:script\workspace\loading.lua:100]: Preload file at: file:///c%3A/Users/downloader/AppData/Local/nvim-data/lazy/nvim-lspconfig/lua/lspconfig/configs/phan.lua , size = 1.014 KB
[12:25:42.267][info] [#0:script\workspace\loading.lua:100]: Preload file at: file:///c%3A/Users/downloader/AppData/Local/nvim-data/lazy/nvim-lspconfig/lua/lspconfig/configs/phpactor.lua , size = 0.927 KB
[12:25:42.267][info] [#0:script\workspace\loading.lua:100]: Preload file at: file:///c%3A/Users/downloader/AppData/Local/nvim-data/lazy/nvim-lspconfig/lua/lspconfig/configs/pico8_ls.lua , size = 0.649 KB
[12:25:42.268][info] [#0:script\workspace\loading.lua:100]: Preload file at: file:///c%3A/Users/downloader/AppData/Local/nvim-data/lazy/nvim-lspconfig/lua/lspconfig/configs/pkgbuild_language_server.lua , size = 0.706 KB
[12:25:42.268][info] [#0:script\workspace\loading.lua:100]: Preload file at: file:///c%3A/Users/downloader/AppData/Local/nvim-data/lazy/nvim-lspconfig/lua/lspconfig/configs/please.lua , size = 0.774 KB
[12:25:42.268][info] [#0:script\workspace\loading.lua:100]: Preload file at: file:///c%3A/Users/downloader/AppData/Local/nvim-data/lazy/nvim-lspconfig/lua/lspconfig/configs/poryscript_pls.lua , size = 0.770 KB
[12:25:42.269][info] [#0:script\workspace\loading.lua:100]: Preload file at: file:///c%3A/Users/downloader/AppData/Local/nvim-data/lazy/nvim-lspconfig/lua/lspconfig/configs/postgres_lsp.lua , size = 0.753 KB
[12:25:42.269][info] [#0:script\workspace\loading.lua:100]: Preload file at: file:///c%3A/Users/downloader/AppData/Local/nvim-data/lazy/nvim-lspconfig/lua/lspconfig/configs/powershell_es.lua , size = 2.589 KB
[12:25:42.270][info] [#0:script\workspace\loading.lua:100]: Preload file at: file:///c%3A/Users/downloader/AppData/Local/nvim-data/lazy/nvim-lspconfig/lua/lspconfig/configs/prismals.lua , size = 0.815 KB
[12:25:42.270][info] [#0:script\workspace\loading.lua:100]: Preload file at: file:///c%3A/Users/downloader/AppData/Local/nvim-data/lazy/nvim-lspconfig/lua/lspconfig/configs/prolog_ls.lua , size = 0.811 KB
[12:25:42.270][info] [#0:script\workspace\loading.lua:100]: Preload file at: file:///c%3A/Users/downloader/AppData/Local/nvim-data/lazy/nvim-lspconfig/lua/lspconfig/configs/prosemd_lsp.lua , size = 0.805 KB
[12:25:42.271][info] [#0:script\workspace\loading.lua:100]: Preload file at: file:///c%3A/Users/downloader/AppData/Local/nvim-data/lazy/nvim-lspconfig/lua/lspconfig/configs/protols.lua , size = 0.803 KB
[12:25:42.271][info] [#0:script\workspace\loading.lua:100]: Preload file at: file:///c%3A/Users/downloader/AppData/Local/nvim-data/lazy/nvim-lspconfig/lua/lspconfig/configs/psalm.lua , size = 0.683 KB
[12:25:42.272][info] [#0:script\workspace\loading.lua:100]: Preload file at: file:///c%3A/Users/downloader/AppData/Local/nvim-data/lazy/nvim-lspconfig/lua/lspconfig/configs/pug.lua , size = 0.862 KB
[12:25:42.272][info] [#0:script\workspace\loading.lua:100]: Preload file at: file:///c%3A/Users/downloader/AppData/Local/nvim-data/lazy/nvim-lspconfig/lua/lspconfig/configs/puppet.lua , size = 1.057 KB
[12:25:42.272][info] [#0:script\workspace\loading.lua:100]: Preload file at: file:///c%3A/Users/downloader/AppData/Local/nvim-data/lazy/nvim-lspconfig/lua/lspconfig/configs/purescriptls.lua , size = 0.952 KB
[12:25:42.273][info] [#0:script\workspace\loading.lua:100]: Preload file at: file:///c%3A/Users/downloader/AppData/Local/nvim-data/lazy/nvim-lspconfig/lua/lspconfig/configs/pylsp.lua , size = 1.643 KB
[12:25:42.273][info] [#0:script\workspace\loading.lua:100]: Preload file at: file:///c%3A/Users/downloader/AppData/Local/nvim-data/lazy/nvim-lspconfig/lua/lspconfig/configs/pylyzer.lua , size = 1.133 KB
[12:25:42.274][info] [#0:script\workspace\loading.lua:100]: Preload file at: file:///c%3A/Users/downloader/AppData/Local/nvim-data/lazy/nvim-lspconfig/lua/lspconfig/configs/pyre.lua , size = 0.811 KB
[12:25:42.274][info] [#0:script\workspace\loading.lua:100]: Preload file at: file:///c%3A/Users/downloader/AppData/Local/nvim-data/lazy/nvim-lspconfig/lua/lspconfig/configs/pyright.lua , size = 2.253 KB
[12:25:42.275][info] [#0:script\workspace\loading.lua:100]: Preload file at: file:///c%3A/Users/downloader/AppData/Local/nvim-data/lazy/nvim-lspconfig/lua/lspconfig/configs/qmlls.lua , size = 0.871 KB
[12:25:42.275][info] [#0:script\workspace\loading.lua:100]: Preload file at: file:///c%3A/Users/downloader/AppData/Local/nvim-data/lazy/nvim-lspconfig/lua/lspconfig/configs/quick_lint_js.lua , size = 0.782 KB
[12:25:42.276][info] [#0:script\workspace\loading.lua:100]: Preload file at: file:///c%3A/Users/downloader/AppData/Local/nvim-data/lazy/nvim-lspconfig/lua/lspconfig/configs/racket_langserver.lua , size = 1.000 KB
[12:25:42.276][info] [#0:script\workspace\loading.lua:100]: Preload file at: file:///c%3A/Users/downloader/AppData/Local/nvim-data/lazy/nvim-lspconfig/lua/lspconfig/configs/raku_navigator.lua , size = 1.610 KB
[12:25:42.277][info] [#0:script\workspace\loading.lua:100]: Preload file at: file:///c%3A/Users/downloader/AppData/Local/nvim-data/lazy/nvim-lspconfig/lua/lspconfig/configs/reason_ls.lua , size = 0.721 KB
[12:25:42.277][info] [#0:script\workspace\loading.lua:100]: Preload file at: file:///c%3A/Users/downloader/AppData/Local/nvim-data/lazy/nvim-lspconfig/lua/lspconfig/configs/regal.lua , size = 0.896 KB
[12:25:42.277][info] [#0:script\workspace\loading.lua:100]: Preload file at: file:///c%3A/Users/downloader/AppData/Local/nvim-data/lazy/nvim-lspconfig/lua/lspconfig/configs/regols.lua , size = 0.845 KB
[12:25:42.278][info] [#0:script\workspace\loading.lua:100]: Preload file at: file:///c%3A/Users/downloader/AppData/Local/nvim-data/lazy/nvim-lspconfig/lua/lspconfig/configs/relay_lsp.lua , size = 4.087 KB
[12:25:42.279][info] [#0:script\workspace\loading.lua:100]: Preload file at: file:///c%3A/Users/downloader/AppData/Local/nvim-data/lazy/nvim-lspconfig/lua/lspconfig/configs/remark_ls.lua , size = 1.443 KB
[12:25:42.279][info] [#0:script\workspace\loading.lua:100]: Preload file at: file:///c%3A/Users/downloader/AppData/Local/nvim-data/lazy/nvim-lspconfig/lua/lspconfig/configs/rescriptls.lua , size = 1.731 KB
[12:25:42.280][info] [#0:script\workspace\loading.lua:100]: Preload file at: file:///c%3A/Users/downloader/AppData/Local/nvim-data/lazy/nvim-lspconfig/lua/lspconfig/configs/rls.lua , size = 1.143 KB
[12:25:42.280][info] [#0:script\workspace\loading.lua:100]: Preload file at: file:///c%3A/Users/downloader/AppData/Local/nvim-data/lazy/nvim-lspconfig/lua/lspconfig/configs/rnix.lua , size = 0.925 KB
[12:25:42.280][info] [#0:script\workspace\loading.lua:100]: Preload file at: file:///c%3A/Users/downloader/AppData/Local/nvim-data/lazy/nvim-lspconfig/lua/lspconfig/configs/robotcode.lua , size = 1.018 KB
[12:25:42.281][info] [#0:script\workspace\loading.lua:100]: Preload file at: file:///c%3A/Users/downloader/AppData/Local/nvim-data/lazy/nvim-lspconfig/lua/lspconfig/configs/robotframework_ls.lua , size = 0.830 KB
[12:25:42.281][info] [#0:script\workspace\loading.lua:100]: Preload file at: file:///c%3A/Users/downloader/AppData/Local/nvim-data/lazy/nvim-lspconfig/lua/lspconfig/configs/roc_ls.lua , size = 0.855 KB
[12:25:42.282][info] [#0:script\workspace\loading.lua:100]: Preload file at: file:///c%3A/Users/downloader/AppData/Local/nvim-data/lazy/nvim-lspconfig/lua/lspconfig/configs/rome.lua , size = 1.097 KB
[12:25:42.282][info] [#0:script\workspace\loading.lua:100]: Preload file at: file:///c%3A/Users/downloader/AppData/Local/nvim-data/lazy/nvim-lspconfig/lua/lspconfig/configs/rpmspec.lua , size = 0.857 KB
[12:25:42.283][info] [#0:script\workspace\loading.lua:100]: Preload file at: file:///c%3A/Users/downloader/AppData/Local/nvim-data/lazy/nvim-lspconfig/lua/lspconfig/configs/rubocop.lua , size = 0.593 KB
[12:25:42.283][info] [#0:script\workspace\loading.lua:100]: Preload file at: file:///c%3A/Users/downloader/AppData/Local/nvim-data/lazy/nvim-lspconfig/lua/lspconfig/configs/ruby_lsp.lua , size = 0.927 KB
[12:25:42.283][info] [#0:script\workspace\loading.lua:100]: Preload file at: file:///c%3A/Users/downloader/AppData/Local/nvim-data/lazy/nvim-lspconfig/lua/lspconfig/configs/ruff.lua , size = 1.537 KB
[12:25:42.284][info] [#0:script\workspace\loading.lua:100]: Preload file at: file:///c%3A/Users/downloader/AppData/Local/nvim-data/lazy/nvim-lspconfig/lua/lspconfig/configs/ruff_lsp.lua , size = 1.175 KB
[12:25:42.284][info] [#0:script\workspace\loading.lua:100]: Preload file at: file:///c%3A/Users/downloader/AppData/Local/nvim-data/lazy/nvim-lspconfig/lua/lspconfig/configs/rune_languageserver.lua , size = 0.794 KB
[12:25:42.285][info] [#0:script\workspace\loading.lua:100]: Preload file at: file:///c%3A/Users/downloader/AppData/Local/nvim-data/lazy/nvim-lspconfig/lua/lspconfig/configs/rust_analyzer.lua , size = 3.852 KB
[12:25:42.286][info] [#0:script\workspace\loading.lua:100]: Preload file at: file:///c%3A/Users/downloader/AppData/Local/nvim-data/lazy/nvim-lspconfig/lua/lspconfig/configs/r_language_server.lua , size = 0.950 KB
[12:25:42.286][info] [#0:script\workspace\loading.lua:100]: Preload file at: file:///c%3A/Users/downloader/AppData/Local/nvim-data/lazy/nvim-lspconfig/lua/lspconfig/configs/salt_ls.lua , size = 0.779 KB
[12:25:42.287][info] [#0:script\workspace\loading.lua:100]: Preload file at: file:///c%3A/Users/downloader/AppData/Local/nvim-data/lazy/nvim-lspconfig/lua/lspconfig/configs/scheme_langserver.lua , size = 0.892 KB
[12:25:42.288][info] [#0:script\workspace\loading.lua:100]: Preload file at: file:///c%3A/Users/downloader/AppData/Local/nvim-data/lazy/nvim-lspconfig/lua/lspconfig/configs/scry.lua , size = 0.762 KB
[12:25:42.288][info] [#0:script\workspace\loading.lua:100]: Preload file at: file:///c%3A/Users/downloader/AppData/Local/nvim-data/lazy/nvim-lspconfig/lua/lspconfig/configs/selene3p_ls.lua , size = 0.658 KB
[12:25:42.288][info] [#0:script\workspace\loading.lua:100]: Preload file at: file:///c%3A/Users/downloader/AppData/Local/nvim-data/lazy/nvim-lspconfig/lua/lspconfig/configs/serve_d.lua , size = 0.794 KB
[12:25:42.289][info] [#0:script\workspace\loading.lua:100]: Preload file at: file:///c%3A/Users/downloader/AppData/Local/nvim-data/lazy/nvim-lspconfig/lua/lspconfig/configs/shopify_theme_ls.lua , size = 1.068 KB
[12:25:42.289][info] [#0:script\workspace\loading.lua:100]: Preload file at: file:///c%3A/Users/downloader/AppData/Local/nvim-data/lazy/nvim-lspconfig/lua/lspconfig/configs/sixtyfps.lua , size = 0.929 KB
[12:25:42.289][info] [#0:script\workspace\loading.lua:100]: Preload file at: file:///c%3A/Users/downloader/AppData/Local/nvim-data/lazy/nvim-lspconfig/lua/lspconfig/configs/slangd.lua , size = 1.506 KB
[12:25:42.290][info] [#0:script\workspace\loading.lua:100]: Preload file at: file:///c%3A/Users/downloader/AppData/Local/nvim-data/lazy/nvim-lspconfig/lua/lspconfig/configs/slint_lsp.lua , size = 0.949 KB
[12:25:42.290][info] [#0:script\workspace\loading.lua:100]: Preload file at: file:///c%3A/Users/downloader/AppData/Local/nvim-data/lazy/nvim-lspconfig/lua/lspconfig/configs/smarty_ls.lua , size = 1.136 KB
[12:25:42.291][info] [#0:script\workspace\loading.lua:100]: Preload file at: file:///c%3A/Users/downloader/AppData/Local/nvim-data/lazy/nvim-lspconfig/lua/lspconfig/configs/smithy_ls.lua , size = 0.863 KB
[12:25:42.291][info] [#0:script\workspace\loading.lua:100]: Preload file at: file:///c%3A/Users/downloader/AppData/Local/nvim-data/lazy/nvim-lspconfig/lua/lspconfig/configs/snakeskin_ls.lua , size = 0.690 KB
[12:25:42.292][info] [#0:script\workspace\loading.lua:100]: Preload file at: file:///c%3A/Users/downloader/AppData/Local/nvim-data/lazy/nvim-lspconfig/lua/lspconfig/configs/snyk_ls.lua , size = 1.009 KB
[12:25:42.292][info] [#0:script\workspace\loading.lua:100]: Preload file at: file:///c%3A/Users/downloader/AppData/Local/nvim-data/lazy/nvim-lspconfig/lua/lspconfig/configs/solang.lua , size = 0.962 KB
[12:25:42.292][info] [#0:script\workspace\loading.lua:100]: Preload file at: file:///c%3A/Users/downloader/AppData/Local/nvim-data/lazy/nvim-lspconfig/lua/lspconfig/configs/solargraph.lua , size = 0.837 KB
[12:25:42.293][info] [#0:script\workspace\loading.lua:100]: Preload file at: file:///c%3A/Users/downloader/AppData/Local/nvim-data/lazy/nvim-lspconfig/lua/lspconfig/configs/solc.lua , size = 0.689 KB
[12:25:42.293][info] [#0:script\workspace\loading.lua:100]: Preload file at: file:///c%3A/Users/downloader/AppData/Local/nvim-data/lazy/nvim-lspconfig/lua/lspconfig/configs/solidity.lua , size = 1.655 KB
[12:25:42.293][info] [#0:script\workspace\loading.lua:100]: Preload file at: file:///c%3A/Users/downloader/AppData/Local/nvim-data/lazy/nvim-lspconfig/lua/lspconfig/configs/solidity_ls.lua , size = 1.080 KB
[12:25:42.294][info] [#0:script\workspace\loading.lua:100]: Preload file at: file:///c%3A/Users/downloader/AppData/Local/nvim-data/lazy/nvim-lspconfig/lua/lspconfig/configs/solidity_ls_nomicfoundation.lua , size = 1.165 KB
[12:25:42.294][info] [#0:script\workspace\loading.lua:100]: Preload file at: file:///c%3A/Users/downloader/AppData/Local/nvim-data/lazy/nvim-lspconfig/lua/lspconfig/configs/somesass_ls.lua , size = 1.288 KB
[12:25:42.295][info] [#0:script\workspace\loading.lua:100]: Preload file at: file:///c%3A/Users/downloader/AppData/Local/nvim-data/lazy/nvim-lspconfig/lua/lspconfig/configs/sorbet.lua , size = 0.810 KB
[12:25:42.295][info] [#0:script\workspace\loading.lua:100]: Preload file at: file:///c%3A/Users/downloader/AppData/Local/nvim-data/lazy/nvim-lspconfig/lua/lspconfig/configs/sourcekit.lua , size = 1.489 KB
[12:25:42.296][info] [#0:script\workspace\loading.lua:100]: Preload file at: file:///c%3A/Users/downloader/AppData/Local/nvim-data/lazy/nvim-lspconfig/lua/lspconfig/configs/sourcery.lua , size = 2.797 KB
[12:25:42.296][info] [#0:script\workspace\loading.lua:100]: Preload file at: file:///c%3A/Users/downloader/AppData/Local/nvim-data/lazy/nvim-lspconfig/lua/lspconfig/configs/spectral.lua , size = 1.186 KB
[12:25:42.297][info] [#0:script\workspace\loading.lua:100]: Preload file at: file:///c%3A/Users/downloader/AppData/Local/nvim-data/lazy/nvim-lspconfig/lua/lspconfig/configs/spyglassmc_language_server.lua , size = 1.084 KB
[12:25:42.297][info] [#0:script\workspace\loading.lua:100]: Preload file at: file:///c%3A/Users/downloader/AppData/Local/nvim-data/lazy/nvim-lspconfig/lua/lspconfig/configs/sqlls.lua , size = 0.852 KB
[12:25:42.298][info] [#0:script\workspace\loading.lua:100]: Preload file at: file:///c%3A/Users/downloader/AppData/Local/nvim-data/lazy/nvim-lspconfig/lua/lspconfig/configs/sqls.lua , size = 0.937 KB
[12:25:42.298][info] [#0:script\workspace\loading.lua:100]: Preload file at: file:///c%3A/Users/downloader/AppData/Local/nvim-data/lazy/nvim-lspconfig/lua/lspconfig/configs/standardrb.lua , size = 0.653 KB
[12:25:42.298][info] [#0:script\workspace\loading.lua:100]: Preload file at: file:///c%3A/Users/downloader/AppData/Local/nvim-data/lazy/nvim-lspconfig/lua/lspconfig/configs/starlark_rust.lua , size = 0.931 KB
[12:25:42.299][info] [#0:script\workspace\loading.lua:100]: Preload file at: file:///c%3A/Users/downloader/AppData/Local/nvim-data/lazy/nvim-lspconfig/lua/lspconfig/configs/starpls.lua , size = 0.726 KB
[12:25:42.299][info] [#0:script\workspace\loading.lua:100]: Preload file at: file:///c%3A/Users/downloader/AppData/Local/nvim-data/lazy/nvim-lspconfig/lua/lspconfig/configs/statix.lua , size = 0.692 KB
[12:25:42.299][info] [#0:script\workspace\loading.lua:100]: Preload file at: file:///c%3A/Users/downloader/AppData/Local/nvim-data/lazy/nvim-lspconfig/lua/lspconfig/configs/steep.lua , size = 0.712 KB
[12:25:42.300][info] [#0:script\workspace\loading.lua:100]: Preload file at: file:///c%3A/Users/downloader/AppData/Local/nvim-data/lazy/nvim-lspconfig/lua/lspconfig/configs/stimulus_ls.lua , size = 0.818 KB
[12:25:42.300][info] [#0:script\workspace\loading.lua:100]: Preload file at: file:///c%3A/Users/downloader/AppData/Local/nvim-data/lazy/nvim-lspconfig/lua/lspconfig/configs/stylelint_lsp.lua , size = 1.359 KB
[12:25:42.300][info] [#0:script\workspace\loading.lua:100]: Preload file at: file:///c%3A/Users/downloader/AppData/Local/nvim-data/lazy/nvim-lspconfig/lua/lspconfig/configs/stylua3p_ls.lua , size = 0.677 KB
[12:25:42.301][info] [#0:script\workspace\loading.lua:100]: Preload file at: file:///c%3A/Users/downloader/AppData/Local/nvim-data/lazy/nvim-lspconfig/lua/lspconfig/configs/superhtml.lua , size = 1.029 KB
[12:25:42.301][info] [#0:script\workspace\loading.lua:100]: Preload file at: file:///c%3A/Users/downloader/AppData/Local/nvim-data/lazy/nvim-lspconfig/lua/lspconfig/configs/svelte.lua , size = 1.487 KB
[12:25:42.302][info] [#0:script\workspace\loading.lua:100]: Preload file at: file:///c%3A/Users/downloader/AppData/Local/nvim-data/lazy/nvim-lspconfig/lua/lspconfig/configs/svlangserver.lua , size = 1.613 KB
[12:25:42.302][info] [#0:script\workspace\loading.lua:100]: Preload file at: file:///c%3A/Users/downloader/AppData/Local/nvim-data/lazy/nvim-lspconfig/lua/lspconfig/configs/svls.lua , size = 0.744 KB
[12:25:42.303][info] [#0:script\workspace\loading.lua:100]: Preload file at: file:///c%3A/Users/downloader/AppData/Local/nvim-data/lazy/nvim-lspconfig/lua/lspconfig/configs/swift_mesonls.lua , size = 0.686 KB
[12:25:42.303][info] [#0:script\workspace\loading.lua:100]: Preload file at: file:///c%3A/Users/downloader/AppData/Local/nvim-data/lazy/nvim-lspconfig/lua/lspconfig/configs/syntax_tree.lua , size = 0.962 KB
[12:25:42.303][info] [#0:script\workspace\loading.lua:100]: Preload file at: file:///c%3A/Users/downloader/AppData/Local/nvim-data/lazy/nvim-lspconfig/lua/lspconfig/configs/systemd_ls.lua , size = 0.815 KB
[12:25:42.304][info] [#0:script\workspace\loading.lua:100]: Preload file at: file:///c%3A/Users/downloader/AppData/Local/nvim-data/lazy/nvim-lspconfig/lua/lspconfig/configs/tabby_ml.lua , size = 0.849 KB
[12:25:42.304][info] [#0:script\workspace\loading.lua:100]: Preload file at: file:///c%3A/Users/downloader/AppData/Local/nvim-data/lazy/nvim-lspconfig/lua/lspconfig/configs/tailwindcss.lua , size = 3.131 KB
[12:25:42.305][info] [#0:script\workspace\loading.lua:100]: Preload file at: file:///c%3A/Users/downloader/AppData/Local/nvim-data/lazy/nvim-lspconfig/lua/lspconfig/configs/taplo.lua , size = 0.824 KB
[12:25:42.305][info] [#0:script\workspace\loading.lua:100]: Preload file at: file:///c%3A/Users/downloader/AppData/Local/nvim-data/lazy/nvim-lspconfig/lua/lspconfig/configs/tblgen_lsp_server.lua , size = 1.290 KB
[12:25:42.306][info] [#0:script\workspace\loading.lua:100]: Preload file at: file:///c%3A/Users/downloader/AppData/Local/nvim-data/lazy/nvim-lspconfig/lua/lspconfig/configs/teal_ls.lua , size = 1.030 KB
[12:25:42.306][info] [#0:script\workspace\loading.lua:100]: Preload file at: file:///c%3A/Users/downloader/AppData/Local/nvim-data/lazy/nvim-lspconfig/lua/lspconfig/configs/templ.lua , size = 0.692 KB
[12:25:42.307][info] [#0:script\workspace\loading.lua:100]: Preload file at: file:///c%3A/Users/downloader/AppData/Local/nvim-data/lazy/nvim-lspconfig/lua/lspconfig/configs/terraformls.lua , size = 2.094 KB
[12:25:42.307][info] [#0:script\workspace\loading.lua:100]: Preload file at: file:///c%3A/Users/downloader/AppData/Local/nvim-data/lazy/nvim-lspconfig/lua/lspconfig/configs/terraform_lsp.lua , size = 1.658 KB
[12:25:42.308][info] [#0:script\workspace\loading.lua:100]: Preload file at: file:///c%3A/Users/downloader/AppData/Local/nvim-data/lazy/nvim-lspconfig/lua/lspconfig/configs/texlab.lua , size = 7.394 KB
[12:25:42.311][info] [#0:script\workspace\loading.lua:100]: Preload file at: file:///c%3A/Users/downloader/AppData/Local/nvim-data/lazy/nvim-lspconfig/lua/lspconfig/configs/textlsp.lua , size = 1.800 KB
[12:25:42.311][info] [#0:script\workspace\loading.lua:100]: Preload file at: file:///c%3A/Users/downloader/AppData/Local/nvim-data/lazy/nvim-lspconfig/lua/lspconfig/configs/tflint.lua , size = 0.780 KB
[12:25:42.312][info] [#0:script\workspace\loading.lua:100]: Preload file at: file:///c%3A/Users/downloader/AppData/Local/nvim-data/lazy/nvim-lspconfig/lua/lspconfig/configs/theme_check.lua , size = 0.979 KB
[12:25:42.312][info] [#0:script\workspace\loading.lua:100]: Preload file at: file:///c%3A/Users/downloader/AppData/Local/nvim-data/lazy/nvim-lspconfig/lua/lspconfig/configs/thriftls.lua , size = 0.713 KB
[12:25:42.313][info] [#0:script\workspace\loading.lua:100]: Preload file at: file:///c%3A/Users/downloader/AppData/Local/nvim-data/lazy/nvim-lspconfig/lua/lspconfig/configs/tilt_ls.lua , size = 0.781 KB
[12:25:42.313][info] [#0:script\workspace\loading.lua:100]: Preload file at: file:///c%3A/Users/downloader/AppData/Local/nvim-data/lazy/nvim-lspconfig/lua/lspconfig/configs/tinymist.lua , size = 3.747 KB
[12:25:42.314][info] [#0:script\workspace\loading.lua:100]: Preload file at: file:///c%3A/Users/downloader/AppData/Local/nvim-data/lazy/nvim-lspconfig/lua/lspconfig/configs/tsp_server.lua , size = 0.814 KB
[12:25:42.315][info] [#0:script\workspace\loading.lua:100]: Preload file at: file:///c%3A/Users/downloader/AppData/Local/nvim-data/lazy/nvim-lspconfig/lua/lspconfig/configs/ts_ls.lua , size = 2.566 KB
[12:25:42.315][info] [#0:script\workspace\loading.lua:100]: Preload file at: file:///c%3A/Users/downloader/AppData/Local/nvim-data/lazy/nvim-lspconfig/lua/lspconfig/configs/ts_query_ls.lua , size = 1.354 KB
[12:25:42.316][info] [#0:script\workspace\loading.lua:100]: Preload file at: file:///c%3A/Users/downloader/AppData/Local/nvim-data/lazy/nvim-lspconfig/lua/lspconfig/configs/ttags.lua , size = 0.608 KB
[12:25:42.316][info] [#0:script\workspace\loading.lua:100]: Preload file at: file:///c%3A/Users/downloader/AppData/Local/nvim-data/lazy/nvim-lspconfig/lua/lspconfig/configs/turbo_ls.lua , size = 0.778 KB
[12:25:42.316][info] [#0:script\workspace\loading.lua:100]: Preload file at: file:///c%3A/Users/downloader/AppData/Local/nvim-data/lazy/nvim-lspconfig/lua/lspconfig/configs/turtle_ls.lua , size = 1.626 KB
[12:25:42.317][info] [#0:script\workspace\loading.lua:100]: Preload file at: file:///c%3A/Users/downloader/AppData/Local/nvim-data/lazy/nvim-lspconfig/lua/lspconfig/configs/tvm_ffi_navigator.lua , size = 0.879 KB
[12:25:42.318][info] [#0:script\workspace\loading.lua:100]: Preload file at: file:///c%3A/Users/downloader/AppData/Local/nvim-data/lazy/nvim-lspconfig/lua/lspconfig/configs/twiggy_language_server.lua , size = 0.741 KB
[12:25:42.318][info] [#0:script\workspace\loading.lua:100]: Preload file at: file:///c%3A/Users/downloader/AppData/Local/nvim-data/lazy/nvim-lspconfig/lua/lspconfig/configs/typeprof.lua , size = 0.675 KB
[12:25:42.318][info] [#0:script\workspace\loading.lua:100]: Preload file at: file:///c%3A/Users/downloader/AppData/Local/nvim-data/lazy/nvim-lspconfig/lua/lspconfig/configs/typos_lsp.lua , size = 0.907 KB
[12:25:42.319][info] [#0:script\workspace\loading.lua:100]: Preload file at: file:///c%3A/Users/downloader/AppData/Local/nvim-data/lazy/nvim-lspconfig/lua/lspconfig/configs/typst_lsp.lua , size = 0.680 KB
[12:25:42.319][info] [#0:script\workspace\loading.lua:100]: Preload file at: file:///c%3A/Users/downloader/AppData/Local/nvim-data/lazy/nvim-lspconfig/lua/lspconfig/configs/uiua.lua , size = 0.827 KB
[12:25:42.319][info] [#0:script\workspace\loading.lua:100]: Preload file at: file:///c%3A/Users/downloader/AppData/Local/nvim-data/lazy/nvim-lspconfig/lua/lspconfig/configs/ungrammar_languageserver.lua , size = 0.990 KB
[12:25:42.320][info] [#0:script\workspace\loading.lua:100]: Preload file at: file:///c%3A/Users/downloader/AppData/Local/nvim-data/lazy/nvim-lspconfig/lua/lspconfig/configs/unison.lua , size = 0.681 KB
[12:25:42.320][info] [#0:script\workspace\loading.lua:100]: Preload file at: file:///c%3A/Users/downloader/AppData/Local/nvim-data/lazy/nvim-lspconfig/lua/lspconfig/configs/unocss.lua , size = 1.302 KB
[12:25:42.321][info] [#0:script\workspace\loading.lua:100]: Preload file at: file:///c%3A/Users/downloader/AppData/Local/nvim-data/lazy/nvim-lspconfig/lua/lspconfig/configs/uvls.lua , size = 0.982 KB
[12:25:42.321][info] [#0:script\workspace\loading.lua:100]: Preload file at: file:///c%3A/Users/downloader/AppData/Local/nvim-data/lazy/nvim-lspconfig/lua/lspconfig/configs/vacuum.lua , size = 1.096 KB
[12:25:42.322][info] [#0:script\workspace\loading.lua:100]: Preload file at: file:///c%3A/Users/downloader/AppData/Local/nvim-data/lazy/nvim-lspconfig/lua/lspconfig/configs/vala_ls.lua , size = 1.229 KB
[12:25:42.322][info] [#0:script\workspace\loading.lua:100]: Preload file at: file:///c%3A/Users/downloader/AppData/Local/nvim-data/lazy/nvim-lspconfig/lua/lspconfig/configs/vale_ls.lua , size = 0.719 KB
[12:25:42.323][info] [#0:script\workspace\loading.lua:100]: Preload file at: file:///c%3A/Users/downloader/AppData/Local/nvim-data/lazy/nvim-lspconfig/lua/lspconfig/configs/vdmj.lua , size = 4.028 KB
[12:25:42.324][info] [#0:script\workspace\loading.lua:100]: Preload file at: file:///c%3A/Users/downloader/AppData/Local/nvim-data/lazy/nvim-lspconfig/lua/lspconfig/configs/vectorcode_server.lua , size = 0.677 KB
[12:25:42.324][info] [#0:script\workspace\loading.lua:100]: Preload file at: file:///c%3A/Users/downloader/AppData/Local/nvim-data/lazy/nvim-lspconfig/lua/lspconfig/configs/verible.lua , size = 0.938 KB
[12:25:42.325][info] [#0:script\workspace\loading.lua:100]: Preload file at: file:///c%3A/Users/downloader/AppData/Local/nvim-data/lazy/nvim-lspconfig/lua/lspconfig/configs/veridian.lua , size = 1.001 KB
[12:25:42.325][info] [#0:script\workspace\loading.lua:100]: Preload file at: file:///c%3A/Users/downloader/AppData/Local/nvim-data/lazy/nvim-lspconfig/lua/lspconfig/configs/veryl_ls.lua , size = 0.722 KB
[12:25:42.326][info] [#0:script\workspace\loading.lua:100]: Preload file at: file:///c%3A/Users/downloader/AppData/Local/nvim-data/lazy/nvim-lspconfig/lua/lspconfig/configs/vhdl_ls.lua , size = 1.435 KB
[12:25:42.326][info] [#0:script\workspace\loading.lua:100]: Preload file at: file:///c%3A/Users/downloader/AppData/Local/nvim-data/lazy/nvim-lspconfig/lua/lspconfig/configs/vimls.lua , size = 1.176 KB
[12:25:42.327][info] [#0:script\workspace\loading.lua:100]: Preload file at: file:///c%3A/Users/downloader/AppData/Local/nvim-data/lazy/nvim-lspconfig/lua/lspconfig/configs/visualforce_ls.lua , size = 1.186 KB
[12:25:42.327][info] [#0:script\workspace\loading.lua:100]: Preload file at: file:///c%3A/Users/downloader/AppData/Local/nvim-data/lazy/nvim-lspconfig/lua/lspconfig/configs/vls.lua , size = 0.714 KB
[12:25:42.327][info] [#0:script\workspace\loading.lua:100]: Preload file at: file:///c%3A/Users/downloader/AppData/Local/nvim-data/lazy/nvim-lspconfig/lua/lspconfig/configs/volar.lua , size = 3.182 KB
[12:25:42.328][info] [#0:script\workspace\loading.lua:100]: Preload file at: file:///c%3A/Users/downloader/AppData/Local/nvim-data/lazy/nvim-lspconfig/lua/lspconfig/configs/vscoqtop.lua , size = 0.734 KB
[12:25:42.328][info] [#0:script\workspace\loading.lua:100]: Preload file at: file:///c%3A/Users/downloader/AppData/Local/nvim-data/lazy/nvim-lspconfig/lua/lspconfig/configs/vtsls.lua , size = 1.095 KB
[12:25:42.329][info] [#0:script\workspace\loading.lua:100]: Preload file at: file:///c%3A/Users/downloader/AppData/Local/nvim-data/lazy/nvim-lspconfig/lua/lspconfig/configs/vuels.lua , size = 1.569 KB
[12:25:42.329][info] [#0:script\workspace\loading.lua:100]: Preload file at: file:///c%3A/Users/downloader/AppData/Local/nvim-data/lazy/nvim-lspconfig/lua/lspconfig/configs/v_analyzer.lua , size = 0.728 KB
[12:25:42.329][info] [#0:script\workspace\loading.lua:100]: Preload file at: file:///c%3A/Users/downloader/AppData/Local/nvim-data/lazy/nvim-lspconfig/lua/lspconfig/configs/wasm_language_tools.lua , size = 0.735 KB
[12:25:42.330][info] [#0:script\workspace\loading.lua:100]: Preload file at: file:///c%3A/Users/downloader/AppData/Local/nvim-data/lazy/nvim-lspconfig/lua/lspconfig/configs/wgsl_analyzer.lua , size = 0.739 KB
[12:25:42.330][info] [#0:script\workspace\loading.lua:100]: Preload file at: file:///c%3A/Users/downloader/AppData/Local/nvim-data/lazy/nvim-lspconfig/lua/lspconfig/configs/yamlls.lua , size = 2.889 KB
[12:25:42.331][info] [#0:script\workspace\loading.lua:100]: Preload file at: file:///c%3A/Users/downloader/AppData/Local/nvim-data/lazy/nvim-lspconfig/lua/lspconfig/configs/yang_lsp.lua , size = 0.681 KB
[12:25:42.331][info] [#0:script\workspace\loading.lua:100]: Preload file at: file:///c%3A/Users/downloader/AppData/Local/nvim-data/lazy/nvim-lspconfig/lua/lspconfig/configs/yls.lua , size = 0.851 KB
[12:25:42.331][info] [#0:script\workspace\loading.lua:100]: Preload file at: file:///c%3A/Users/downloader/AppData/Local/nvim-data/lazy/nvim-lspconfig/lua/lspconfig/configs/ziggy.lua , size = 0.718 KB
[12:25:42.332][info] [#0:script\workspace\loading.lua:100]: Preload file at: file:///c%3A/Users/downloader/AppData/Local/nvim-data/lazy/nvim-lspconfig/lua/lspconfig/configs/ziggy_schema.lua , size = 0.752 KB
[12:25:42.332][info] [#0:script\workspace\loading.lua:100]: Preload file at: file:///c%3A/Users/downloader/AppData/Local/nvim-data/lazy/nvim-lspconfig/lua/lspconfig/configs/zk.lua , size = 2.082 KB
[12:25:42.333][info] [#0:script\workspace\loading.lua:100]: Preload file at: file:///c%3A/Users/downloader/AppData/Local/nvim-data/lazy/nvim-lspconfig/lua/lspconfig/configs/zls.lua , size = 0.892 KB
[12:25:42.334][info] [#0:script\workspace\loading.lua:88]: Skip loaded file: file:///c%3A/Users/downloader/AppData/Local/nvim-data/lazy/nvim-treesitter/lua/nvim-treesitter/async.lua
[12:25:42.334][info] [#0:script\workspace\loading.lua:88]: Skip loaded file: file:///c%3A/Users/downloader/AppData/Local/nvim-data/lazy/nvim-treesitter/lua/nvim-treesitter/config.lua
[12:25:42.334][info] [#0:script\workspace\loading.lua:88]: Skip loaded file: file:///c%3A/Users/downloader/AppData/Local/nvim-data/lazy/nvim-treesitter/lua/nvim-treesitter/health.lua
[12:25:42.334][info] [#0:script\workspace\loading.lua:100]: Preload file at: file:///c%3A/Users/downloader/AppData/Local/nvim-data/lazy/nvim-lspconfig/lua/lspconfig/configs.lua , size = 9.303 KB
[12:25:42.337][info] [#0:script\workspace\loading.lua:100]: Preload file at: file:///c%3A/Users/downloader/AppData/Local/nvim-data/lazy/nvim-lspconfig/lua/lspconfig/health.lua , size = 11.497 KB
[12:25:42.342][info] [#0:script\workspace\loading.lua:100]: Preload file at: file:///c%3A/Users/downloader/AppData/Local/nvim-data/lazy/nvim-lspconfig/lua/lspconfig/manager.lua , size = 6.464 KB
[12:25:42.345][info] [#0:script\workspace\loading.lua:100]: Preload file at: file:///c%3A/Users/downloader/AppData/Local/nvim-data/lazy/nvim-lspconfig/lua/lspconfig/ui/windows.lua , size = 0.168 KB
[12:25:42.345][info] [#0:script\workspace\loading.lua:100]: Preload file at: file:///c%3A/Users/downloader/AppData/Local/nvim-data/lazy/nvim-lspconfig/lua/lspconfig/util.lua , size = 12.171 KB
[12:25:42.350][info] [#0:script\workspace\loading.lua:100]: Preload file at: file:///c%3A/Users/downloader/AppData/Local/nvim-data/lazy/nvim-lspconfig/lua/lspconfig.lua , size = 3.004 KB
[12:25:42.352][info] [#0:script\workspace\loading.lua:100]: Preload file at: file:///c%3A/Users/downloader/AppData/Local/nvim-data/lazy/nvim-lspconfig/plugin/lspconfig.lua , size = 7.845 KB
[12:25:42.355][info] [#0:script\workspace\loading.lua:100]: Preload file at: file:///c%3A/Users/downloader/AppData/Local/nvim-data/lazy/nvim-lspconfig/scripts/docgen.lua , size = 7.842 KB
[12:25:42.359][info] [#0:script\workspace\loading.lua:100]: Preload file at: file:///c%3A/Users/downloader/AppData/Local/nvim-data/lazy/nvim-lspconfig/test/lspconfig_spec.lua , size = 4.557 KB
[12:25:42.360][info] [#0:script\workspace\loading.lua:88]: Skip loaded file: file:///c%3A/Users/downloader/AppData/Local/nvim-data/lazy/nvim-treesitter/lua/nvim-treesitter/indent.lua
[12:25:42.360][info] [#0:script\workspace\loading.lua:88]: Skip loaded file: file:///c%3A/Users/downloader/AppData/Local/nvim-data/lazy/nvim-treesitter/lua/nvim-treesitter/init.lua
[12:25:42.360][info] [#0:script\workspace\loading.lua:88]: Skip loaded file: file:///c%3A/Users/downloader/AppData/Local/nvim-data/lazy/nvim-treesitter/lua/nvim-treesitter/install.lua
[12:25:42.360][info] [#0:script\workspace\loading.lua:88]: Skip loaded file: file:///c%3A/Users/downloader/AppData/Local/nvim-data/lazy/nvim-treesitter/lua/nvim-treesitter/log.lua
[12:25:42.360][info] [#0:script\workspace\loading.lua:88]: Skip loaded file: file:///c%3A/Users/downloader/AppData/Local/nvim-data/lazy/nvim-treesitter/lua/nvim-treesitter/parsers.lua
[12:25:42.360][info] [#0:script\workspace\loading.lua:88]: Skip loaded file: file:///c%3A/Users/downloader/AppData/Local/nvim-data/lazy/nvim-treesitter/lua/nvim-treesitter/util.lua
[12:25:42.360][info] [#0:script\workspace\loading.lua:88]: Skip loaded file: file:///c%3A/Users/downloader/AppData/Local/nvim-data/lazy/nvim-treesitter/lua/nvim-treesitter/_meta/parsers.lua
[12:25:42.360][info] [#0:script\workspace\loading.lua:100]: Preload file at: file:///c%3A/Users/downloader/AppData/Local/nvim-data/lazy/nvim-treesitter/plugin/filetypes.lua , size = 1.916 KB
[12:25:42.361][info] [#0:script\workspace\loading.lua:100]: Preload file at: file:///c%3A/Users/downloader/AppData/Local/nvim-data/lazy/nvim-treesitter/plugin/nvim-treesitter.lua , size = 1.818 KB
[12:25:42.362][info] [#0:script\workspace\loading.lua:100]: Preload file at: file:///c%3A/Users/downloader/AppData/Local/nvim-data/lazy/nvim-treesitter/plugin/query_predicates.lua , size = 1.062 KB
[12:25:42.363][info] [#0:script\workspace\loading.lua:100]: Preload file at: file:///c%3A/Users/downloader/AppData/Local/nvim-data/lazy/nvim-treesitter/scripts/check-parsers.lua , size = 1.113 KB
[12:25:42.364][info] [#0:script\workspace\loading.lua:100]: Preload file at: file:///c%3A/Users/downloader/AppData/Local/nvim-data/lazy/nvim-treesitter/scripts/check-queries.lua , size = 1.730 KB
[12:25:42.365][info] [#0:script\workspace\loading.lua:100]: Preload file at: file:///c%3A/Users/downloader/AppData/Local/nvim-data/lazy/nvim-treesitter/scripts/install-parsers.lua , size = 0.884 KB
[12:25:42.365][info] [#0:script\workspace\loading.lua:100]: Preload file at: file:///c%3A/Users/downloader/AppData/Local/nvim-data/lazy/nvim-treesitter/scripts/minimal_init.lua , size = 0.583 KB
[12:25:42.366][info] [#0:script\workspace\loading.lua:100]: Preload file at: file:///c%3A/Users/downloader/AppData/Local/nvim-data/lazy/nvim-treesitter/scripts/update-parsers.lua , size = 2.870 KB
[12:25:42.368][info] [#0:script\workspace\loading.lua:100]: Preload file at: file:///c%3A/Users/downloader/AppData/Local/nvim-data/lazy/nvim-treesitter/scripts/update-readme.lua , size = 2.316 KB
[12:25:42.369][info] [#0:script\workspace\loading.lua:100]: Preload file at: file:///c%3A/Users/downloader/AppData/Local/nvim-data/lazy/nvim-treesitter/tests/indent/algorithm_spec.lua , size = 0.876 KB
[12:25:42.369][info] [#0:script\workspace\loading.lua:100]: Preload file at: file:///c%3A/Users/downloader/AppData/Local/nvim-data/lazy/nvim-treesitter/tests/indent/angular_spec.lua , size = 1.415 KB
[12:25:42.370][info] [#0:script\workspace\loading.lua:100]: Preload file at: file:///c%3A/Users/downloader/AppData/Local/nvim-data/lazy/nvim-treesitter/tests/indent/bash_spec.lua , size = 1.584 KB
[12:25:42.371][info] [#0:script\workspace\loading.lua:100]: Preload file at: file:///c%3A/Users/downloader/AppData/Local/nvim-data/lazy/nvim-treesitter/tests/indent/capnp_spec.lua , size = 1.145 KB
[12:25:42.372][info] [#0:script\workspace\loading.lua:100]: Preload file at: file:///c%3A/Users/downloader/AppData/Local/nvim-data/lazy/nvim-treesitter/tests/indent/common.lua , size = 6.460 KB
[12:25:42.375][info] [#0:script\workspace\loading.lua:100]: Preload file at: file:///c%3A/Users/downloader/AppData/Local/nvim-data/lazy/nvim-treesitter/tests/indent/cpp_spec.lua , size = 2.432 KB
[12:25:42.376][info] [#0:script\workspace\loading.lua:100]: Preload file at: file:///c%3A/Users/downloader/AppData/Local/nvim-data/lazy/nvim-treesitter/tests/indent/css_spec.lua , size = 0.600 KB
[12:25:42.376][info] [#0:script\workspace\loading.lua:100]: Preload file at: file:///c%3A/Users/downloader/AppData/Local/nvim-data/lazy/nvim-treesitter/tests/indent/c_spec.lua , size = 3.688 KB
[12:25:42.378][info] [#0:script\workspace\loading.lua:100]: Preload file at: file:///c%3A/Users/downloader/AppData/Local/nvim-data/lazy/nvim-treesitter/tests/indent/dart_spec.lua , size = 1.779 KB
[12:25:42.379][info] [#0:script\workspace\loading.lua:100]: Preload file at: file:///c%3A/Users/downloader/AppData/Local/nvim-data/lazy/nvim-treesitter/tests/indent/dot_spec.lua , size = 0.814 KB
[12:25:42.379][info] [#0:script\workspace\loading.lua:100]: Preload file at: file:///c%3A/Users/downloader/AppData/Local/nvim-data/lazy/nvim-treesitter/tests/indent/gdscript_spec.lua , size = 0.460 KB
[12:25:42.380][info] [#0:script\workspace\loading.lua:100]: Preload file at: file:///c%3A/Users/downloader/AppData/Local/nvim-data/lazy/nvim-treesitter/tests/indent/gleam_spec.lua , size = 7.649 KB
[12:25:42.383][info] [#0:script\workspace\loading.lua:100]: Preload file at: file:///c%3A/Users/downloader/AppData/Local/nvim-data/lazy/nvim-treesitter/tests/indent/go_spec.lua , size = 0.769 KB
[12:25:42.384][info] [#0:script\workspace\loading.lua:100]: Preload file at: file:///c%3A/Users/downloader/AppData/Local/nvim-data/lazy/nvim-treesitter/tests/indent/graphql_spec.lua , size = 0.418 KB
[12:25:42.384][info] [#0:script\workspace\loading.lua:100]: Preload file at: file:///c%3A/Users/downloader/AppData/Local/nvim-data/lazy/nvim-treesitter/tests/indent/html_spec.lua , size = 1.430 KB
[12:25:42.385][info] [#0:script\workspace\loading.lua:100]: Preload file at: file:///c%3A/Users/downloader/AppData/Local/nvim-data/lazy/nvim-treesitter/tests/indent/javascript_spec.lua , size = 3.393 KB
[12:25:42.387][info] [#0:script\workspace\loading.lua:100]: Preload file at: file:///c%3A/Users/downloader/AppData/Local/nvim-data/lazy/nvim-treesitter/tests/indent/java_spec.lua , size = 1.761 KB
[12:25:42.387][info] [#0:script\workspace\loading.lua:100]: Preload file at: file:///c%3A/Users/downloader/AppData/Local/nvim-data/lazy/nvim-treesitter/tests/indent/jsx_spec.lua , size = 1.033 KB
[12:25:42.388][info] [#0:script\workspace\loading.lua:100]: Preload file at: file:///c%3A/Users/downloader/AppData/Local/nvim-data/lazy/nvim-treesitter/tests/indent/julia_spec.lua , size = 0.375 KB
[12:25:42.388][info] [#0:script\workspace\loading.lua:100]: Preload file at: file:///c%3A/Users/downloader/AppData/Local/nvim-data/lazy/nvim-treesitter/tests/indent/lua/comment.lua , size = 0.049 KB
[12:25:42.389][info] [#0:script\workspace\loading.lua:100]: Preload file at: file:///c%3A/Users/downloader/AppData/Local/nvim-data/lazy/nvim-treesitter/tests/indent/lua/cond.lua , size = 0.124 KB
[12:25:42.389][info] [#0:script\workspace\loading.lua:100]: Preload file at: file:///c%3A/Users/downloader/AppData/Local/nvim-data/lazy/nvim-treesitter/tests/indent/lua/func.lua , size = 0.126 KB
[12:25:42.389][info] [#0:script\workspace\loading.lua:100]: Preload file at: file:///c%3A/Users/downloader/AppData/Local/nvim-data/lazy/nvim-treesitter/tests/indent/lua/loop.lua , size = 0.116 KB
[12:25:42.389][info] [#0:script\workspace\loading.lua:100]: Preload file at: file:///c%3A/Users/downloader/AppData/Local/nvim-data/lazy/nvim-treesitter/tests/indent/lua/method_index_expr.lua , size = 0.031 KB
[12:25:42.389][info] [#0:script\workspace\loading.lua:100]: Preload file at: file:///c%3A/Users/downloader/AppData/Local/nvim-data/lazy/nvim-treesitter/tests/indent/lua/nested-table.lua , size = 0.043 KB
[12:25:42.390][info] [#0:script\workspace\loading.lua:100]: Preload file at: file:///c%3A/Users/downloader/AppData/Local/nvim-data/lazy/nvim-treesitter/tests/indent/lua/no-indent-after-paren-pairs.lua , size = 0.063 KB
[12:25:42.390][info] [#0:script\workspace\loading.lua:100]: Preload file at: file:///c%3A/Users/downloader/AppData/Local/nvim-data/lazy/nvim-treesitter/tests/indent/lua/string.lua , size = 0.058 KB
[12:25:42.390][info] [#0:script\workspace\loading.lua:100]: Preload file at: file:///c%3A/Users/downloader/AppData/Local/nvim-data/lazy/nvim-treesitter/tests/indent/lua/table.lua , size = 0.094 KB
[12:25:42.390][info] [#0:script\workspace\loading.lua:100]: Preload file at: file:///c%3A/Users/downloader/AppData/Local/nvim-data/lazy/nvim-treesitter/tests/indent/lua_spec.lua , size = 2.649 KB
[12:25:42.392][info] [#0:script\workspace\loading.lua:100]: Preload file at: file:///c%3A/Users/downloader/AppData/Local/nvim-data/lazy/nvim-treesitter/tests/indent/meson_spec.lua , size = 1.041 KB
[12:25:42.393][info] [#0:script\workspace\loading.lua:100]: Preload file at: file:///c%3A/Users/downloader/AppData/Local/nvim-data/lazy/nvim-treesitter/tests/indent/nickel_spec.lua , size = 0.977 KB
[12:25:42.393][info] [#0:script\workspace\loading.lua:100]: Preload file at: file:///c%3A/Users/downloader/AppData/Local/nvim-data/lazy/nvim-treesitter/tests/indent/nix_spec.lua , size = 0.843 KB
[12:25:42.394][info] [#0:script\workspace\loading.lua:100]: Preload file at: file:///c%3A/Users/downloader/AppData/Local/nvim-data/lazy/nvim-treesitter/tests/indent/nu_spec.lua , size = 0.369 KB
[12:25:42.394][info] [#0:script\workspace\loading.lua:100]: Preload file at: file:///c%3A/Users/downloader/AppData/Local/nvim-data/lazy/nvim-treesitter/tests/indent/php_spec.lua , size = 4.657 KB
[12:25:42.396][info] [#0:script\workspace\loading.lua:100]: Preload file at: file:///c%3A/Users/downloader/AppData/Local/nvim-data/lazy/nvim-treesitter/tests/indent/python_spec.lua , size = 6.047 KB
[12:25:42.398][info] [#0:script\workspace\loading.lua:100]: Preload file at: file:///c%3A/Users/downloader/AppData/Local/nvim-data/lazy/nvim-treesitter/tests/indent/ql_spec.lua , size = 0.562 KB
[12:25:42.399][info] [#0:script\workspace\loading.lua:100]: Preload file at: file:///c%3A/Users/downloader/AppData/Local/nvim-data/lazy/nvim-treesitter/tests/indent/query_spec.lua , size = 1.183 KB
[12:25:42.399][info] [#0:script\workspace\loading.lua:100]: Preload file at: file:///c%3A/Users/downloader/AppData/Local/nvim-data/lazy/nvim-treesitter/tests/indent/rescript_spec.lua , size = 1.383 KB
[12:25:42.400][info] [#0:script\workspace\loading.lua:100]: Preload file at: file:///c%3A/Users/downloader/AppData/Local/nvim-data/lazy/nvim-treesitter/tests/indent/ruby_spec.lua , size = 0.774 KB
[12:25:42.401][info] [#0:script\workspace\loading.lua:100]: Preload file at: file:///c%3A/Users/downloader/AppData/Local/nvim-data/lazy/nvim-treesitter/tests/indent/rust_spec.lua , size = 4.069 KB
[12:25:42.403][info] [#0:script\workspace\loading.lua:100]: Preload file at: file:///c%3A/Users/downloader/AppData/Local/nvim-data/lazy/nvim-treesitter/tests/indent/r_spec.lua , size = 1.741 KB
[12:25:42.404][info] [#0:script\workspace\loading.lua:100]: Preload file at: file:///c%3A/Users/downloader/AppData/Local/nvim-data/lazy/nvim-treesitter/tests/indent/smali_spec.lua , size = 1.021 KB
[12:25:42.404][info] [#0:script\workspace\loading.lua:100]: Preload file at: file:///c%3A/Users/downloader/AppData/Local/nvim-data/lazy/nvim-treesitter/tests/indent/snakemake_spec.lua , size = 1.910 KB
[12:25:42.405][info] [#0:script\workspace\loading.lua:100]: Preload file at: file:///c%3A/Users/downloader/AppData/Local/nvim-data/lazy/nvim-treesitter/tests/indent/sql_spec.lua , size = 0.410 KB
[12:25:42.405][info] [#0:script\workspace\loading.lua:100]: Preload file at: file:///c%3A/Users/downloader/AppData/Local/nvim-data/lazy/nvim-treesitter/tests/indent/sway_spec.lua , size = 0.650 KB
[12:25:42.406][info] [#0:script\workspace\loading.lua:100]: Preload file at: file:///c%3A/Users/downloader/AppData/Local/nvim-data/lazy/nvim-treesitter/tests/indent/swift_spec.lua , size = 1.024 KB
[12:25:42.406][info] [#0:script\workspace\loading.lua:100]: Preload file at: file:///c%3A/Users/downloader/AppData/Local/nvim-data/lazy/nvim-treesitter/tests/indent/t32_spec.lua , size = 3.900 KB
[12:25:42.408][info] [#0:script\workspace\loading.lua:100]: Preload file at: file:///c%3A/Users/downloader/AppData/Local/nvim-data/lazy/nvim-treesitter/tests/indent/terraform_spec.lua , size = 2.020 KB
[12:25:42.409][info] [#0:script\workspace\loading.lua:100]: Preload file at: file:///c%3A/Users/downloader/AppData/Local/nvim-data/lazy/nvim-treesitter/tests/indent/tiger_spec.lua , size = 6.589 KB
[12:25:42.411][info] [#0:script\workspace\loading.lua:100]: Preload file at: file:///c%3A/Users/downloader/AppData/Local/nvim-data/lazy/nvim-treesitter/tests/indent/usd_spec.lua , size = 0.527 KB
[12:25:42.411][info] [#0:script\workspace\loading.lua:100]: Preload file at: file:///c%3A/Users/downloader/AppData/Local/nvim-data/lazy/nvim-treesitter/tests/indent/vue_spec.lua , size = 0.613 KB
[12:25:42.412][info] [#0:script\workspace\loading.lua:100]: Preload file at: file:///c%3A/Users/downloader/AppData/Local/nvim-data/lazy/nvim-treesitter/tests/indent/wgsl_spec.lua , size = 1.246 KB
[12:25:42.412][info] [#0:script\workspace\loading.lua:100]: Preload file at: file:///c%3A/Users/downloader/AppData/Local/nvim-data/lazy/nvim-treesitter/tests/indent/yaml_spec.lua , size = 0.576 KB
[12:25:42.413][info] [#0:script\workspace\loading.lua:100]: Preload file at: file:///c%3A/Users/downloader/AppData/Local/nvim-data/lazy/nvim-treesitter/tests/indent/yang_spec.lua , size = 0.704 KB
[12:25:42.413][info] [#0:script\workspace\loading.lua:100]: Preload file at: file:///c%3A/Users/downloader/AppData/Local/nvim-data/lazy/nvim-treesitter/tests/indent/yuck_spec.lua , size = 0.500 KB
[12:25:42.414][info] [#0:script\workspace\loading.lua:100]: Preload file at: file:///c%3A/Users/downloader/AppData/Local/nvim-data/lazy/nvim-treesitter/tests/indent/zig_spec.lua , size = 0.561 KB
[12:25:42.414][info] [#0:script\workspace\loading.lua:100]: Preload file at: file:///c%3A/Users/downloader/AppData/Local/nvim-data/lazy/nvim-treesitter/tests/query/highlights/lua/test.lua , size = 0.360 KB
[12:25:42.414][info] [#0:script\workspace\loading.lua:100]: Preload file at: file:///c%3A/Users/downloader/AppData/Local/nvim-data/lazy/nvim-treesitter/tests/query/highlights_spec.lua , size = 2.646 KB
[12:25:42.416][info] [#0:script\workspace\loading.lua:100]: Preload file at: file:///c%3A/Users/downloader/AppData/Local/nvim-data/lazy/nvim-treesitter/tests/query/injection_spec.lua , size = 2.116 KB
[12:25:42.417][info] [#0:script\workspace\loading.lua:100]: Preload file at: file:///c%3A/Users/downloader/AppData/Local/nvim-data/lazy/pkg-cache.lua , size = 0.415 KB
[12:25:42.417][info] [#0:script\workspace\loading.lua:100]: Preload file at: file:///c%3A/Users/downloader/AppData/Local/nvim-data/lazy/plenary.nvim/data/plenary/filetypes/base.lua , size = 23.011 KB
[12:25:42.423][info] [#0:script\workspace\loading.lua:100]: Preload file at: file:///c%3A/Users/downloader/AppData/Local/nvim-data/lazy/plenary.nvim/data/plenary/filetypes/builtin.lua , size = 1.677 KB
[12:25:42.424][info] [#0:script\workspace\loading.lua:100]: Preload file at: file:///c%3A/Users/downloader/AppData/Local/nvim-data/lazy/plenary.nvim/lua/luassert/array.lua , size = 2.443 KB
[12:25:42.425][info] [#0:script\workspace\loading.lua:100]: Preload file at: file:///c%3A/Users/downloader/AppData/Local/nvim-data/lazy/plenary.nvim/lua/luassert/assert.lua , size = 4.762 KB
[12:25:42.427][info] [#0:script\workspace\loading.lua:100]: Preload file at: file:///c%3A/Users/downloader/AppData/Local/nvim-data/lazy/plenary.nvim/lua/luassert/assertions.lua , size = 14.024 KB
[12:25:42.432][info] [#0:script\workspace\loading.lua:100]: Preload file at: file:///c%3A/Users/downloader/AppData/Local/nvim-data/lazy/plenary.nvim/lua/luassert/compatibility.lua , size = 0.291 KB
[12:25:42.432][info] [#0:script\workspace\loading.lua:100]: Preload file at: file:///c%3A/Users/downloader/AppData/Local/nvim-data/lazy/plenary.nvim/lua/luassert/formatters/binarystring.lua , size = 0.760 KB
[12:25:42.433][info] [#0:script\workspace\loading.lua:100]: Preload file at: file:///c%3A/Users/downloader/AppData/Local/nvim-data/lazy/plenary.nvim/lua/luassert/formatters/init.lua , size = 6.502 KB
[12:25:42.436][info] [#0:script\workspace\loading.lua:100]: Preload file at: file:///c%3A/Users/downloader/AppData/Local/nvim-data/lazy/plenary.nvim/lua/luassert/init.lua , size = 0.498 KB
[12:25:42.437][info] [#0:script\workspace\loading.lua:100]: Preload file at: file:///c%3A/Users/downloader/AppData/Local/nvim-data/lazy/plenary.nvim/lua/luassert/languages/en.lua , size = 3.159 KB
[12:25:42.438][info] [#0:script\workspace\loading.lua:100]: Preload file at: file:///c%3A/Users/downloader/AppData/Local/nvim-data/lazy/plenary.nvim/lua/luassert/match.lua , size = 1.870 KB
[12:25:42.438][info] [#0:script\workspace\loading.lua:100]: Preload file at: file:///c%3A/Users/downloader/AppData/Local/nvim-data/lazy/plenary.nvim/lua/luassert/matchers/composite.lua , size = 1.782 KB
[12:25:42.440][info] [#0:script\workspace\loading.lua:100]: Preload file at: file:///c%3A/Users/downloader/AppData/Local/nvim-data/lazy/plenary.nvim/lua/luassert/matchers/core.lua , size = 6.277 KB
[12:25:42.442][info] [#0:script\workspace\loading.lua:100]: Preload file at: file:///c%3A/Users/downloader/AppData/Local/nvim-data/lazy/plenary.nvim/lua/luassert/matchers/init.lua , size = 0.093 KB
[12:25:42.442][info] [#0:script\workspace\loading.lua:100]: Preload file at: file:///c%3A/Users/downloader/AppData/Local/nvim-data/lazy/plenary.nvim/lua/luassert/mock.lua , size = 1.573 KB
[12:25:42.443][info] [#0:script\workspace\loading.lua:100]: Preload file at: file:///c%3A/Users/downloader/AppData/Local/nvim-data/lazy/plenary.nvim/lua/luassert/modifiers.lua , size = 0.531 KB
[12:25:42.444][info] [#0:script\workspace\loading.lua:100]: Preload file at: file:///c%3A/Users/downloader/AppData/Local/nvim-data/lazy/plenary.nvim/lua/luassert/namespaces.lua , size = 0.042 KB
[12:25:42.444][info] [#0:script\workspace\loading.lua:100]: Preload file at: file:///c%3A/Users/downloader/AppData/Local/nvim-data/lazy/plenary.nvim/lua/luassert/spy.lua , size = 6.927 KB
[12:25:42.447][info] [#0:script\workspace\loading.lua:100]: Preload file at: file:///c%3A/Users/downloader/AppData/Local/nvim-data/lazy/plenary.nvim/lua/luassert/state.lua , size = 2.978 KB
[12:25:42.448][info] [#0:script\workspace\loading.lua:100]: Preload file at: file:///c%3A/Users/downloader/AppData/Local/nvim-data/lazy/plenary.nvim/lua/luassert/stub.lua , size = 2.926 KB
[12:25:42.449][info] [#0:script\workspace\loading.lua:100]: Preload file at: file:///c%3A/Users/downloader/AppData/Local/nvim-data/lazy/plenary.nvim/lua/luassert/util.lua , size = 11.194 KB
[12:25:42.453][info] [#0:script\workspace\loading.lua:100]: Preload file at: file:///c%3A/Users/downloader/AppData/Local/nvim-data/lazy/plenary.nvim/lua/plenary/async/api.lua , size = 0.286 KB
[12:25:42.454][info] [#0:script\workspace\loading.lua:100]: Preload file at: file:///c%3A/Users/downloader/AppData/Local/nvim-data/lazy/plenary.nvim/lua/plenary/async/async.lua , size = 3.297 KB
[12:25:42.455][info] [#0:script\workspace\loading.lua:100]: Preload file at: file:///c%3A/Users/downloader/AppData/Local/nvim-data/lazy/plenary.nvim/lua/plenary/async/control.lua , size = 4.937 KB
[12:25:42.457][info] [#0:script\workspace\loading.lua:100]: Preload file at: file:///c%3A/Users/downloader/AppData/Local/nvim-data/lazy/plenary.nvim/lua/plenary/async/init.lua , size = 1.373 KB
[12:25:42.458][info] [#0:script\workspace\loading.lua:100]: Preload file at: file:///c%3A/Users/downloader/AppData/Local/nvim-data/lazy/plenary.nvim/lua/plenary/async/lsp.lua , size = 0.366 KB
[12:25:42.458][info] [#0:script\workspace\loading.lua:100]: Preload file at: file:///c%3A/Users/downloader/AppData/Local/nvim-data/lazy/plenary.nvim/lua/plenary/async/structs.lua , size = 2.243 KB
[12:25:42.460][info] [#0:script\workspace\loading.lua:100]: Preload file at: file:///c%3A/Users/downloader/AppData/Local/nvim-data/lazy/plenary.nvim/lua/plenary/async/tests.lua , size = 0.464 KB
[12:25:42.460][info] [#0:script\workspace\loading.lua:100]: Preload file at: file:///c%3A/Users/downloader/AppData/Local/nvim-data/lazy/plenary.nvim/lua/plenary/async/util.lua , size = 3.267 KB
[12:25:42.462][info] [#0:script\workspace\loading.lua:100]: Preload file at: file:///c%3A/Users/downloader/AppData/Local/nvim-data/lazy/plenary.nvim/lua/plenary/async/uv_async.lua , size = 1.578 KB
[12:25:42.463][info] [#0:script\workspace\loading.lua:100]: Preload file at: file:///c%3A/Users/downloader/AppData/Local/nvim-data/lazy/plenary.nvim/lua/plenary/async_lib/api.lua , size = 0.329 KB
[12:25:42.463][info] [#0:script\workspace\loading.lua:100]: Preload file at: file:///c%3A/Users/downloader/AppData/Local/nvim-data/lazy/plenary.nvim/lua/plenary/async_lib/async.lua , size = 5.573 KB
[12:25:42.466][info] [#0:script\workspace\loading.lua:100]: Preload file at: file:///c%3A/Users/downloader/AppData/Local/nvim-data/lazy/plenary.nvim/lua/plenary/async_lib/init.lua , size = 1.117 KB
[12:25:42.466][info] [#0:script\workspace\loading.lua:100]: Preload file at: file:///c%3A/Users/downloader/AppData/Local/nvim-data/lazy/plenary.nvim/lua/plenary/async_lib/lsp.lua , size = 0.483 KB
[12:25:42.467][info] [#0:script\workspace\loading.lua:100]: Preload file at: file:///c%3A/Users/downloader/AppData/Local/nvim-data/lazy/plenary.nvim/lua/plenary/async_lib/structs.lua , size = 2.237 KB
[12:25:42.468][info] [#0:script\workspace\loading.lua:100]: Preload file at: file:///c%3A/Users/downloader/AppData/Local/nvim-data/lazy/plenary.nvim/lua/plenary/async_lib/tests.lua , size = 0.262 KB
[12:25:42.469][info] [#0:script\workspace\loading.lua:100]: Preload file at: file:///c%3A/Users/downloader/AppData/Local/nvim-data/lazy/plenary.nvim/lua/plenary/async_lib/util.lua , size = 7.329 KB
[12:25:42.472][info] [#0:script\workspace\loading.lua:100]: Preload file at: file:///c%3A/Users/downloader/AppData/Local/nvim-data/lazy/plenary.nvim/lua/plenary/async_lib/uv_async.lua , size = 1.504 KB
[12:25:42.473][info] [#0:script\workspace\loading.lua:100]: Preload file at: file:///c%3A/Users/downloader/AppData/Local/nvim-data/lazy/plenary.nvim/lua/plenary/benchmark/init.lua , size = 3.443 KB
[12:25:42.475][info] [#0:script\workspace\loading.lua:100]: Preload file at: file:///c%3A/Users/downloader/AppData/Local/nvim-data/lazy/plenary.nvim/lua/plenary/benchmark/stat.lua , size = 1.585 KB
[12:25:42.476][info] [#0:script\workspace\loading.lua:100]: Preload file at: file:///c%3A/Users/downloader/AppData/Local/nvim-data/lazy/plenary.nvim/lua/plenary/bit.lua , size = 8.881 KB
[12:25:42.479][info] [#0:script\workspace\loading.lua:100]: Preload file at: file:///c%3A/Users/downloader/AppData/Local/nvim-data/lazy/plenary.nvim/lua/plenary/busted.lua , size = 6.011 KB
[12:25:42.483][info] [#0:script\workspace\loading.lua:100]: Preload file at: file:///c%3A/Users/downloader/AppData/Local/nvim-data/lazy/plenary.nvim/lua/plenary/class.lua , size = 1.709 KB
[12:25:42.484][info] [#0:script\workspace\loading.lua:100]: Preload file at: file:///c%3A/Users/downloader/AppData/Local/nvim-data/lazy/plenary.nvim/lua/plenary/collections/py_list.lua , size = 9.732 KB
[12:25:42.488][info] [#0:script\workspace\loading.lua:100]: Preload file at: file:///c%3A/Users/downloader/AppData/Local/nvim-data/lazy/plenary.nvim/lua/plenary/compat.lua , size = 0.279 KB
[12:25:42.489][info] [#0:script\workspace\loading.lua:100]: Preload file at: file:///c%3A/Users/downloader/AppData/Local/nvim-data/lazy/plenary.nvim/lua/plenary/context_manager.lua , size = 1.446 KB
[12:25:42.490][info] [#0:script\workspace\loading.lua:100]: Preload file at: file:///c%3A/Users/downloader/AppData/Local/nvim-data/lazy/plenary.nvim/lua/plenary/curl.lua , size = 8.697 KB
[12:25:42.493][info] [#0:script\workspace\loading.lua:100]: Preload file at: file:///c%3A/Users/downloader/AppData/Local/nvim-data/lazy/plenary.nvim/lua/plenary/debug_utils.lua , size = 0.276 KB
[12:25:42.494][info] [#0:script\workspace\loading.lua:100]: Preload file at: file:///c%3A/Users/downloader/AppData/Local/nvim-data/lazy/plenary.nvim/lua/plenary/enum.lua , size = 4.297 KB
[12:25:42.495][info] [#0:script\workspace\loading.lua:100]: Preload file at: file:///c%3A/Users/downloader/AppData/Local/nvim-data/lazy/plenary.nvim/lua/plenary/errors.lua , size = 0.320 KB
[12:25:42.496][info] [#0:script\workspace\loading.lua:100]: Preload file at: file:///c%3A/Users/downloader/AppData/Local/nvim-data/lazy/plenary.nvim/lua/plenary/filetype.lua , size = 4.739 KB
[12:25:42.498][info] [#0:script\workspace\loading.lua:100]: Preload file at: file:///c%3A/Users/downloader/AppData/Local/nvim-data/lazy/plenary.nvim/lua/plenary/fun.lua , size = 0.376 KB
[12:25:42.498][info] [#0:script\workspace\loading.lua:100]: Preload file at: file:///c%3A/Users/downloader/AppData/Local/nvim-data/lazy/plenary.nvim/lua/plenary/functional.lua , size = 1.212 KB
[12:25:42.499][info] [#0:script\workspace\loading.lua:100]: Preload file at: file:///c%3A/Users/downloader/AppData/Local/nvim-data/lazy/plenary.nvim/lua/plenary/init.lua , size = 0.251 KB
[12:25:42.499][info] [#0:script\workspace\loading.lua:100]: Preload file at: file:///c%3A/Users/downloader/AppData/Local/nvim-data/lazy/plenary.nvim/lua/plenary/iterators.lua , size = 18.141 KB
[12:25:42.507][info] [#0:script\workspace\loading.lua:100]: Preload file at: file:///c%3A/Users/downloader/AppData/Local/nvim-data/lazy/plenary.nvim/lua/plenary/job.lua , size = 16.093 KB
[12:25:42.514][info] [#0:script\workspace\loading.lua:100]: Preload file at: file:///c%3A/Users/downloader/AppData/Local/nvim-data/lazy/plenary.nvim/lua/plenary/json.lua , size = 3.680 KB
[12:25:42.516][info] [#0:script\workspace\loading.lua:100]: Preload file at: file:///c%3A/Users/downloader/AppData/Local/nvim-data/lazy/plenary.nvim/lua/plenary/log.lua , size = 6.782 KB
[12:25:42.519][info] [#0:script\workspace\loading.lua:100]: Preload file at: file:///c%3A/Users/downloader/AppData/Local/nvim-data/lazy/plenary.nvim/lua/plenary/lsp/override.lua , size = 0.692 KB
[12:25:42.519][info] [#0:script\workspace\loading.lua:100]: Preload file at: file:///c%3A/Users/downloader/AppData/Local/nvim-data/lazy/plenary.nvim/lua/plenary/neorocks/init.lua , size = 0.099 KB
[12:25:42.520][info] [#0:script\workspace\loading.lua:100]: Preload file at: file:///c%3A/Users/downloader/AppData/Local/nvim-data/lazy/plenary.nvim/lua/plenary/nvim_meta.lua , size = 0.412 KB
[12:25:42.520][info] [#0:script\workspace\loading.lua:100]: Preload file at: file:///c%3A/Users/downloader/AppData/Local/nvim-data/lazy/plenary.nvim/lua/plenary/operators.lua , size = 2.154 KB
[12:25:42.521][info] [#0:script\workspace\loading.lua:100]: Preload file at: file:///c%3A/Users/downloader/AppData/Local/nvim-data/lazy/plenary.nvim/lua/plenary/path.lua , size = 22.705 KB
[12:25:42.532][info] [#0:script\workspace\loading.lua:100]: Preload file at: file:///c%3A/Users/downloader/AppData/Local/nvim-data/lazy/plenary.nvim/lua/plenary/popup/init.lua , size = 16.165 KB
[12:25:42.537][info] [#0:script\workspace\loading.lua:100]: Preload file at: file:///c%3A/Users/downloader/AppData/Local/nvim-data/lazy/plenary.nvim/lua/plenary/popup/utils.lua , size = 0.495 KB
[12:25:42.538][info] [#0:script\workspace\loading.lua:100]: Preload file at: file:///c%3A/Users/downloader/AppData/Local/nvim-data/lazy/plenary.nvim/lua/plenary/profile/lua_profiler.lua , size = 6.548 KB
[12:25:42.540][info] [#0:script\workspace\loading.lua:100]: Preload file at: file:///c%3A/Users/downloader/AppData/Local/nvim-data/lazy/plenary.nvim/lua/plenary/profile/memory_profiler.lua , size = 37.303 KB
[12:25:42.551][info] [#0:script\workspace\loading.lua:100]: Preload file at: file:///c%3A/Users/downloader/AppData/Local/nvim-data/lazy/plenary.nvim/lua/plenary/profile/p.lua , size = 9.007 KB
[12:25:42.555][info] [#0:script\workspace\loading.lua:100]: Preload file at: file:///c%3A/Users/downloader/AppData/Local/nvim-data/lazy/plenary.nvim/lua/plenary/profile.lua , size = 0.876 KB
[12:25:42.555][info] [#0:script\workspace\loading.lua:100]: Preload file at: file:///c%3A/Users/downloader/AppData/Local/nvim-data/lazy/plenary.nvim/lua/plenary/reload.lua , size = 0.825 KB
[12:25:42.556][info] [#0:script\workspace\loading.lua:100]: Preload file at: file:///c%3A/Users/downloader/AppData/Local/nvim-data/lazy/plenary.nvim/lua/plenary/run.lua , size = 0.539 KB
[12:25:42.556][info] [#0:script\workspace\loading.lua:100]: Preload file at: file:///c%3A/Users/downloader/AppData/Local/nvim-data/lazy/plenary.nvim/lua/plenary/scandir.lua , size = 17.658 KB
[12:25:42.563][info] [#0:script\workspace\loading.lua:100]: Preload file at: file:///c%3A/Users/downloader/AppData/Local/nvim-data/lazy/plenary.nvim/lua/plenary/strings.lua , size = 4.998 KB
[12:25:42.565][info] [#0:script\workspace\loading.lua:100]: Preload file at: file:///c%3A/Users/downloader/AppData/Local/nvim-data/lazy/plenary.nvim/lua/plenary/tbl.lua , size = 0.715 KB
[12:25:42.566][info] [#0:script\workspace\loading.lua:100]: Preload file at: file:///c%3A/Users/downloader/AppData/Local/nvim-data/lazy/plenary.nvim/lua/plenary/test_harness.lua , size = 6.257 KB
[12:25:42.569][info] [#0:script\workspace\loading.lua:100]: Preload file at: file:///c%3A/Users/downloader/AppData/Local/nvim-data/lazy/plenary.nvim/lua/plenary/vararg/init.lua , size = 0.054 KB
[12:25:42.569][info] [#0:script\workspace\loading.lua:100]: Preload file at: file:///c%3A/Users/downloader/AppData/Local/nvim-data/lazy/plenary.nvim/lua/plenary/vararg/rotate.lua , size = 2.047 KB
[12:25:42.571][info] [#0:script\workspace\loading.lua:100]: Preload file at: file:///c%3A/Users/downloader/AppData/Local/nvim-data/lazy/plenary.nvim/lua/plenary/window/border.lua , size = 9.435 KB
[12:25:42.574][info] [#0:script\workspace\loading.lua:100]: Preload file at: file:///c%3A/Users/downloader/AppData/Local/nvim-data/lazy/plenary.nvim/lua/plenary/window/float.lua , size = 6.232 KB
[12:25:42.577][info] [#0:script\workspace\loading.lua:100]: Preload file at: file:///c%3A/Users/downloader/AppData/Local/nvim-data/lazy/plenary.nvim/lua/plenary/window/init.lua , size = 0.316 KB
[12:25:42.577][info] [#0:script\workspace\loading.lua:100]: Preload file at: file:///c%3A/Users/downloader/AppData/Local/nvim-data/lazy/plenary.nvim/lua/plenary/_meta/_luassert.lua , size = 11.515 KB
[12:25:42.581][info] [#0:script\workspace\loading.lua:100]: Preload file at: file:///c%3A/Users/downloader/AppData/Local/nvim-data/lazy/plenary.nvim/lua/say.lua , size = 1.314 KB
[12:25:42.582][info] [#0:script\workspace\loading.lua:100]: Preload file at: file:///c%3A/Users/downloader/AppData/Local/nvim-data/lazy/plenary.nvim/scripts/generate_luassert_types.lua , size = 2.114 KB
[12:25:42.583][info] [#0:script\workspace\loading.lua:100]: Preload file at: file:///c%3A/Users/downloader/AppData/Local/nvim-data/lazy/plenary.nvim/scripts/update_filetypes_from_github.lua , size = 6.680 KB
[12:25:42.585][info] [#0:script\workspace\loading.lua:100]: Preload file at: file:///c%3A/Users/downloader/AppData/Local/nvim-data/lazy/plenary.nvim/scripts/vararg/rotate.lua , size = 0.700 KB
[12:25:42.586][info] [#0:script\workspace\loading.lua:100]: Preload file at: file:///c%3A/Users/downloader/AppData/Local/nvim-data/lazy/plenary.nvim/tests/manual/large_job_spec.lua , size = 0.763 KB
[12:25:42.586][info] [#0:script\workspace\loading.lua:100]: Preload file at: file:///c%3A/Users/downloader/AppData/Local/nvim-data/lazy/plenary.nvim/tests/plenary/async/async_spec.lua , size = 1.104 KB
[12:25:42.587][info] [#0:script\workspace\loading.lua:100]: Preload file at: file:///c%3A/Users/downloader/AppData/Local/nvim-data/lazy/plenary.nvim/tests/plenary/async/channel_spec.lua , size = 4.351 KB
[12:25:42.589][info] [#0:script\workspace\loading.lua:100]: Preload file at: file:///c%3A/Users/downloader/AppData/Local/nvim-data/lazy/plenary.nvim/tests/plenary/async/condvar_spec.lua , size = 2.514 KB
[12:25:42.590][info] [#0:script\workspace\loading.lua:100]: Preload file at: file:///c%3A/Users/downloader/AppData/Local/nvim-data/lazy/plenary.nvim/tests/plenary/async/deque_spec.lua , size = 1.383 KB
[12:25:42.591][info] [#0:script\workspace\loading.lua:100]: Preload file at: file:///c%3A/Users/downloader/AppData/Local/nvim-data/lazy/plenary.nvim/tests/plenary/async/semaphore_spec.lua , size = 1.319 KB
[12:25:42.592][info] [#0:script\workspace\loading.lua:100]: Preload file at: file:///c%3A/Users/downloader/AppData/Local/nvim-data/lazy/plenary.nvim/tests/plenary/async/test_spec.lua , size = 1.203 KB
[12:25:42.593][info] [#0:script\workspace\loading.lua:100]: Preload file at: file:///c%3A/Users/downloader/AppData/Local/nvim-data/lazy/plenary.nvim/tests/plenary/async/util_spec.lua , size = 1.825 KB
[12:25:42.594][info] [#0:script\workspace\loading.lua:100]: Preload file at: file:///c%3A/Users/downloader/AppData/Local/nvim-data/lazy/plenary.nvim/tests/plenary/async_testing_spec.lua , size = 1.904 KB
[12:25:42.595][info] [#0:script\workspace\loading.lua:100]: Preload file at: file:///c%3A/Users/downloader/AppData/Local/nvim-data/lazy/plenary.nvim/tests/plenary/context_manager_spec.lua , size = 4.554 KB
[12:25:42.597][info] [#0:script\workspace\loading.lua:100]: Preload file at: file:///c%3A/Users/downloader/AppData/Local/nvim-data/lazy/plenary.nvim/tests/plenary/curl_spec.lua , size = 6.677 KB
[12:25:42.599][info] [#0:script\workspace\loading.lua:100]: Preload file at: file:///c%3A/Users/downloader/AppData/Local/nvim-data/lazy/plenary.nvim/tests/plenary/enum_spec.lua , size = 1.729 KB
[12:25:42.600][info] [#0:script\workspace\loading.lua:100]: Preload file at: file:///c%3A/Users/downloader/AppData/Local/nvim-data/lazy/plenary.nvim/tests/plenary/filetype_spec.lua , size = 5.496 KB
[12:25:42.602][info] [#0:script\workspace\loading.lua:100]: Preload file at: file:///c%3A/Users/downloader/AppData/Local/nvim-data/lazy/plenary.nvim/tests/plenary/functional_spec.lua , size = 0.632 KB
[12:25:42.603][info] [#0:script\workspace\loading.lua:100]: Preload file at: file:///c%3A/Users/downloader/AppData/Local/nvim-data/lazy/plenary.nvim/tests/plenary/iterators_spec.lua , size = 3.832 KB
[12:25:42.605][info] [#0:script\workspace\loading.lua:100]: Preload file at: file:///c%3A/Users/downloader/AppData/Local/nvim-data/lazy/plenary.nvim/tests/plenary/job/validation_spec.lua , size = 0.948 KB
[12:25:42.606][info] [#0:script\workspace\loading.lua:100]: Preload file at: file:///c%3A/Users/downloader/AppData/Local/nvim-data/lazy/plenary.nvim/tests/plenary/job_spec.lua , size = 21.173 KB
[12:25:42.615][info] [#0:script\workspace\loading.lua:100]: Preload file at: file:///c%3A/Users/downloader/AppData/Local/nvim-data/lazy/plenary.nvim/tests/plenary/json_spec.lua , size = 4.108 KB
[12:25:42.616][info] [#0:script\workspace\loading.lua:100]: Preload file at: file:///c%3A/Users/downloader/AppData/Local/nvim-data/lazy/plenary.nvim/tests/plenary/path_spec.lua , size = 26.904 KB
[12:25:42.626][info] [#0:script\workspace\loading.lua:100]: Preload file at: file:///c%3A/Users/downloader/AppData/Local/nvim-data/lazy/plenary.nvim/tests/plenary/popup_requires_spec.lua , size = 1.299 KB
[12:25:42.627][info] [#0:script\workspace\loading.lua:100]: Preload file at: file:///c%3A/Users/downloader/AppData/Local/nvim-data/lazy/plenary.nvim/tests/plenary/popup_spec.lua , size = 4.456 KB
[12:25:42.629][info] [#0:script\workspace\loading.lua:100]: Preload file at: file:///c%3A/Users/downloader/AppData/Local/nvim-data/lazy/plenary.nvim/tests/plenary/py_list_spec.lua , size = 1.951 KB
[12:25:42.630][info] [#0:script\workspace\loading.lua:100]: Preload file at: file:///c%3A/Users/downloader/AppData/Local/nvim-data/lazy/plenary.nvim/tests/plenary/rotate_spec.lua , size = 0.836 KB
[12:25:42.631][info] [#0:script\workspace\loading.lua:100]: Preload file at: file:///c%3A/Users/downloader/AppData/Local/nvim-data/lazy/plenary.nvim/tests/plenary/scandir_spec.lua , size = 8.685 KB
[12:25:42.635][info] [#0:script\workspace\loading.lua:100]: Preload file at: file:///c%3A/Users/downloader/AppData/Local/nvim-data/lazy/plenary.nvim/tests/plenary/simple_busted_spec.lua , size = 4.219 KB
[12:25:42.636][info] [#0:script\workspace\loading.lua:100]: Preload file at: file:///c%3A/Users/downloader/AppData/Local/nvim-data/lazy/plenary.nvim/tests/plenary/strings_spec.lua , size = 11.450 KB
[12:25:42.640][info] [#0:script\workspace\loading.lua:100]: Preload file at: file:///c%3A/Users/downloader/AppData/Local/nvim-data/lazy/plenary.nvim/tests/plenary/tbl_spec.lua , size = 0.576 KB
[12:25:42.641][info] [#0:script\workspace\loading.lua:100]: Preload file at: file:///c%3A/Users/downloader/AppData/Local/nvim-data/lazy/plenary.nvim/tests/plenary/uses_nvim_spec.lua , size = 0.113 KB
[12:25:42.641][info] [#0:script\workspace\loading.lua:100]: Preload file at: file:///c%3A/Users/downloader/AppData/Local/nvim-data/lazy/telescope-fzf-native.nvim/lua/fzf_lib.lua , size = 2.060 KB
[12:25:42.642][info] [#0:script\workspace\loading.lua:139]: Preload dll at: file:///c%3A/Users/downloader/AppData/Local/nvim-data/lazy/telescope-fzf-native.nvim/build/libfzf.dll , size = 116.085 KB
[12:25:42.643][info] [#0:script\workspace\loading.lua:100]: Preload file at: file:///c%3A/Users/downloader/AppData/Local/nvim-data/lazy/telescope-fzf-native.nvim/lua/telescope/_extensions/fzf.lua , size = 5.366 KB
[12:25:42.645][info] [#0:script\workspace\loading.lua:100]: Preload file at: file:///c%3A/Users/downloader/AppData/Local/nvim-data/lazy/telescope-fzf-native.nvim/test/fzf_lib_spec.lua , size = 4.096 KB
[12:25:42.647][info] [#0:script\workspace\loading.lua:100]: Preload file at: file:///c%3A/Users/downloader/AppData/Local/nvim-data/lazy/telescope-ui-select.nvim/lua/telescope/_extensions/ui-select.lua , size = 5.581 KB
[12:25:42.649][info] [#0:script\workspace\loading.lua:100]: Preload file at: file:///c%3A/Users/downloader/AppData/Local/nvim-data/lazy/telescope.nvim/ftplugin/TelescopePrompt.lua , size = 0.344 KB
[12:25:42.649][info] [#0:script\workspace\loading.lua:100]: Preload file at: file:///c%3A/Users/downloader/AppData/Local/nvim-data/lazy/telescope.nvim/ftplugin/TelescopeResults.lua , size = 0.139 KB
[12:25:42.650][info] [#0:script\workspace\loading.lua:100]: Preload file at: file:///c%3A/Users/downloader/AppData/Local/nvim-data/lazy/telescope.nvim/lua/telescope/actions/generate.lua , size = 5.041 KB
[12:25:42.651][info] [#0:script\workspace\loading.lua:100]: Preload file at: file:///c%3A/Users/downloader/AppData/Local/nvim-data/lazy/telescope.nvim/lua/telescope/actions/history.lua , size = 6.495 KB
[12:25:42.654][info] [#0:script\workspace\loading.lua:100]: Preload file at: file:///c%3A/Users/downloader/AppData/Local/nvim-data/lazy/telescope.nvim/lua/telescope/actions/init.lua , size = 54.345 KB
[12:25:42.672][info] [#0:script\workspace\loading.lua:100]: Preload file at: file:///c%3A/Users/downloader/AppData/Local/nvim-data/lazy/telescope.nvim/lua/telescope/actions/layout.lua , size = 6.235 KB
[12:25:42.674][info] [#0:script\workspace\loading.lua:100]: Preload file at: file:///c%3A/Users/downloader/AppData/Local/nvim-data/lazy/telescope.nvim/lua/telescope/actions/mt.lua , size = 5.731 KB
[12:25:42.678][info] [#0:script\workspace\loading.lua:100]: Preload file at: file:///c%3A/Users/downloader/AppData/Local/nvim-data/lazy/telescope.nvim/lua/telescope/actions/set.lua , size = 10.707 KB
[12:25:42.682][info] [#0:script\workspace\loading.lua:100]: Preload file at: file:///c%3A/Users/downloader/AppData/Local/nvim-data/lazy/telescope.nvim/lua/telescope/actions/state.lua , size = 1.551 KB
[12:25:42.683][info] [#0:script\workspace\loading.lua:100]: Preload file at: file:///c%3A/Users/downloader/AppData/Local/nvim-data/lazy/telescope.nvim/lua/telescope/actions/utils.lua , size = 5.322 KB
[12:25:42.685][info] [#0:script\workspace\loading.lua:100]: Preload file at: file:///c%3A/Users/downloader/AppData/Local/nvim-data/lazy/telescope.nvim/lua/telescope/algos/fzy.lua , size = 4.909 KB
[12:25:42.687][info] [#0:script\workspace\loading.lua:100]: Preload file at: file:///c%3A/Users/downloader/AppData/Local/nvim-data/lazy/telescope.nvim/lua/telescope/algos/linked_list.lua , size = 5.003 KB
[12:25:42.689][info] [#0:script\workspace\loading.lua:100]: Preload file at: file:///c%3A/Users/downloader/AppData/Local/nvim-data/lazy/telescope.nvim/lua/telescope/algos/string_distance.lua , size = 0.910 KB
[12:25:42.690][info] [#0:script\workspace\loading.lua:100]: Preload file at: file:///c%3A/Users/downloader/AppData/Local/nvim-data/lazy/telescope.nvim/lua/telescope/builtin/init.lua , size = 35.345 KB
[12:25:42.699][info] [#0:script\workspace\loading.lua:100]: Preload file at: file:///c%3A/Users/downloader/AppData/Local/nvim-data/lazy/telescope.nvim/lua/telescope/builtin/__diagnostics.lua , size = 5.157 KB
[12:25:42.701][info] [#0:script\workspace\loading.lua:100]: Preload file at: file:///c%3A/Users/downloader/AppData/Local/nvim-data/lazy/telescope.nvim/lua/telescope/builtin/__files.lua , size = 18.632 KB
[12:25:42.708][info] [#0:script\workspace\loading.lua:100]: Preload file at: file:///c%3A/Users/downloader/AppData/Local/nvim-data/lazy/telescope.nvim/lua/telescope/builtin/__git.lua , size = 15.821 KB
[12:25:42.715][info] [#0:script\workspace\loading.lua:100]: Preload file at: file:///c%3A/Users/downloader/AppData/Local/nvim-data/lazy/telescope.nvim/lua/telescope/builtin/__lsp.lua , size = 15.774 KB
[12:25:42.721][info] [#0:script\workspace\loading.lua:100]: Preload file at: file:///c%3A/Users/downloader/AppData/Local/nvim-data/lazy/telescope.nvim/lua/telescope/builtin/__internal.lua , size = 44.944 KB
[12:25:42.739][info] [#0:script\workspace\loading.lua:100]: Preload file at: file:///c%3A/Users/downloader/AppData/Local/nvim-data/lazy/telescope.nvim/lua/telescope/command.lua , size = 7.089 KB
[12:25:42.741][info] [#0:script\workspace\loading.lua:100]: Preload file at: file:///c%3A/Users/downloader/AppData/Local/nvim-data/lazy/telescope.nvim/lua/telescope/config/resolve.lua , size = 8.454 KB
[12:25:42.743][info] [#0:script\workspace\loading.lua:100]: Preload file at: file:///c%3A/Users/downloader/AppData/Local/nvim-data/lazy/telescope.nvim/lua/telescope/config.lua , size = 29.784 KB
[12:25:42.748][info] [#0:script\workspace\loading.lua:100]: Preload file at: file:///c%3A/Users/downloader/AppData/Local/nvim-data/lazy/telescope.nvim/lua/telescope/debounce.lua , size = 5.003 KB
[12:25:42.751][info] [#0:script\workspace\loading.lua:100]: Preload file at: file:///c%3A/Users/downloader/AppData/Local/nvim-data/lazy/telescope.nvim/lua/telescope/entry_manager.lua , size = 4.259 KB
[12:25:42.753][info] [#0:script\workspace\loading.lua:100]: Preload file at: file:///c%3A/Users/downloader/AppData/Local/nvim-data/lazy/telescope.nvim/lua/telescope/finders/async_job_finder.lua , size = 1.770 KB
[12:25:42.754][info] [#0:script\workspace\loading.lua:100]: Preload file at: file:///c%3A/Users/downloader/AppData/Local/nvim-data/lazy/telescope.nvim/lua/telescope/finders/async_oneshot_finder.lua , size = 2.382 KB
[12:25:42.755][info] [#0:script\workspace\loading.lua:100]: Preload file at: file:///c%3A/Users/downloader/AppData/Local/nvim-data/lazy/telescope.nvim/lua/telescope/finders/async_static_finder.lua , size = 0.885 KB
[12:25:42.755][info] [#0:script\workspace\loading.lua:100]: Preload file at: file:///c%3A/Users/downloader/AppData/Local/nvim-data/lazy/telescope.nvim/lua/telescope/finders.lua , size = 5.570 KB
[12:25:42.757][info] [#0:script\workspace\loading.lua:100]: Preload file at: file:///c%3A/Users/downloader/AppData/Local/nvim-data/lazy/telescope.nvim/lua/telescope/from_entry.lua , size = 1.371 KB
[12:25:42.758][info] [#0:script\workspace\loading.lua:100]: Preload file at: file:///c%3A/Users/downloader/AppData/Local/nvim-data/lazy/telescope.nvim/lua/telescope/health.lua , size = 3.321 KB
[12:25:42.759][info] [#0:script\workspace\loading.lua:100]: Preload file at: file:///c%3A/Users/downloader/AppData/Local/nvim-data/lazy/telescope.nvim/lua/telescope/init.lua , size = 7.562 KB
[12:25:42.761][info] [#0:script\workspace\loading.lua:100]: Preload file at: file:///c%3A/Users/downloader/AppData/Local/nvim-data/lazy/telescope.nvim/lua/telescope/log.lua , size = 0.078 KB
[12:25:42.761][info] [#0:script\workspace\loading.lua:100]: Preload file at: file:///c%3A/Users/downloader/AppData/Local/nvim-data/lazy/telescope.nvim/lua/telescope/make_entry.lua , size = 36.068 KB
[12:25:42.774][info] [#0:script\workspace\loading.lua:100]: Preload file at: file:///c%3A/Users/downloader/AppData/Local/nvim-data/lazy/telescope.nvim/lua/telescope/mappings.lua , size = 10.855 KB
[12:25:42.778][info] [#0:script\workspace\loading.lua:100]: Preload file at: file:///c%3A/Users/downloader/AppData/Local/nvim-data/lazy/telescope.nvim/lua/telescope/operators.lua , size = 0.783 KB
[12:25:42.778][info] [#0:script\workspace\loading.lua:100]: Preload file at: file:///c%3A/Users/downloader/AppData/Local/nvim-data/lazy/telescope.nvim/lua/telescope/pickers/entry_display.lua , size = 5.587 KB
[12:25:42.780][info] [#0:script\workspace\loading.lua:100]: Preload file at: file:///c%3A/Users/downloader/AppData/Local/nvim-data/lazy/telescope.nvim/lua/telescope/pickers/highlights.lua , size = 3.763 KB
[12:25:42.782][info] [#0:script\workspace\loading.lua:100]: Preload file at: file:///c%3A/Users/downloader/AppData/Local/nvim-data/lazy/telescope.nvim/lua/telescope/pickers/layout.lua , size = 5.325 KB
[12:25:42.784][info] [#0:script\workspace\loading.lua:100]: Preload file at: file:///c%3A/Users/downloader/AppData/Local/nvim-data/lazy/telescope.nvim/lua/telescope/pickers/layout_strategies.lua , size = 37.393 KB
[12:25:42.794][info] [#0:script\workspace\loading.lua:100]: Preload file at: file:///c%3A/Users/downloader/AppData/Local/nvim-data/lazy/telescope.nvim/lua/telescope/pickers/multi.lua , size = 0.960 KB
[12:25:42.795][info] [#0:script\workspace\loading.lua:100]: Preload file at: file:///c%3A/Users/downloader/AppData/Local/nvim-data/lazy/telescope.nvim/lua/telescope/pickers/scroller.lua , size = 2.926 KB
[12:25:42.796][info] [#0:script\workspace\loading.lua:100]: Preload file at: file:///c%3A/Users/downloader/AppData/Local/nvim-data/lazy/telescope.nvim/lua/telescope/pickers/window.lua , size = 1.193 KB
[12:25:42.797][info] [#0:script\workspace\loading.lua:100]: Preload file at: file:///c%3A/Users/downloader/AppData/Local/nvim-data/lazy/telescope.nvim/lua/telescope/pickers.lua , size = 56.600 KB
[12:25:42.820][info] [#0:script\workspace\loading.lua:100]: Preload file at: file:///c%3A/Users/downloader/AppData/Local/nvim-data/lazy/telescope.nvim/lua/telescope/previewers/buffer_previewer.lua , size = 37.485 KB
[12:25:42.834][info] [#0:script\workspace\loading.lua:100]: Preload file at: file:///c%3A/Users/downloader/AppData/Local/nvim-data/lazy/telescope.nvim/lua/telescope/previewers/init.lua , size = 15.522 KB
[12:25:42.836][info] [#0:script\workspace\loading.lua:100]: Preload file at: file:///c%3A/Users/downloader/AppData/Local/nvim-data/lazy/telescope.nvim/lua/telescope/previewers/previewer.lua , size = 2.459 KB
[12:25:42.837][info] [#0:script\workspace\loading.lua:100]: Preload file at: file:///c%3A/Users/downloader/AppData/Local/nvim-data/lazy/telescope.nvim/lua/telescope/previewers/term_previewer.lua , size = 8.473 KB
[12:25:42.841][info] [#0:script\workspace\loading.lua:100]: Preload file at: file:///c%3A/Users/downloader/AppData/Local/nvim-data/lazy/telescope.nvim/lua/telescope/previewers/utils.lua , size = 6.404 KB
[12:25:42.844][info] [#0:script\workspace\loading.lua:100]: Preload file at: file:///c%3A/Users/downloader/AppData/Local/nvim-data/lazy/telescope.nvim/lua/telescope/sorters.lua , size = 16.251 KB
[12:25:42.850][info] [#0:script\workspace\loading.lua:100]: Preload file at: file:///c%3A/Users/downloader/AppData/Local/nvim-data/lazy/telescope.nvim/lua/telescope/state.lua , size = 0.860 KB
[12:25:42.851][info] [#0:script\workspace\loading.lua:100]: Preload file at: file:///c%3A/Users/downloader/AppData/Local/nvim-data/lazy/telescope.nvim/lua/telescope/testharness/helpers.lua , size = 1.636 KB
[12:25:42.851][info] [#0:script\workspace\loading.lua:100]: Preload file at: file:///c%3A/Users/downloader/AppData/Local/nvim-data/lazy/telescope.nvim/lua/telescope/testharness/init.lua , size = 2.910 KB
[12:25:42.853][info] [#0:script\workspace\loading.lua:100]: Preload file at: file:///c%3A/Users/downloader/AppData/Local/nvim-data/lazy/telescope.nvim/lua/telescope/testharness/runner.lua , size = 3.100 KB
[12:25:42.854][info] [#0:script\workspace\loading.lua:100]: Preload file at: file:///c%3A/Users/downloader/AppData/Local/nvim-data/lazy/telescope.nvim/lua/telescope/themes.lua , size = 3.802 KB
[12:25:42.855][info] [#0:script\workspace\loading.lua:100]: Preload file at: file:///c%3A/Users/downloader/AppData/Local/nvim-data/lazy/telescope.nvim/lua/telescope/utils.lua , size = 22.308 KB
[12:25:42.865][info] [#0:script\workspace\loading.lua:100]: Preload file at: file:///c%3A/Users/downloader/AppData/Local/nvim-data/lazy/telescope.nvim/lua/telescope/_.lua , size = 6.649 KB
[12:25:42.868][info] [#0:script\workspace\loading.lua:100]: Preload file at: file:///c%3A/Users/downloader/AppData/Local/nvim-data/lazy/telescope.nvim/lua/telescope/_extensions/init.lua , size = 2.229 KB
[12:25:42.869][info] [#0:script\workspace\loading.lua:100]: Preload file at: file:///c%3A/Users/downloader/AppData/Local/nvim-data/lazy/telescope.nvim/lua/tests/automated/action_spec.lua , size = 9.890 KB
[12:25:42.873][info] [#0:script\workspace\loading.lua:100]: Preload file at: file:///c%3A/Users/downloader/AppData/Local/nvim-data/lazy/telescope.nvim/lua/tests/automated/command_spec.lua , size = 3.155 KB
[12:25:42.874][info] [#0:script\workspace\loading.lua:100]: Preload file at: file:///c%3A/Users/downloader/AppData/Local/nvim-data/lazy/telescope.nvim/lua/tests/automated/entry_display_spec.lua , size = 1.850 KB
[12:25:42.875][info] [#0:script\workspace\loading.lua:100]: Preload file at: file:///c%3A/Users/downloader/AppData/Local/nvim-data/lazy/telescope.nvim/lua/tests/automated/entry_manager_spec.lua , size = 5.007 KB
[12:25:42.877][info] [#0:script\workspace\loading.lua:100]: Preload file at: file:///c%3A/Users/downloader/AppData/Local/nvim-data/lazy/telescope.nvim/lua/tests/automated/layout_strategies_spec.lua , size = 3.916 KB
[12:25:42.878][info] [#0:script\workspace\loading.lua:100]: Preload file at: file:///c%3A/Users/downloader/AppData/Local/nvim-data/lazy/telescope.nvim/lua/tests/automated/linked_list_spec.lua , size = 2.893 KB
[12:25:42.880][info] [#0:script\workspace\loading.lua:100]: Preload file at: file:///c%3A/Users/downloader/AppData/Local/nvim-data/lazy/telescope.nvim/lua/tests/automated/pickers/find_files_spec.lua , size = 3.845 KB
[12:25:42.881][info] [#0:script\workspace\loading.lua:100]: Preload file at: file:///c%3A/Users/downloader/AppData/Local/nvim-data/lazy/telescope.nvim/lua/tests/automated/pickers/live_grep_spec.lua , size = 1.212 KB
[12:25:42.881][info] [#0:script\workspace\loading.lua:100]: Preload file at: file:///c%3A/Users/downloader/AppData/Local/nvim-data/lazy/telescope.nvim/lua/tests/automated/resolver_spec.lua , size = 7.146 KB
[12:25:42.885][info] [#0:script\workspace\loading.lua:100]: Preload file at: file:///c%3A/Users/downloader/AppData/Local/nvim-data/lazy/telescope.nvim/lua/tests/automated/scroller_spec.lua , size = 4.629 KB
[12:25:42.886][info] [#0:script\workspace\loading.lua:100]: Preload file at: file:///c%3A/Users/downloader/AppData/Local/nvim-data/lazy/telescope.nvim/lua/tests/automated/sorters_spec.lua , size = 2.583 KB
[12:25:42.887][info] [#0:script\workspace\loading.lua:100]: Preload file at: file:///c%3A/Users/downloader/AppData/Local/nvim-data/lazy/telescope.nvim/lua/tests/automated/telescope_spec.lua , size = 7.896 KB
[12:25:42.891][info] [#0:script\workspace\loading.lua:100]: Preload file at: file:///c%3A/Users/downloader/AppData/Local/nvim-data/lazy/telescope.nvim/lua/tests/automated/utils_spec.lua , size = 11.370 KB
[12:25:42.894][info] [#0:script\workspace\loading.lua:100]: Preload file at: file:///c%3A/Users/downloader/AppData/Local/nvim-data/lazy/telescope.nvim/lua/tests/helpers.lua , size = 2.022 KB
[12:25:42.896][info] [#0:script\workspace\loading.lua:100]: Preload file at: file:///c%3A/Users/downloader/AppData/Local/nvim-data/lazy/telescope.nvim/lua/tests/pickers/find_files__readme.lua , size = 0.211 KB
[12:25:42.896][info] [#0:script\workspace\loading.lua:100]: Preload file at: file:///c%3A/Users/downloader/AppData/Local/nvim-data/lazy/telescope.nvim/lua/tests/pickers/find_files__scrolling_descending_cycle.lua , size = 0.352 KB
[12:25:42.896][info] [#0:script\workspace\loading.lua:100]: Preload file at: file:///c%3A/Users/downloader/AppData/Local/nvim-data/lazy/telescope.nvim/plugin/telescope.lua , size = 6.228 KB
[12:25:42.899][info] [#0:script\workspace\loading.lua:100]: Preload file at: file:///c%3A/Users/downloader/AppData/Local/nvim-data/lazy/telescope.nvim/scripts/gendocs.lua , size = 1.347 KB
[12:25:42.899][info] [#0:script\workspace\loading.lua:100]: Preload file at: file:///c%3A/Users/downloader/AppData/Local/nvim-data/lazy/todo-comments.nvim/lua/telescope/_extensions/todo-comments.lua , size = 2.143 KB
[12:25:42.900][info] [#0:script\workspace\loading.lua:100]: Preload file at: file:///c%3A/Users/downloader/AppData/Local/nvim-data/lazy/todo-comments.nvim/lua/todo-comments/config.lua , size = 6.884 KB
[12:25:42.903][info] [#0:script\workspace\loading.lua:100]: Preload file at: file:///c%3A/Users/downloader/AppData/Local/nvim-data/lazy/todo-comments.nvim/lua/todo-comments/fzf.lua , size = 0.694 KB
[12:25:42.903][info] [#0:script\workspace\loading.lua:100]: Preload file at: file:///c%3A/Users/downloader/AppData/Local/nvim-data/lazy/todo-comments.nvim/lua/todo-comments/highlight.lua , size = 10.934 KB
[12:25:42.909][info] [#0:script\workspace\loading.lua:100]: Preload file at: file:///c%3A/Users/downloader/AppData/Local/nvim-data/lazy/todo-comments.nvim/lua/todo-comments/init.lua , size = 0.426 KB
[12:25:42.909][info] [#0:script\workspace\loading.lua:100]: Preload file at: file:///c%3A/Users/downloader/AppData/Local/nvim-data/lazy/todo-comments.nvim/lua/todo-comments/jump.lua , size = 1.202 KB
[12:25:42.910][info] [#0:script\workspace\loading.lua:100]: Preload file at: file:///c%3A/Users/downloader/AppData/Local/nvim-data/lazy/todo-comments.nvim/lua/todo-comments/search.lua , size = 3.356 KB
[12:25:42.912][info] [#0:script\workspace\loading.lua:100]: Preload file at: file:///c%3A/Users/downloader/AppData/Local/nvim-data/lazy/todo-comments.nvim/lua/todo-comments/snacks.lua , size = 1.518 KB
[12:25:42.913][info] [#0:script\workspace\loading.lua:100]: Preload file at: file:///c%3A/Users/downloader/AppData/Local/nvim-data/lazy/todo-comments.nvim/lua/todo-comments/util.lua , size = 1.372 KB
[12:25:42.914][info] [#0:script\workspace\loading.lua:100]: Preload file at: file:///c%3A/Users/downloader/AppData/Local/nvim-data/lazy/todo-comments.nvim/lua/trouble/providers/todo.lua , size = 0.983 KB
[12:25:42.915][info] [#0:script\workspace\loading.lua:100]: Preload file at: file:///c%3A/Users/downloader/AppData/Local/nvim-data/lazy/todo-comments.nvim/lua/trouble/sources/todo.lua , size = 1.312 KB
[12:25:42.915][info] [#0:script\workspace\loading.lua:100]: Preload file at: file:///c%3A/Users/downloader/AppData/Local/nvim-data/lazy/tokyonight.nvim/.lazy.lua , size = 3.319 KB
[12:25:42.917][info] [#0:script\workspace\loading.lua:100]: Preload file at: file:///c%3A/Users/downloader/AppData/Local/nvim-data/lazy/tokyonight.nvim/colors/tokyonight-day.lua , size = 0.045 KB
[12:25:42.917][info] [#0:script\workspace\loading.lua:100]: Preload file at: file:///c%3A/Users/downloader/AppData/Local/nvim-data/lazy/tokyonight.nvim/colors/tokyonight-moon.lua , size = 0.046 KB
[12:25:42.917][info] [#0:script\workspace\loading.lua:100]: Preload file at: file:///c%3A/Users/downloader/AppData/Local/nvim-data/lazy/tokyonight.nvim/colors/tokyonight-night.lua , size = 0.047 KB
[12:25:42.918][info] [#0:script\workspace\loading.lua:100]: Preload file at: file:///c%3A/Users/downloader/AppData/Local/nvim-data/lazy/tokyonight.nvim/colors/tokyonight-storm.lua , size = 0.047 KB
[12:25:42.918][info] [#0:script\workspace\loading.lua:100]: Preload file at: file:///c%3A/Users/downloader/AppData/Local/nvim-data/lazy/tokyonight.nvim/colors/tokyonight.lua , size = 0.086 KB
[12:25:42.918][info] [#0:script\workspace\loading.lua:100]: Preload file at: file:///c%3A/Users/downloader/AppData/Local/nvim-data/lazy/tokyonight.nvim/extras/lua/tokyonight_day.lua , size = 52.312 KB
[12:25:42.929][info] [#0:script\workspace\loading.lua:100]: Preload file at: file:///c%3A/Users/downloader/AppData/Local/nvim-data/lazy/tokyonight.nvim/extras/lua/tokyonight_moon.lua , size = 52.313 KB
[12:25:42.940][info] [#0:script\workspace\loading.lua:100]: Preload file at: file:///c%3A/Users/downloader/AppData/Local/nvim-data/lazy/tokyonight.nvim/extras/lua/tokyonight_night.lua , size = 52.315 KB
[12:25:42.950][info] [#0:script\workspace\loading.lua:100]: Preload file at: file:///c%3A/Users/downloader/AppData/Local/nvim-data/lazy/tokyonight.nvim/extras/lua/tokyonight_storm.lua , size = 52.315 KB
[12:25:42.961][info] [#0:script\workspace\loading.lua:100]: Preload file at: file:///c%3A/Users/downloader/AppData/Local/nvim-data/lazy/tokyonight.nvim/lua/barbecue/theme/tokyonight.lua , size = 1.296 KB
[12:25:42.961][info] [#0:script\workspace\loading.lua:100]: Preload file at: file:///c%3A/Users/downloader/AppData/Local/nvim-data/lazy/tokyonight.nvim/lua/lightline/colorscheme/tokyonight.lua , size = 1.276 KB
[12:25:42.962][info] [#0:script\workspace\loading.lua:100]: Preload file at: file:///c%3A/Users/downloader/AppData/Local/nvim-data/lazy/tokyonight.nvim/lua/lualine/themes/tokyonight-day.lua , size = 0.055 KB
[12:25:42.962][info] [#0:script\workspace\loading.lua:100]: Preload file at: file:///c%3A/Users/downloader/AppData/Local/nvim-data/lazy/tokyonight.nvim/lua/lualine/themes/tokyonight-moon.lua , size = 0.056 KB
[12:25:42.963][info] [#0:script\workspace\loading.lua:100]: Preload file at: file:///c%3A/Users/downloader/AppData/Local/nvim-data/lazy/tokyonight.nvim/lua/lualine/themes/tokyonight-night.lua , size = 0.057 KB
[12:25:42.963][info] [#0:script\workspace\loading.lua:100]: Preload file at: file:///c%3A/Users/downloader/AppData/Local/nvim-data/lazy/tokyonight.nvim/lua/lualine/themes/tokyonight-storm.lua , size = 0.057 KB
[12:25:42.963][info] [#0:script\workspace\loading.lua:100]: Preload file at: file:///c%3A/Users/downloader/AppData/Local/nvim-data/lazy/tokyonight.nvim/lua/lualine/themes/tokyonight.lua , size = 0.050 KB
[12:25:42.963][info] [#0:script\workspace\loading.lua:100]: Preload file at: file:///c%3A/Users/downloader/AppData/Local/nvim-data/lazy/tokyonight.nvim/lua/lualine/themes/_tokyonight.lua , size = 1.298 KB
[12:25:42.964][info] [#0:script\workspace\loading.lua:100]: Preload file at: file:///c%3A/Users/downloader/AppData/Local/nvim-data/lazy/tokyonight.nvim/lua/tokyonight/colors/day.lua , size = 0.451 KB
[12:25:42.965][info] [#0:script\workspace\loading.lua:100]: Preload file at: file:///c%3A/Users/downloader/AppData/Local/nvim-data/lazy/tokyonight.nvim/lua/tokyonight/colors/init.lua , size = 2.737 KB
[12:25:42.966][info] [#0:script\workspace\loading.lua:100]: Preload file at: file:///c%3A/Users/downloader/AppData/Local/nvim-data/lazy/tokyonight.nvim/lua/tokyonight/colors/moon.lua , size = 0.751 KB
[12:25:42.966][info] [#0:script\workspace\loading.lua:100]: Preload file at: file:///c%3A/Users/downloader/AppData/Local/nvim-data/lazy/tokyonight.nvim/lua/tokyonight/colors/night.lua , size = 0.186 KB
[12:25:42.967][info] [#0:script\workspace\loading.lua:100]: Preload file at: file:///c%3A/Users/downloader/AppData/Local/nvim-data/lazy/tokyonight.nvim/lua/tokyonight/colors/storm.lua , size = 0.768 KB
[12:25:42.967][info] [#0:script\workspace\loading.lua:100]: Preload file at: file:///c%3A/Users/downloader/AppData/Local/nvim-data/lazy/tokyonight.nvim/lua/tokyonight/config.lua , size = 2.785 KB
[12:25:42.968][info] [#0:script\workspace\loading.lua:100]: Preload file at: file:///c%3A/Users/downloader/AppData/Local/nvim-data/lazy/tokyonight.nvim/lua/tokyonight/docs.lua , size = 1.663 KB
[12:25:42.969][info] [#0:script\workspace\loading.lua:100]: Preload file at: file:///c%3A/Users/downloader/AppData/Local/nvim-data/lazy/tokyonight.nvim/lua/tokyonight/extra/aerc.lua , size = 2.153 KB
[12:25:42.970][info] [#0:script\workspace\loading.lua:100]: Preload file at: file:///c%3A/Users/downloader/AppData/Local/nvim-data/lazy/tokyonight.nvim/lua/tokyonight/extra/aider.lua , size = 0.798 KB
[12:25:42.970][info] [#0:script\workspace\loading.lua:100]: Preload file at: file:///c%3A/Users/downloader/AppData/Local/nvim-data/lazy/tokyonight.nvim/lua/tokyonight/extra/alacritty.lua , size = 1.070 KB
[12:25:42.971][info] [#0:script\workspace\loading.lua:100]: Preload file at: file:///c%3A/Users/downloader/AppData/Local/nvim-data/lazy/tokyonight.nvim/lua/tokyonight/extra/btop.lua , size = 1.859 KB
[12:25:42.971][info] [#0:script\workspace\loading.lua:100]: Preload file at: file:///c%3A/Users/downloader/AppData/Local/nvim-data/lazy/tokyonight.nvim/lua/tokyonight/extra/delta.lua , size = 0.901 KB
[12:25:42.972][info] [#0:script\workspace\loading.lua:100]: Preload file at: file:///c%3A/Users/downloader/AppData/Local/nvim-data/lazy/tokyonight.nvim/lua/tokyonight/extra/discord.lua , size = 13.823 KB
[12:25:42.973][info] [#0:script\workspace\loading.lua:100]: Preload file at: file:///c%3A/Users/downloader/AppData/Local/nvim-data/lazy/tokyonight.nvim/lua/tokyonight/extra/dunst.lua , size = 0.612 KB
[12:25:42.974][info] [#0:script\workspace\loading.lua:100]: Preload file at: file:///c%3A/Users/downloader/AppData/Local/nvim-data/lazy/tokyonight.nvim/lua/tokyonight/extra/eza.lua , size = 3.476 KB
[12:25:42.974][info] [#0:script\workspace\loading.lua:100]: Preload file at: file:///c%3A/Users/downloader/AppData/Local/nvim-data/lazy/tokyonight.nvim/lua/tokyonight/extra/fish.lua , size = 1.413 KB
[12:25:42.975][info] [#0:script\workspace\loading.lua:100]: Preload file at: file:///c%3A/Users/downloader/AppData/Local/nvim-data/lazy/tokyonight.nvim/lua/tokyonight/extra/fish_themes.lua , size = 1.058 KB
[12:25:42.975][info] [#0:script\workspace\loading.lua:100]: Preload file at: file:///c%3A/Users/downloader/AppData/Local/nvim-data/lazy/tokyonight.nvim/lua/tokyonight/extra/foot.lua , size = 0.790 KB
[12:25:42.975][info] [#0:script\workspace\loading.lua:100]: Preload file at: file:///c%3A/Users/downloader/AppData/Local/nvim-data/lazy/tokyonight.nvim/lua/tokyonight/extra/fuzzel.lua , size = 0.559 KB
[12:25:42.976][info] [#0:script\workspace\loading.lua:100]: Preload file at: file:///c%3A/Users/downloader/AppData/Local/nvim-data/lazy/tokyonight.nvim/lua/tokyonight/extra/fzf.lua , size = 2.217 KB
[12:25:42.977][info] [#0:script\workspace\loading.lua:100]: Preload file at: file:///c%3A/Users/downloader/AppData/Local/nvim-data/lazy/tokyonight.nvim/lua/tokyonight/extra/ghostty.lua , size = 0.844 KB
[12:25:42.977][info] [#0:script\workspace\loading.lua:100]: Preload file at: file:///c%3A/Users/downloader/AppData/Local/nvim-data/lazy/tokyonight.nvim/lua/tokyonight/extra/gitui.lua , size = 0.914 KB
[12:25:42.978][info] [#0:script\workspace\loading.lua:100]: Preload file at: file:///c%3A/Users/downloader/AppData/Local/nvim-data/lazy/tokyonight.nvim/lua/tokyonight/extra/gnome_terminal.lua , size = 1.404 KB
[12:25:42.978][info] [#0:script\workspace\loading.lua:100]: Preload file at: file:///c%3A/Users/downloader/AppData/Local/nvim-data/lazy/tokyonight.nvim/lua/tokyonight/extra/helix.lua , size = 10.255 KB
[12:25:42.982][info] [#0:script\workspace\loading.lua:100]: Preload file at: file:///c%3A/Users/downloader/AppData/Local/nvim-data/lazy/tokyonight.nvim/lua/tokyonight/extra/init.lua , size = 5.974 KB
[12:25:42.984][info] [#0:script\workspace\loading.lua:100]: Preload file at: file:///c%3A/Users/downloader/AppData/Local/nvim-data/lazy/tokyonight.nvim/lua/tokyonight/extra/ish.lua , size = 0.856 KB
[12:25:42.984][info] [#0:script\workspace\loading.lua:100]: Preload file at: file:///c%3A/Users/downloader/AppData/Local/nvim-data/lazy/tokyonight.nvim/lua/tokyonight/extra/iterm.lua , size = 8.414 KB
[12:25:42.986][info] [#0:script\workspace\loading.lua:100]: Preload file at: file:///c%3A/Users/downloader/AppData/Local/nvim-data/lazy/tokyonight.nvim/lua/tokyonight/extra/kitty.lua , size = 1.221 KB
[12:25:42.986][info] [#0:script\workspace\loading.lua:100]: Preload file at: file:///c%3A/Users/downloader/AppData/Local/nvim-data/lazy/tokyonight.nvim/lua/tokyonight/extra/konsole.lua , size = 1.463 KB
[12:25:42.987][info] [#0:script\workspace\loading.lua:100]: Preload file at: file:///c%3A/Users/downloader/AppData/Local/nvim-data/lazy/tokyonight.nvim/lua/tokyonight/extra/lazygit.lua , size = 0.768 KB
[12:25:42.987][info] [#0:script\workspace\loading.lua:100]: Preload file at: file:///c%3A/Users/downloader/AppData/Local/nvim-data/lazy/tokyonight.nvim/lua/tokyonight/extra/lua.lua , size = 0.339 KB
[12:25:42.987][info] [#0:script\workspace\loading.lua:100]: Preload file at: file:///c%3A/Users/downloader/AppData/Local/nvim-data/lazy/tokyonight.nvim/lua/tokyonight/extra/opencode.lua , size = 5.439 KB
[12:25:42.989][info] [#0:script\workspace\loading.lua:100]: Preload file at: file:///c%3A/Users/downloader/AppData/Local/nvim-data/lazy/tokyonight.nvim/lua/tokyonight/extra/prism.lua , size = 1.349 KB
[12:25:42.989][info] [#0:script\workspace\loading.lua:100]: Preload file at: file:///c%3A/Users/downloader/AppData/Local/nvim-data/lazy/tokyonight.nvim/lua/tokyonight/extra/process_compose.lua , size = 1.097 KB
[12:25:42.990][info] [#0:script\workspace\loading.lua:100]: Preload file at: file:///c%3A/Users/downloader/AppData/Local/nvim-data/lazy/tokyonight.nvim/lua/tokyonight/extra/qterminal.lua , size = 1.517 KB
[12:25:42.990][info] [#0:script\workspace\loading.lua:100]: Preload file at: file:///c%3A/Users/downloader/AppData/Local/nvim-data/lazy/tokyonight.nvim/lua/tokyonight/extra/slack.lua , size = 0.206 KB
[12:25:42.991][info] [#0:script\workspace\loading.lua:100]: Preload file at: file:///c%3A/Users/downloader/AppData/Local/nvim-data/lazy/tokyonight.nvim/lua/tokyonight/extra/spotify_player.lua , size = 0.653 KB
[12:25:42.991][info] [#0:script\workspace\loading.lua:100]: Preload file at: file:///c%3A/Users/downloader/AppData/Local/nvim-data/lazy/tokyonight.nvim/lua/tokyonight/extra/sublime.lua , size = 45.259 KB
[12:25:42.995][info] [#0:script\workspace\loading.lua:100]: Preload file at: file:///c%3A/Users/downloader/AppData/Local/nvim-data/lazy/tokyonight.nvim/lua/tokyonight/extra/tailwindv4.lua , size = 5.237 KB
[12:25:42.996][info] [#0:script\workspace\loading.lua:100]: Preload file at: file:///c%3A/Users/downloader/AppData/Local/nvim-data/lazy/tokyonight.nvim/lua/tokyonight/extra/terminator.lua , size = 0.447 KB
[12:25:42.996][info] [#0:script\workspace\loading.lua:100]: Preload file at: file:///c%3A/Users/downloader/AppData/Local/nvim-data/lazy/tokyonight.nvim/lua/tokyonight/extra/termux.lua , size = 1.003 KB
[12:25:42.996][info] [#0:script\workspace\loading.lua:100]: Preload file at: file:///c%3A/Users/downloader/AppData/Local/nvim-data/lazy/tokyonight.nvim/lua/tokyonight/extra/tilix.lua , size = 0.683 KB
[12:25:42.997][info] [#0:script\workspace\loading.lua:100]: Preload file at: file:///c%3A/Users/downloader/AppData/Local/nvim-data/lazy/tokyonight.nvim/lua/tokyonight/extra/tmux.lua , size = 2.452 KB
[12:25:42.997][info] [#0:script\workspace\loading.lua:100]: Preload file at: file:///c%3A/Users/downloader/AppData/Local/nvim-data/lazy/tokyonight.nvim/lua/tokyonight/extra/vim.lua , size = 2.306 KB
[12:25:42.998][info] [#0:script\workspace\loading.lua:100]: Preload file at: file:///c%3A/Users/downloader/AppData/Local/nvim-data/lazy/tokyonight.nvim/lua/tokyonight/extra/vimium.lua , size = 2.788 KB
[12:25:42.999][info] [#0:script\workspace\loading.lua:100]: Preload file at: file:///c%3A/Users/downloader/AppData/Local/nvim-data/lazy/tokyonight.nvim/lua/tokyonight/extra/vivaldi.lua , size = 1.470 KB
[12:25:43.000][info] [#0:script\workspace\loading.lua:100]: Preload file at: file:///c%3A/Users/downloader/AppData/Local/nvim-data/lazy/tokyonight.nvim/lua/tokyonight/extra/wezterm.lua , size = 1.383 KB
[12:25:43.000][info] [#0:script\workspace\loading.lua:100]: Preload file at: file:///c%3A/Users/downloader/AppData/Local/nvim-data/lazy/tokyonight.nvim/lua/tokyonight/extra/windows_terminal.lua , size = 0.988 KB
[12:25:43.000][info] [#0:script\workspace\loading.lua:100]: Preload file at: file:///c%3A/Users/downloader/AppData/Local/nvim-data/lazy/tokyonight.nvim/lua/tokyonight/extra/xfceterm.lua , size = 0.485 KB
[12:25:43.001][info] [#0:script\workspace\loading.lua:100]: Preload file at: file:///c%3A/Users/downloader/AppData/Local/nvim-data/lazy/tokyonight.nvim/lua/tokyonight/extra/xresources.lua , size = 0.558 KB
[12:25:43.001][info] [#0:script\workspace\loading.lua:100]: Preload file at: file:///c%3A/Users/downloader/AppData/Local/nvim-data/lazy/tokyonight.nvim/lua/tokyonight/extra/yazi.lua , size = 4.244 KB
[12:25:43.002][info] [#0:script\workspace\loading.lua:100]: Preload file at: file:///c%3A/Users/downloader/AppData/Local/nvim-data/lazy/tokyonight.nvim/lua/tokyonight/extra/zathura.lua , size = 1.260 KB
[12:25:43.002][info] [#0:script\workspace\loading.lua:100]: Preload file at: file:///c%3A/Users/downloader/AppData/Local/nvim-data/lazy/tokyonight.nvim/lua/tokyonight/extra/zellij.lua , size = 0.796 KB
[12:25:43.002][info] [#0:script\workspace\loading.lua:100]: Preload file at: file:///c%3A/Users/downloader/AppData/Local/nvim-data/lazy/tokyonight.nvim/lua/tokyonight/groups/aerial.lua , size = 0.367 KB
[12:25:43.003][info] [#0:script\workspace\loading.lua:100]: Preload file at: file:///c%3A/Users/downloader/AppData/Local/nvim-data/lazy/tokyonight.nvim/lua/tokyonight/groups/ale.lua , size = 0.243 KB
[12:25:43.003][info] [#0:script\workspace\loading.lua:100]: Preload file at: file:///c%3A/Users/downloader/AppData/Local/nvim-data/lazy/tokyonight.nvim/lua/tokyonight/groups/alpha.lua , size = 0.365 KB
[12:25:43.003][info] [#0:script\workspace\loading.lua:100]: Preload file at: file:///c%3A/Users/downloader/AppData/Local/nvim-data/lazy/tokyonight.nvim/lua/tokyonight/groups/barbar.lua , size = 3.903 KB
[12:25:43.005][info] [#0:script\workspace\loading.lua:100]: Preload file at: file:///c%3A/Users/downloader/AppData/Local/nvim-data/lazy/tokyonight.nvim/lua/tokyonight/groups/base.lua , size = 13.474 KB
[12:25:43.009][info] [#0:script\workspace\loading.lua:100]: Preload file at: file:///c%3A/Users/downloader/AppData/Local/nvim-data/lazy/tokyonight.nvim/lua/tokyonight/groups/blink.lua , size = 1.390 KB
[12:25:43.010][info] [#0:script\workspace\loading.lua:100]: Preload file at: file:///c%3A/Users/downloader/AppData/Local/nvim-data/lazy/tokyonight.nvim/lua/tokyonight/groups/bufferline.lua , size = 0.226 KB
[12:25:43.011][info] [#0:script\workspace\loading.lua:100]: Preload file at: file:///c%3A/Users/downloader/AppData/Local/nvim-data/lazy/tokyonight.nvim/lua/tokyonight/groups/cmp.lua , size = 1.041 KB
[12:25:43.011][info] [#0:script\workspace\loading.lua:100]: Preload file at: file:///c%3A/Users/downloader/AppData/Local/nvim-data/lazy/tokyonight.nvim/lua/tokyonight/groups/codeium.lua , size = 0.238 KB
[12:25:43.011][info] [#0:script\workspace\loading.lua:100]: Preload file at: file:///c%3A/Users/downloader/AppData/Local/nvim-data/lazy/tokyonight.nvim/lua/tokyonight/groups/copilot.lua , size = 0.286 KB
[12:25:43.012][info] [#0:script\workspace\loading.lua:100]: Preload file at: file:///c%3A/Users/downloader/AppData/Local/nvim-data/lazy/tokyonight.nvim/lua/tokyonight/groups/dap.lua , size = 0.312 KB
[12:25:43.012][info] [#0:script\workspace\loading.lua:100]: Preload file at: file:///c%3A/Users/downloader/AppData/Local/nvim-data/lazy/tokyonight.nvim/lua/tokyonight/groups/dashboard.lua , size = 0.854 KB
[12:25:43.012][info] [#0:script\workspace\loading.lua:100]: Preload file at: file:///c%3A/Users/downloader/AppData/Local/nvim-data/lazy/tokyonight.nvim/lua/tokyonight/groups/flash.lua , size = 0.264 KB
[12:25:43.013][info] [#0:script\workspace\loading.lua:100]: Preload file at: file:///c%3A/Users/downloader/AppData/Local/nvim-data/lazy/tokyonight.nvim/lua/tokyonight/groups/fzf.lua , size = 0.845 KB
[12:25:43.013][info] [#0:script\workspace\loading.lua:100]: Preload file at: file:///c%3A/Users/downloader/AppData/Local/nvim-data/lazy/tokyonight.nvim/lua/tokyonight/groups/gitgutter.lua , size = 0.571 KB
[12:25:43.014][info] [#0:script\workspace\loading.lua:100]: Preload file at: file:///c%3A/Users/downloader/AppData/Local/nvim-data/lazy/tokyonight.nvim/lua/tokyonight/groups/gitsigns.lua , size = 0.405 KB
[12:25:43.014][info] [#0:script\workspace\loading.lua:100]: Preload file at: file:///c%3A/Users/downloader/AppData/Local/nvim-data/lazy/tokyonight.nvim/lua/tokyonight/groups/glyph-palette.lua , size = 0.425 KB
[12:25:43.014][info] [#0:script\workspace\loading.lua:100]: Preload file at: file:///c%3A/Users/downloader/AppData/Local/nvim-data/lazy/tokyonight.nvim/lua/tokyonight/groups/grug-far.lua , size = 0.715 KB
[12:25:43.015][info] [#0:script\workspace\loading.lua:100]: Preload file at: file:///c%3A/Users/downloader/AppData/Local/nvim-data/lazy/tokyonight.nvim/lua/tokyonight/groups/headlines.lua , size = 0.401 KB
[12:25:43.015][info] [#0:script\workspace\loading.lua:100]: Preload file at: file:///c%3A/Users/downloader/AppData/Local/nvim-data/lazy/tokyonight.nvim/lua/tokyonight/groups/hop.lua , size = 0.392 KB
[12:25:43.015][info] [#0:script\workspace\loading.lua:100]: Preload file at: file:///c%3A/Users/downloader/AppData/Local/nvim-data/lazy/tokyonight.nvim/lua/tokyonight/groups/illuminate.lua , size = 0.401 KB
[12:25:43.016][info] [#0:script\workspace\loading.lua:100]: Preload file at: file:///c%3A/Users/downloader/AppData/Local/nvim-data/lazy/tokyonight.nvim/lua/tokyonight/groups/indent-blankline.lua , size = 0.459 KB
[12:25:43.016][info] [#0:script\workspace\loading.lua:100]: Preload file at: file:///c%3A/Users/downloader/AppData/Local/nvim-data/lazy/tokyonight.nvim/lua/tokyonight/groups/indentmini.lua , size = 0.309 KB
[12:25:43.016][info] [#0:script\workspace\loading.lua:100]: Preload file at: file:///c%3A/Users/downloader/AppData/Local/nvim-data/lazy/tokyonight.nvim/lua/tokyonight/groups/init.lua , size = 5.649 KB
[12:25:43.018][info] [#0:script\workspace\loading.lua:100]: Preload file at: file:///c%3A/Users/downloader/AppData/Local/nvim-data/lazy/tokyonight.nvim/lua/tokyonight/groups/kinds.lua , size = 1.349 KB
[12:25:43.019][info] [#0:script\workspace\loading.lua:100]: Preload file at: file:///c%3A/Users/downloader/AppData/Local/nvim-data/lazy/tokyonight.nvim/lua/tokyonight/groups/lazy.lua , size = 0.274 KB
[12:25:43.019][info] [#0:script\workspace\loading.lua:100]: Preload file at: file:///c%3A/Users/downloader/AppData/Local/nvim-data/lazy/tokyonight.nvim/lua/tokyonight/groups/leap.lua , size = 0.332 KB
[12:25:43.020][info] [#0:script\workspace\loading.lua:100]: Preload file at: file:///c%3A/Users/downloader/AppData/Local/nvim-data/lazy/tokyonight.nvim/lua/tokyonight/groups/lspsaga.lua , size = 1.076 KB
[12:25:43.021][info] [#0:script\workspace\loading.lua:100]: Preload file at: file:///c%3A/Users/downloader/AppData/Local/nvim-data/lazy/tokyonight.nvim/lua/tokyonight/groups/mini_animate.lua , size = 0.273 KB
[12:25:43.022][info] [#0:script\workspace\loading.lua:100]: Preload file at: file:///c%3A/Users/downloader/AppData/Local/nvim-data/lazy/tokyonight.nvim/lua/tokyonight/groups/mini_clue.lua , size = 0.540 KB
[12:25:43.022][info] [#0:script\workspace\loading.lua:100]: Preload file at: file:///c%3A/Users/downloader/AppData/Local/nvim-data/lazy/tokyonight.nvim/lua/tokyonight/groups/mini_completion.lua , size = 0.225 KB
[12:25:43.022][info] [#0:script\workspace\loading.lua:100]: Preload file at: file:///c%3A/Users/downloader/AppData/Local/nvim-data/lazy/tokyonight.nvim/lua/tokyonight/groups/mini_cursorword.lua , size = 0.266 KB
[12:25:43.023][info] [#0:script\workspace\loading.lua:100]: Preload file at: file:///c%3A/Users/downloader/AppData/Local/nvim-data/lazy/tokyonight.nvim/lua/tokyonight/groups/mini_deps.lua , size = 0.615 KB
[12:25:43.023][info] [#0:script\workspace\loading.lua:100]: Preload file at: file:///c%3A/Users/downloader/AppData/Local/nvim-data/lazy/tokyonight.nvim/lua/tokyonight/groups/mini_diff.lua , size = 0.454 KB
[12:25:43.023][info] [#0:script\workspace\loading.lua:100]: Preload file at: file:///c%3A/Users/downloader/AppData/Local/nvim-data/lazy/tokyonight.nvim/lua/tokyonight/groups/mini_files.lua , size = 0.570 KB
[12:25:43.024][info] [#0:script\workspace\loading.lua:100]: Preload file at: file:///c%3A/Users/downloader/AppData/Local/nvim-data/lazy/tokyonight.nvim/lua/tokyonight/groups/mini_hipatterns.lua , size = 0.445 KB
[12:25:43.024][info] [#0:script\workspace\loading.lua:100]: Preload file at: file:///c%3A/Users/downloader/AppData/Local/nvim-data/lazy/tokyonight.nvim/lua/tokyonight/groups/mini_icons.lua , size = 0.510 KB
[12:25:43.025][info] [#0:script\workspace\loading.lua:100]: Preload file at: file:///c%3A/Users/downloader/AppData/Local/nvim-data/lazy/tokyonight.nvim/lua/tokyonight/groups/mini_indentscope.lua , size = 0.301 KB
[12:25:43.025][info] [#0:script\workspace\loading.lua:100]: Preload file at: file:///c%3A/Users/downloader/AppData/Local/nvim-data/lazy/tokyonight.nvim/lua/tokyonight/groups/mini_jump.lua , size = 0.490 KB
[12:25:43.026][info] [#0:script\workspace\loading.lua:100]: Preload file at: file:///c%3A/Users/downloader/AppData/Local/nvim-data/lazy/tokyonight.nvim/lua/tokyonight/groups/mini_map.lua , size = 0.306 KB
[12:25:43.026][info] [#0:script\workspace\loading.lua:100]: Preload file at: file:///c%3A/Users/downloader/AppData/Local/nvim-data/lazy/tokyonight.nvim/lua/tokyonight/groups/mini_notify.lua , size = 0.273 KB
[12:25:43.026][info] [#0:script\workspace\loading.lua:100]: Preload file at: file:///c%3A/Users/downloader/AppData/Local/nvim-data/lazy/tokyonight.nvim/lua/tokyonight/groups/mini_operators.lua , size = 0.211 KB
[12:25:43.027][info] [#0:script\workspace\loading.lua:100]: Preload file at: file:///c%3A/Users/downloader/AppData/Local/nvim-data/lazy/tokyonight.nvim/lua/tokyonight/groups/mini_pick.lua , size = 0.770 KB
[12:25:43.027][info] [#0:script\workspace\loading.lua:100]: Preload file at: file:///c%3A/Users/downloader/AppData/Local/nvim-data/lazy/tokyonight.nvim/lua/tokyonight/groups/mini_starter.lua , size = 0.675 KB
[12:25:43.027][info] [#0:script\workspace\loading.lua:100]: Preload file at: file:///c%3A/Users/downloader/AppData/Local/nvim-data/lazy/tokyonight.nvim/lua/tokyonight/groups/mini_statusline.lua , size = 0.896 KB
[12:25:43.028][info] [#0:script\workspace\loading.lua:100]: Preload file at: file:///c%3A/Users/downloader/AppData/Local/nvim-data/lazy/tokyonight.nvim/lua/tokyonight/groups/mini_surround.lua , size = 0.217 KB
[12:25:43.028][info] [#0:script\workspace\loading.lua:100]: Preload file at: file:///c%3A/Users/downloader/AppData/Local/nvim-data/lazy/tokyonight.nvim/lua/tokyonight/groups/mini_tabline.lua , size = 0.761 KB
[12:25:43.029][info] [#0:script\workspace\loading.lua:100]: Preload file at: file:///c%3A/Users/downloader/AppData/Local/nvim-data/lazy/tokyonight.nvim/lua/tokyonight/groups/mini_test.lua , size = 0.297 KB
[12:25:43.029][info] [#0:script\workspace\loading.lua:100]: Preload file at: file:///c%3A/Users/downloader/AppData/Local/nvim-data/lazy/tokyonight.nvim/lua/tokyonight/groups/mini_trailspace.lua , size = 0.204 KB
[12:25:43.029][info] [#0:script\workspace\loading.lua:100]: Preload file at: file:///c%3A/Users/downloader/AppData/Local/nvim-data/lazy/tokyonight.nvim/lua/tokyonight/groups/navic.lua , size = 0.342 KB
[12:25:43.029][info] [#0:script\workspace\loading.lua:100]: Preload file at: file:///c%3A/Users/downloader/AppData/Local/nvim-data/lazy/tokyonight.nvim/lua/tokyonight/groups/neo-tree.lua , size = 1.024 KB
[12:25:43.030][info] [#0:script\workspace\loading.lua:100]: Preload file at: file:///c%3A/Users/downloader/AppData/Local/nvim-data/lazy/tokyonight.nvim/lua/tokyonight/groups/neogit.lua , size = 0.671 KB
[12:25:43.031][info] [#0:script\workspace\loading.lua:100]: Preload file at: file:///c%3A/Users/downloader/AppData/Local/nvim-data/lazy/tokyonight.nvim/lua/tokyonight/groups/neotest.lua , size = 0.871 KB
[12:25:43.032][info] [#0:script\workspace\loading.lua:100]: Preload file at: file:///c%3A/Users/downloader/AppData/Local/nvim-data/lazy/tokyonight.nvim/lua/tokyonight/groups/noice.lua , size = 0.644 KB
[12:25:43.032][info] [#0:script\workspace\loading.lua:100]: Preload file at: file:///c%3A/Users/downloader/AppData/Local/nvim-data/lazy/tokyonight.nvim/lua/tokyonight/groups/notify.lua , size = 1.581 KB
[12:25:43.033][info] [#0:script\workspace\loading.lua:100]: Preload file at: file:///c%3A/Users/downloader/AppData/Local/nvim-data/lazy/tokyonight.nvim/lua/tokyonight/groups/nvim-tree.lua , size = 0.934 KB
[12:25:43.034][info] [#0:script\workspace\loading.lua:100]: Preload file at: file:///c%3A/Users/downloader/AppData/Local/nvim-data/lazy/tokyonight.nvim/lua/tokyonight/groups/octo.lua , size = 0.812 KB
[12:25:43.034][info] [#0:script\workspace\loading.lua:100]: Preload file at: file:///c%3A/Users/downloader/AppData/Local/nvim-data/lazy/tokyonight.nvim/lua/tokyonight/groups/rainbow.lua , size = 0.523 KB
[12:25:43.035][info] [#0:script\workspace\loading.lua:100]: Preload file at: file:///c%3A/Users/downloader/AppData/Local/nvim-data/lazy/tokyonight.nvim/lua/tokyonight/groups/render-markdown.lua , size = 0.761 KB
[12:25:43.035][info] [#0:script\workspace\loading.lua:100]: Preload file at: file:///c%3A/Users/downloader/AppData/Local/nvim-data/lazy/tokyonight.nvim/lua/tokyonight/groups/scrollbar.lua , size = 0.974 KB
[12:25:43.036][info] [#0:script\workspace\loading.lua:100]: Preload file at: file:///c%3A/Users/downloader/AppData/Local/nvim-data/lazy/tokyonight.nvim/lua/tokyonight/groups/semantic_tokens.lua , size = 2.925 KB
[12:25:43.037][info] [#0:script\workspace\loading.lua:100]: Preload file at: file:///c%3A/Users/downloader/AppData/Local/nvim-data/lazy/tokyonight.nvim/lua/tokyonight/groups/sidekick.lua , size = 0.438 KB
[12:25:43.037][info] [#0:script\workspace\loading.lua:100]: Preload file at: file:///c%3A/Users/downloader/AppData/Local/nvim-data/lazy/tokyonight.nvim/lua/tokyonight/groups/snacks.lua , size = 3.576 KB
[12:25:43.038][info] [#0:script\workspace\loading.lua:100]: Preload file at: file:///c%3A/Users/downloader/AppData/Local/nvim-data/lazy/tokyonight.nvim/lua/tokyonight/groups/sneak.lua , size = 0.260 KB
[12:25:43.039][info] [#0:script\workspace\loading.lua:100]: Preload file at: file:///c%3A/Users/downloader/AppData/Local/nvim-data/lazy/tokyonight.nvim/lua/tokyonight/groups/supermaven.lua , size = 0.247 KB
[12:25:43.040][info] [#0:script\workspace\loading.lua:100]: Preload file at: file:///c%3A/Users/downloader/AppData/Local/nvim-data/lazy/tokyonight.nvim/lua/tokyonight/groups/telescope.lua , size = 0.486 KB
[12:25:43.040][info] [#0:script\workspace\loading.lua:100]: Preload file at: file:///c%3A/Users/downloader/AppData/Local/nvim-data/lazy/tokyonight.nvim/lua/tokyonight/groups/treesitter-context.lua , size = 0.284 KB
[12:25:43.041][info] [#0:script\workspace\loading.lua:100]: Preload file at: file:///c%3A/Users/downloader/AppData/Local/nvim-data/lazy/tokyonight.nvim/lua/tokyonight/groups/treesitter.lua , size = 6.194 KB
[12:25:43.042][info] [#0:script\workspace\loading.lua:100]: Preload file at: file:///c%3A/Users/downloader/AppData/Local/nvim-data/lazy/tokyonight.nvim/lua/tokyonight/groups/trouble.lua , size = 0.313 KB
[12:25:43.043][info] [#0:script\workspace\loading.lua:100]: Preload file at: file:///c%3A/Users/downloader/AppData/Local/nvim-data/lazy/tokyonight.nvim/lua/tokyonight/groups/vimwiki.lua , size = 0.589 KB
[12:25:43.043][info] [#0:script\workspace\loading.lua:100]: Preload file at: file:///c%3A/Users/downloader/AppData/Local/nvim-data/lazy/tokyonight.nvim/lua/tokyonight/groups/which-key.lua , size = 0.421 KB
[12:25:43.044][info] [#0:script\workspace\loading.lua:100]: Preload file at: file:///c%3A/Users/downloader/AppData/Local/nvim-data/lazy/tokyonight.nvim/lua/tokyonight/groups/yanky.lua , size = 0.222 KB
[12:25:43.044][info] [#0:script\workspace\loading.lua:100]: Preload file at: file:///c%3A/Users/downloader/AppData/Local/nvim-data/lazy/tokyonight.nvim/lua/tokyonight/hsluv.lua , size = 8.512 KB
[12:25:43.048][info] [#0:script\workspace\loading.lua:100]: Preload file at: file:///c%3A/Users/downloader/AppData/Local/nvim-data/lazy/tokyonight.nvim/lua/tokyonight/init.lua , size = 0.661 KB
[12:25:43.049][info] [#0:script\workspace\loading.lua:100]: Preload file at: file:///c%3A/Users/downloader/AppData/Local/nvim-data/lazy/tokyonight.nvim/lua/tokyonight/theme.lua , size = 1.594 KB
[12:25:43.050][info] [#0:script\workspace\loading.lua:100]: Preload file at: file:///c%3A/Users/downloader/AppData/Local/nvim-data/lazy/tokyonight.nvim/lua/tokyonight/types.lua , size = 0.361 KB
[12:25:43.050][info] [#0:script\workspace\loading.lua:100]: Preload file at: file:///c%3A/Users/downloader/AppData/Local/nvim-data/lazy/tokyonight.nvim/lua/tokyonight/util.lua , size = 4.407 KB
[12:25:43.053][info] [#0:script\workspace\loading.lua:100]: Preload file at: file:///c%3A/Users/downloader/AppData/Local/nvim-data/lazy/tokyonight.nvim/tests/colorscheme_spec.lua , size = 2.393 KB
[12:25:43.055][info] [#0:script\workspace\loading.lua:100]: Preload file at: file:///c%3A/Users/downloader/AppData/Local/nvim-data/lazy/tokyonight.nvim/tests/groups_spec.lua , size = 2.728 KB
[12:25:43.057][info] [#0:script\workspace\loading.lua:100]: Preload file at: file:///c%3A/Users/downloader/AppData/Local/nvim-data/lazy/tokyonight.nvim/tests/minit.lua , size = 0.463 KB
[12:25:43.058][info] [#0:script\workspace\loading.lua:100]: Preload file at: file:///c%3A/Users/downloader/AppData/Local/nvim-data/lazy/which-key.nvim/lua/which-key/buf.lua , size = 5.517 KB
[12:25:43.061][info] [#0:script\workspace\loading.lua:100]: Preload file at: file:///c%3A/Users/downloader/AppData/Local/nvim-data/lazy/which-key.nvim/lua/which-key/colors.lua , size = 1.627 KB
[12:25:43.062][info] [#0:script\workspace\loading.lua:100]: Preload file at: file:///c%3A/Users/downloader/AppData/Local/nvim-data/lazy/which-key.nvim/lua/which-key/config.lua , size = 10.268 KB
[12:25:43.066][info] [#0:script\workspace\loading.lua:100]: Preload file at: file:///c%3A/Users/downloader/AppData/Local/nvim-data/lazy/which-key.nvim/lua/which-key/docs.lua , size = 0.424 KB
[12:25:43.066][info] [#0:script\workspace\loading.lua:100]: Preload file at: file:///c%3A/Users/downloader/AppData/Local/nvim-data/lazy/which-key.nvim/lua/which-key/extras.lua , size = 1.563 KB
[12:25:43.068][info] [#0:script\workspace\loading.lua:100]: Preload file at: file:///c%3A/Users/downloader/AppData/Local/nvim-data/lazy/which-key.nvim/lua/which-key/health.lua , size = 5.291 KB
[12:25:43.070][info] [#0:script\workspace\loading.lua:100]: Preload file at: file:///c%3A/Users/downloader/AppData/Local/nvim-data/lazy/which-key.nvim/lua/which-key/icons.lua , size = 6.754 KB
[12:25:43.073][info] [#0:script\workspace\loading.lua:100]: Preload file at: file:///c%3A/Users/downloader/AppData/Local/nvim-data/lazy/which-key.nvim/lua/which-key/init.lua , size = 1.225 KB
[12:25:43.074][info] [#0:script\workspace\loading.lua:100]: Preload file at: file:///c%3A/Users/downloader/AppData/Local/nvim-data/lazy/which-key.nvim/lua/which-key/layout.lua , size = 3.939 KB
[12:25:43.076][info] [#0:script\workspace\loading.lua:100]: Preload file at: file:///c%3A/Users/downloader/AppData/Local/nvim-data/lazy/which-key.nvim/lua/which-key/mappings.lua , size = 8.400 KB
[12:25:43.081][info] [#0:script\workspace\loading.lua:100]: Preload file at: file:///c%3A/Users/downloader/AppData/Local/nvim-data/lazy/which-key.nvim/lua/which-key/migrate.lua , size = 1.882 KB
[12:25:43.082][info] [#0:script\workspace\loading.lua:100]: Preload file at: file:///c%3A/Users/downloader/AppData/Local/nvim-data/lazy/which-key.nvim/lua/which-key/node.lua , size = 4.787 KB
[12:25:43.085][info] [#0:script\workspace\loading.lua:100]: Preload file at: file:///c%3A/Users/downloader/AppData/Local/nvim-data/lazy/which-key.nvim/lua/which-key/plugins/init.lua , size = 1.079 KB
[12:25:43.086][info] [#0:script\workspace\loading.lua:100]: Preload file at: file:///c%3A/Users/downloader/AppData/Local/nvim-data/lazy/which-key.nvim/lua/which-key/plugins/marks.lua , size = 1.717 KB
[12:25:43.087][info] [#0:script\workspace\loading.lua:100]: Preload file at: file:///c%3A/Users/downloader/AppData/Local/nvim-data/lazy/which-key.nvim/lua/which-key/plugins/presets.lua , size = 6.682 KB
[12:25:43.093][info] [#0:script\workspace\loading.lua:100]: Preload file at: file:///c%3A/Users/downloader/AppData/Local/nvim-data/lazy/which-key.nvim/lua/which-key/plugins/registers.lua , size = 1.851 KB
[12:25:43.095][info] [#0:script\workspace\loading.lua:100]: Preload file at: file:///c%3A/Users/downloader/AppData/Local/nvim-data/lazy/which-key.nvim/lua/which-key/plugins/spelling.lua , size = 1.216 KB
[12:25:43.096][info] [#0:script\workspace\loading.lua:100]: Preload file at: file:///c%3A/Users/downloader/AppData/Local/nvim-data/lazy/which-key.nvim/lua/which-key/presets.lua , size = 0.677 KB
[12:25:43.096][info] [#0:script\workspace\loading.lua:100]: Preload file at: file:///c%3A/Users/downloader/AppData/Local/nvim-data/lazy/which-key.nvim/lua/which-key/state.lua , size = 9.947 KB
[12:25:43.101][info] [#0:script\workspace\loading.lua:100]: Preload file at: file:///c%3A/Users/downloader/AppData/Local/nvim-data/lazy/which-key.nvim/lua/which-key/text.lua , size = 3.578 KB
[12:25:43.103][info] [#0:script\workspace\loading.lua:100]: Preload file at: file:///c%3A/Users/downloader/AppData/Local/nvim-data/lazy/which-key.nvim/lua/which-key/tree.lua , size = 2.548 KB
[12:25:43.105][info] [#0:script\workspace\loading.lua:100]: Preload file at: file:///c%3A/Users/downloader/AppData/Local/nvim-data/lazy/which-key.nvim/lua/which-key/triggers.lua , size = 3.883 KB
[12:25:43.108][info] [#0:script\workspace\loading.lua:100]: Preload file at: file:///c%3A/Users/downloader/AppData/Local/nvim-data/lazy/which-key.nvim/lua/which-key/types.lua , size = 3.190 KB
[12:25:43.110][info] [#0:script\workspace\loading.lua:100]: Preload file at: file:///c%3A/Users/downloader/AppData/Local/nvim-data/lazy/which-key.nvim/lua/which-key/util.lua , size = 7.483 KB
[12:25:43.114][info] [#0:script\workspace\loading.lua:100]: Preload file at: file:///c%3A/Users/downloader/AppData/Local/nvim-data/lazy/which-key.nvim/lua/which-key/view.lua , size = 13.413 KB
[12:25:43.122][info] [#0:script\workspace\loading.lua:100]: Preload file at: file:///c%3A/Users/downloader/AppData/Local/nvim-data/lazy/which-key.nvim/lua/which-key/win.lua , size = 2.816 KB
[12:25:43.127][info] [#0:script\workspace\loading.lua:100]: Preload file at: file:///c%3A/Users/downloader/AppData/Local/nvim-data/lazy/which-key.nvim/plugin/which-key.lua , size = 0.197 KB
[12:25:43.128][info] [#0:script\workspace\loading.lua:100]: Preload file at: file:///c%3A/Users/downloader/AppData/Local/nvim-data/lazy/which-key.nvim/tests/buf_spec.lua , size = 0.349 KB
[12:25:43.128][info] [#0:script\workspace\loading.lua:100]: Preload file at: file:///c%3A/Users/downloader/AppData/Local/nvim-data/lazy/which-key.nvim/tests/helpers.lua , size = 0.279 KB
[12:25:43.128][info] [#0:script\workspace\loading.lua:100]: Preload file at: file:///c%3A/Users/downloader/AppData/Local/nvim-data/lazy/which-key.nvim/tests/layout_spec.lua , size = 1.235 KB
[12:25:43.129][info] [#0:script\workspace\loading.lua:100]: Preload file at: file:///c%3A/Users/downloader/AppData/Local/nvim-data/lazy/which-key.nvim/tests/mappings_spec.lua , size = 2.607 KB
[12:25:43.131][info] [#0:script\workspace\loading.lua:100]: Preload file at: file:///c%3A/Users/downloader/AppData/Local/nvim-data/lazy/which-key.nvim/tests/minit.lua , size = 0.498 KB
[12:25:43.131][info] [#0:script\workspace\loading.lua:100]: Preload file at: file:///c%3A/Users/downloader/AppData/Local/nvim-data/lazy/which-key.nvim/tests/util_spec.lua , size = 2.751 KB
[12:25:43.132][info] [#0:script\workspace\loading.lua:139]: Preload dll at: file:///c%3A/Users/downloader/AppData/Local/nvim-data/mason/packages/lua-language-server/bin/concrt140.dll , size = 316.609 KB
[12:25:43.134][info] [#0:script\workspace\loading.lua:100]: Preload file at: file:///c%3A/Users/downloader/AppData/Local/nvim-data/mason/packages/lua-language-server/bin/main.lua , size = 2.162 KB
[12:25:43.135][info] [#0:script\workspace\loading.lua:139]: Preload dll at: file:///c%3A/Users/downloader/AppData/Local/nvim-data/mason/packages/lua-language-server/bin/msvcp140.dll , size = 544.656 KB
[12:25:43.138][info] [#0:script\workspace\loading.lua:139]: Preload dll at: file:///c%3A/Users/downloader/AppData/Local/nvim-data/mason/packages/lua-language-server/bin/msvcp140_1.dll , size = 35.109 KB
[12:25:43.139][info] [#0:script\workspace\loading.lua:139]: Preload dll at: file:///c%3A/Users/downloader/AppData/Local/nvim-data/mason/packages/lua-language-server/bin/msvcp140_atomic_wait.dll , size = 49.125 KB
[12:25:43.139][info] [#0:script\workspace\loading.lua:139]: Preload dll at: file:///c%3A/Users/downloader/AppData/Local/nvim-data/mason/packages/lua-language-server/bin/msvcp140_2.dll , size = 273.633 KB
[12:25:43.140][info] [#0:script\workspace\loading.lua:139]: Preload dll at: file:///c%3A/Users/downloader/AppData/Local/nvim-data/mason/packages/lua-language-server/bin/msvcp140_codecvt_ids.dll , size = 31.125 KB
[12:25:43.141][info] [#0:script\workspace\loading.lua:139]: Preload dll at: file:///c%3A/Users/downloader/AppData/Local/nvim-data/mason/packages/lua-language-server/bin/vcruntime140.dll , size = 121.625 KB
[12:25:43.141][info] [#0:script\workspace\loading.lua:139]: Preload dll at: file:///c%3A/Users/downloader/AppData/Local/nvim-data/mason/packages/lua-language-server/bin/vcruntime140_1.dll , size = 48.625 KB
[12:25:43.141][info] [#0:script\workspace\loading.lua:139]: Preload dll at: file:///c%3A/Users/downloader/AppData/Local/nvim-data/mason/packages/lua-language-server/bin/vcruntime140_threads.dll , size = 37.625 KB
[12:25:43.142][info] [#0:script\workspace\loading.lua:100]: Preload file at: file:///c%3A/Users/downloader/AppData/Local/nvim-data/mason/packages/lua-language-server/debugger.lua , size = 1.832 KB
[12:25:43.143][info] [#0:script\workspace\loading.lua:100]: Preload file at: file:///c%3A/Users/downloader/AppData/Local/nvim-data/mason/packages/lua-language-server/locale/en-us/meta.lua , size = 35.985 KB
[12:25:43.148][info] [#0:script\workspace\loading.lua:100]: Preload file at: file:///c%3A/Users/downloader/AppData/Local/nvim-data/mason/packages/lua-language-server/locale/en-us/script.lua , size = 37.438 KB
[12:25:43.153][info] [#0:script\workspace\loading.lua:100]: Preload file at: file:///c%3A/Users/downloader/AppData/Local/nvim-data/mason/packages/lua-language-server/locale/en-us/setting.lua , size = 25.237 KB
[12:25:43.158][info] [#0:script\workspace\loading.lua:100]: Preload file at: file:///c%3A/Users/downloader/AppData/Local/nvim-data/mason/packages/lua-language-server/locale/es-419/meta.lua , size = 38.096 KB
[12:25:43.163][info] [#0:script\workspace\loading.lua:100]: Preload file at: file:///c%3A/Users/downloader/AppData/Local/nvim-data/mason/packages/lua-language-server/locale/es-419/script.lua , size = 40.855 KB
[12:25:43.171][info] [#0:script\workspace\loading.lua:100]: Preload file at: file:///c%3A/Users/downloader/AppData/Local/nvim-data/mason/packages/lua-language-server/locale/es-419/setting.lua , size = 28.258 KB
[12:25:43.175][info] [#0:script\workspace\loading.lua:100]: Preload file at: file:///c%3A/Users/downloader/AppData/Local/nvim-data/mason/packages/lua-language-server/locale/ja-jp/meta.lua , size = 41.952 KB
[12:25:43.185][info] [#0:script\workspace\loading.lua:100]: Preload file at: file:///c%3A/Users/downloader/AppData/Local/nvim-data/mason/packages/lua-language-server/locale/ja-jp/script.lua , size = 46.795 KB
[12:25:43.191][info] [#0:script\workspace\loading.lua:100]: Preload file at: file:///c%3A/Users/downloader/AppData/Local/nvim-data/mason/packages/lua-language-server/locale/ja-jp/setting.lua , size = 30.140 KB
[12:25:43.198][info] [#0:script\workspace\loading.lua:100]: Preload file at: file:///c%3A/Users/downloader/AppData/Local/nvim-data/mason/packages/lua-language-server/locale/pt-br/meta.lua , size = 37.686 KB
[12:25:43.205][info] [#0:script\workspace\loading.lua:100]: Preload file at: file:///c%3A/Users/downloader/AppData/Local/nvim-data/mason/packages/lua-language-server/locale/pt-br/script.lua , size = 41.188 KB
[12:25:43.211][info] [#0:script\workspace\loading.lua:100]: Preload file at: file:///c%3A/Users/downloader/AppData/Local/nvim-data/mason/packages/lua-language-server/locale/pt-br/setting.lua , size = 29.597 KB
[12:25:43.217][info] [#0:script\workspace\loading.lua:100]: Preload file at: file:///c%3A/Users/downloader/AppData/Local/nvim-data/mason/packages/lua-language-server/locale/zh-cn/meta.lua , size = 33.852 KB
[12:25:43.222][info] [#0:script\workspace\loading.lua:100]: Preload file at: file:///c%3A/Users/downloader/AppData/Local/nvim-data/mason/packages/lua-language-server/locale/zh-cn/script.lua , size = 36.628 KB
[12:25:43.228][info] [#0:script\workspace\loading.lua:100]: Preload file at: file:///c%3A/Users/downloader/AppData/Local/nvim-data/mason/packages/lua-language-server/locale/zh-cn/setting.lua , size = 21.927 KB
[12:25:43.233][info] [#0:script\workspace\loading.lua:100]: Preload file at: file:///c%3A/Users/downloader/AppData/Local/nvim-data/mason/packages/lua-language-server/locale/zh-tw/meta.lua , size = 33.989 KB
[12:25:43.238][info] [#0:script\workspace\loading.lua:100]: Preload file at: file:///c%3A/Users/downloader/AppData/Local/nvim-data/mason/packages/lua-language-server/locale/zh-tw/script.lua , size = 36.652 KB
[12:25:43.243][info] [#0:script\workspace\loading.lua:100]: Preload file at: file:///c%3A/Users/downloader/AppData/Local/nvim-data/mason/packages/lua-language-server/log/middleScript.lua , size = 1.379 KB
[12:25:43.243][info] [#0:script\workspace\loading.lua:100]: Preload file at: file:///c%3A/Users/downloader/AppData/Local/nvim-data/mason/packages/lua-language-server/locale/zh-tw/setting.lua , size = 22.283 KB
[12:25:43.247][info] [#0:script\workspace\loading.lua:100]: Preload file at: file:///c%3A/Users/downloader/AppData/Local/nvim-data/mason/packages/lua-language-server/main.lua , size = 2.264 KB
[12:25:43.248][info] [#0:script\workspace\loading.lua:100]: Preload file at: file:///c%3A/Users/downloader/AppData/Local/nvim-data/mason/packages/lua-language-server/meta/3rd/bee/library/bee/channel.lua , size = 0.425 KB
[12:25:43.249][info] [#0:script\workspace\loading.lua:100]: Preload file at: file:///c%3A/Users/downloader/AppData/Local/nvim-data/mason/packages/lua-language-server/meta/3rd/bee/library/bee/epoll.lua , size = 1.354 KB
[12:25:43.250][info] [#0:script\workspace\loading.lua:100]: Preload file at: file:///c%3A/Users/downloader/AppData/Local/nvim-data/mason/packages/lua-language-server/meta/3rd/bee/library/bee/filesystem.lua , size = 4.062 KB
[12:25:43.252][info] [#0:script\workspace\loading.lua:100]: Preload file at: file:///c%3A/Users/downloader/AppData/Local/nvim-data/mason/packages/lua-language-server/meta/3rd/bee/library/bee/platform.lua , size = 1.015 KB
[12:25:43.253][info] [#0:script\workspace\loading.lua:100]: Preload file at: file:///c%3A/Users/downloader/AppData/Local/nvim-data/mason/packages/lua-language-server/meta/3rd/bee/library/bee/select.lua , size = 0.752 KB
[12:25:43.253][info] [#0:script\workspace\loading.lua:100]: Preload file at: file:///c%3A/Users/downloader/AppData/Local/nvim-data/mason/packages/lua-language-server/meta/3rd/bee/library/bee/serialization.lua , size = 0.339 KB
[12:25:43.254][info] [#0:script\workspace\loading.lua:100]: Preload file at: file:///c%3A/Users/downloader/AppData/Local/nvim-data/mason/packages/lua-language-server/meta/3rd/bee/library/bee/socket.lua , size = 2.444 KB
[12:25:43.255][info] [#0:script\workspace\loading.lua:100]: Preload file at: file:///c%3A/Users/downloader/AppData/Local/nvim-data/mason/packages/lua-language-server/meta/3rd/bee/library/bee/subprocess.lua , size = 1.838 KB
[12:25:43.257][info] [#0:script\workspace\loading.lua:100]: Preload file at: file:///c%3A/Users/downloader/AppData/Local/nvim-data/mason/packages/lua-language-server/meta/3rd/bee/library/bee/sys.lua , size = 0.311 KB
[12:25:43.257][info] [#0:script\workspace\loading.lua:100]: Preload file at: file:///c%3A/Users/downloader/AppData/Local/nvim-data/mason/packages/lua-language-server/meta/3rd/bee/library/bee/thread.lua , size = 0.768 KB
[12:25:43.258][info] [#0:script\workspace\loading.lua:100]: Preload file at: file:///c%3A/Users/downloader/AppData/Local/nvim-data/mason/packages/lua-language-server/meta/3rd/bee/library/bee/time.lua , size = 0.183 KB
[12:25:43.258][info] [#0:script\workspace\loading.lua:100]: Preload file at: file:///c%3A/Users/downloader/AppData/Local/nvim-data/mason/packages/lua-language-server/meta/3rd/busted/library/busted.lua , size = 6.808 KB
[12:25:43.263][info] [#0:script\workspace\loading.lua:100]: Preload file at: file:///c%3A/Users/downloader/AppData/Local/nvim-data/mason/packages/lua-language-server/meta/3rd/Cocos4.0/library/cc/Action.lua , size = 3.069 KB
[12:25:43.265][info] [#0:script\workspace\loading.lua:100]: Preload file at: file:///c%3A/Users/downloader/AppData/Local/nvim-data/mason/packages/lua-language-server/meta/3rd/Cocos4.0/library/cc/ActionCamera.lua , size = 1.000 KB
[12:25:43.265][info] [#0:script\workspace\loading.lua:100]: Preload file at: file:///c%3A/Users/downloader/AppData/Local/nvim-data/mason/packages/lua-language-server/meta/3rd/Cocos4.0/library/cc/ActionEase.lua , size = 0.725 KB
[12:25:43.266][info] [#0:script\workspace\loading.lua:100]: Preload file at: file:///c%3A/Users/downloader/AppData/Local/nvim-data/mason/packages/lua-language-server/meta/3rd/Cocos4.0/library/cc/ActionFloat.lua , size = 1.208 KB
[12:25:43.267][info] [#0:script\workspace\loading.lua:100]: Preload file at: file:///c%3A/Users/downloader/AppData/Local/nvim-data/mason/packages/lua-language-server/meta/3rd/Cocos4.0/library/cc/ActionInstant.lua , size = 0.603 KB
[12:25:43.267][info] [#0:script\workspace\loading.lua:100]: Preload file at: file:///c%3A/Users/downloader/AppData/Local/nvim-data/mason/packages/lua-language-server/meta/3rd/Cocos4.0/library/cc/ActionInterval.lua , size = 1.158 KB
[12:25:43.268][info] [#0:script\workspace\loading.lua:100]: Preload file at: file:///c%3A/Users/downloader/AppData/Local/nvim-data/mason/packages/lua-language-server/meta/3rd/Cocos4.0/library/cc/ActionManager.lua , size = 5.204 KB
[12:25:43.270][info] [#0:script\workspace\loading.lua:100]: Preload file at: file:///c%3A/Users/downloader/AppData/Local/nvim-data/mason/packages/lua-language-server/meta/3rd/Cocos4.0/library/cc/ActionTween.lua , size = 1.707 KB
[12:25:43.270][info] [#0:script\workspace\loading.lua:100]: Preload file at: file:///c%3A/Users/downloader/AppData/Local/nvim-data/mason/packages/lua-language-server/meta/3rd/Cocos4.0/library/cc/AmbientLight.lua , size = 0.432 KB
[12:25:43.271][info] [#0:script\workspace\loading.lua:100]: Preload file at: file:///c%3A/Users/downloader/AppData/Local/nvim-data/mason/packages/lua-language-server/meta/3rd/Cocos4.0/library/cc/Animate.lua , size = 1.468 KB
[12:25:43.272][info] [#0:script\workspace\loading.lua:100]: Preload file at: file:///c%3A/Users/downloader/AppData/Local/nvim-data/mason/packages/lua-language-server/meta/3rd/Cocos4.0/library/cc/Animate3D.lua , size = 3.064 KB
[12:25:43.274][info] [#0:script\workspace\loading.lua:100]: Preload file at: file:///c%3A/Users/downloader/AppData/Local/nvim-data/mason/packages/lua-language-server/meta/3rd/Cocos4.0/library/cc/Animation.lua , size = 4.537 KB
[12:25:43.275][info] [#0:script\workspace\loading.lua:100]: Preload file at: file:///c%3A/Users/downloader/AppData/Local/nvim-data/mason/packages/lua-language-server/meta/3rd/Cocos4.0/library/cc/Animation3D.lua , size = 0.798 KB
[12:25:43.276][info] [#0:script\workspace\loading.lua:100]: Preload file at: file:///c%3A/Users/downloader/AppData/Local/nvim-data/mason/packages/lua-language-server/meta/3rd/Cocos4.0/library/cc/AnimationCache.lua , size = 2.140 KB
[12:25:43.280][info] [#0:script\workspace\loading.lua:100]: Preload file at: file:///c%3A/Users/downloader/AppData/Local/nvim-data/mason/packages/lua-language-server/meta/3rd/Cocos4.0/library/cc/AnimationFrame.lua , size = 1.999 KB
[12:25:43.283][info] [#0:script\workspace\loading.lua:100]: Preload file at: file:///c%3A/Users/downloader/AppData/Local/nvim-data/mason/packages/lua-language-server/meta/3rd/Cocos4.0/library/cc/Application.lua , size = 1.224 KB
[12:25:43.284][info] [#0:script\workspace\loading.lua:100]: Preload file at: file:///c%3A/Users/downloader/AppData/Local/nvim-data/mason/packages/lua-language-server/meta/3rd/Cocos4.0/library/cc/AssetsManager.lua , size = 1.575 KB
[12:25:43.285][info] [#0:script\workspace\loading.lua:100]: Preload file at: file:///c%3A/Users/downloader/AppData/Local/nvim-data/mason/packages/lua-language-server/meta/3rd/Cocos4.0/library/cc/AssetsManagerEx.lua , size = 2.533 KB
[12:25:43.286][info] [#0:script\workspace\loading.lua:100]: Preload file at: file:///c%3A/Users/downloader/AppData/Local/nvim-data/mason/packages/lua-language-server/meta/3rd/Cocos4.0/library/cc/AsyncTaskPool.lua , size = 0.835 KB
[12:25:43.287][info] [#0:script\workspace\loading.lua:100]: Preload file at: file:///c%3A/Users/downloader/AppData/Local/nvim-data/mason/packages/lua-language-server/meta/3rd/Cocos4.0/library/cc/AtlasNode.lua , size = 3.147 KB
[12:25:43.289][info] [#0:script\workspace\loading.lua:100]: Preload file at: file:///c%3A/Users/downloader/AppData/Local/nvim-data/mason/packages/lua-language-server/meta/3rd/Cocos4.0/library/cc/AttachNode.lua , size = 0.840 KB
[12:25:43.289][info] [#0:script\workspace\loading.lua:100]: Preload file at: file:///c%3A/Users/downloader/AppData/Local/nvim-data/mason/packages/lua-language-server/meta/3rd/Cocos4.0/library/cc/AudioEngine.lua , size = 5.812 KB
[12:25:43.292][info] [#0:script\workspace\loading.lua:100]: Preload file at: file:///c%3A/Users/downloader/AppData/Local/nvim-data/mason/packages/lua-language-server/meta/3rd/Cocos4.0/library/cc/AudioProfile.lua , size = 0.196 KB
[12:25:43.292][info] [#0:script\workspace\loading.lua:100]: Preload file at: file:///c%3A/Users/downloader/AppData/Local/nvim-data/mason/packages/lua-language-server/meta/3rd/Cocos4.0/library/cc/AutoPolygon.lua , size = 0.426 KB
[12:25:43.292][info] [#0:script\workspace\loading.lua:100]: Preload file at: file:///c%3A/Users/downloader/AppData/Local/nvim-data/mason/packages/lua-language-server/meta/3rd/Cocos4.0/library/cc/BaseLight.lua , size = 0.826 KB
[12:25:43.293][info] [#0:script\workspace\loading.lua:100]: Preload file at: file:///c%3A/Users/downloader/AppData/Local/nvim-data/mason/packages/lua-language-server/meta/3rd/Cocos4.0/library/cc/BezierBy.lua , size = 0.670 KB
[12:25:43.293][info] [#0:script\workspace\loading.lua:100]: Preload file at: file:///c%3A/Users/downloader/AppData/Local/nvim-data/mason/packages/lua-language-server/meta/3rd/Cocos4.0/library/cc/BezierTo.lua , size = 0.489 KB
[12:25:43.294][info] [#0:script\workspace\loading.lua:100]: Preload file at: file:///c%3A/Users/downloader/AppData/Local/nvim-data/mason/packages/lua-language-server/meta/3rd/Cocos4.0/library/cc/BillBoard.lua , size = 1.276 KB
[12:25:43.295][info] [#0:script\workspace\loading.lua:100]: Preload file at: file:///c%3A/Users/downloader/AppData/Local/nvim-data/mason/packages/lua-language-server/meta/3rd/Cocos4.0/library/cc/Blink.lua , size = 0.926 KB
[12:25:43.296][info] [#0:script\workspace\loading.lua:100]: Preload file at: file:///c%3A/Users/downloader/AppData/Local/nvim-data/mason/packages/lua-language-server/meta/3rd/Cocos4.0/library/cc/Bundle3D.lua , size = 1.686 KB
[12:25:43.296][info] [#0:script\workspace\loading.lua:100]: Preload file at: file:///c%3A/Users/downloader/AppData/Local/nvim-data/mason/packages/lua-language-server/meta/3rd/Cocos4.0/library/cc/CallFunc.lua , size = 0.440 KB
[12:25:43.299][info] [#0:script\workspace\loading.lua:100]: Preload file at: file:///c%3A/Users/downloader/AppData/Local/nvim-data/mason/packages/lua-language-server/meta/3rd/Cocos4.0/library/cc/Camera.lua , size = 5.956 KB
[12:25:43.302][info] [#0:script\workspace\loading.lua:100]: Preload file at: file:///c%3A/Users/downloader/AppData/Local/nvim-data/mason/packages/lua-language-server/meta/3rd/Cocos4.0/library/cc/CameraBackgroundBrush.lua , size = 2.232 KB
[12:25:43.304][info] [#0:script\workspace\loading.lua:100]: Preload file at: file:///c%3A/Users/downloader/AppData/Local/nvim-data/mason/packages/lua-language-server/meta/3rd/Cocos4.0/library/cc/CameraBackgroundColorBrush.lua , size = 1.101 KB
[12:25:43.304][info] [#0:script\workspace\loading.lua:100]: Preload file at: file:///c%3A/Users/downloader/AppData/Local/nvim-data/mason/packages/lua-language-server/meta/3rd/Cocos4.0/library/cc/CameraBackgroundDepthBrush.lua , size = 0.983 KB
[12:25:43.305][info] [#0:script\workspace\loading.lua:100]: Preload file at: file:///c%3A/Users/downloader/AppData/Local/nvim-data/mason/packages/lua-language-server/meta/3rd/Cocos4.0/library/cc/CameraBackgroundSkyBoxBrush.lua , size = 1.617 KB
[12:25:43.306][info] [#0:script\workspace\loading.lua:100]: Preload file at: file:///c%3A/Users/downloader/AppData/Local/nvim-data/mason/packages/lua-language-server/meta/3rd/Cocos4.0/library/cc/CardinalSplineBy.lua , size = 0.531 KB
[12:25:43.306][info] [#0:script\workspace\loading.lua:100]: Preload file at: file:///c%3A/Users/downloader/AppData/Local/nvim-data/mason/packages/lua-language-server/meta/3rd/Cocos4.0/library/cc/CardinalSplineTo.lua , size = 1.256 KB
[12:25:43.307][info] [#0:script\workspace\loading.lua:100]: Preload file at: file:///c%3A/Users/downloader/AppData/Local/nvim-data/mason/packages/lua-language-server/meta/3rd/Cocos4.0/library/cc/CatmullRomBy.lua , size = 0.490 KB
[12:25:43.307][info] [#0:script\workspace\loading.lua:100]: Preload file at: file:///c%3A/Users/downloader/AppData/Local/nvim-data/mason/packages/lua-language-server/meta/3rd/Cocos4.0/library/cc/CatmullRomTo.lua , size = 0.489 KB
[12:25:43.308][info] [#0:script\workspace\loading.lua:100]: Preload file at: file:///c%3A/Users/downloader/AppData/Local/nvim-data/mason/packages/lua-language-server/meta/3rd/Cocos4.0/library/cc/ClippingNode.lua , size = 3.109 KB
[12:25:43.309][info] [#0:script\workspace\loading.lua:100]: Preload file at: file:///c%3A/Users/downloader/AppData/Local/nvim-data/mason/packages/lua-language-server/meta/3rd/Cocos4.0/library/cc/ClippingRectangleNode.lua , size = 1.334 KB
[12:25:43.310][info] [#0:script\workspace\loading.lua:100]: Preload file at: file:///c%3A/Users/downloader/AppData/Local/nvim-data/mason/packages/lua-language-server/meta/3rd/Cocos4.0/library/cc/Component.lua , size = 0.832 KB
[12:25:43.311][info] [#0:script\workspace\loading.lua:100]: Preload file at: file:///c%3A/Users/downloader/AppData/Local/nvim-data/mason/packages/lua-language-server/meta/3rd/Cocos4.0/library/cc/ComponentLua.lua , size = 0.573 KB
[12:25:43.311][info] [#0:script\workspace\loading.lua:100]: Preload file at: file:///c%3A/Users/downloader/AppData/Local/nvim-data/mason/packages/lua-language-server/meta/3rd/Cocos4.0/library/cc/Console.lua , size = 1.028 KB
[12:25:43.312][info] [#0:script\workspace\loading.lua:100]: Preload file at: file:///c%3A/Users/downloader/AppData/Local/nvim-data/mason/packages/lua-language-server/meta/3rd/Cocos4.0/library/cc/Control.lua , size = 2.790 KB
[12:25:43.314][info] [#0:script\workspace\loading.lua:100]: Preload file at: file:///c%3A/Users/downloader/AppData/Local/nvim-data/mason/packages/lua-language-server/meta/3rd/Cocos4.0/library/cc/ControlButton.lua , size = 8.797 KB
[12:25:43.319][info] [#0:script\workspace\loading.lua:100]: Preload file at: file:///c%3A/Users/downloader/AppData/Local/nvim-data/mason/packages/lua-language-server/meta/3rd/Cocos4.0/library/cc/ControlColourPicker.lua , size = 1.484 KB
[12:25:43.320][info] [#0:script\workspace\loading.lua:100]: Preload file at: file:///c%3A/Users/downloader/AppData/Local/nvim-data/mason/packages/lua-language-server/meta/3rd/Cocos4.0/library/cc/ControlHuePicker.lua , size = 1.549 KB
[12:25:43.321][info] [#0:script\workspace\loading.lua:100]: Preload file at: file:///c%3A/Users/downloader/AppData/Local/nvim-data/mason/packages/lua-language-server/meta/3rd/Cocos4.0/library/cc/Controller.lua , size = 2.125 KB
[12:25:43.322][info] [#0:script\workspace\loading.lua:100]: Preload file at: file:///c%3A/Users/downloader/AppData/Local/nvim-data/mason/packages/lua-language-server/meta/3rd/Cocos4.0/library/cc/ControlPotentiometer.lua , size = 3.649 KB
[12:25:43.324][info] [#0:script\workspace\loading.lua:100]: Preload file at: file:///c%3A/Users/downloader/AppData/Local/nvim-data/mason/packages/lua-language-server/meta/3rd/Cocos4.0/library/cc/ControlSaturationBrightnessPicker.lua , size = 1.322 KB
[12:25:43.325][info] [#0:script\workspace\loading.lua:100]: Preload file at: file:///c%3A/Users/downloader/AppData/Local/nvim-data/mason/packages/lua-language-server/meta/3rd/Cocos4.0/library/cc/ControlSlider.lua , size = 3.123 KB
[12:25:43.327][info] [#0:script\workspace\loading.lua:100]: Preload file at: file:///c%3A/Users/downloader/AppData/Local/nvim-data/mason/packages/lua-language-server/meta/3rd/Cocos4.0/library/cc/ControlStepper.lua , size = 2.917 KB
[12:25:43.328][info] [#0:script\workspace\loading.lua:100]: Preload file at: file:///c%3A/Users/downloader/AppData/Local/nvim-data/mason/packages/lua-language-server/meta/3rd/Cocos4.0/library/cc/ControlSwitch.lua , size = 2.344 KB
[12:25:43.330][info] [#0:script\workspace\loading.lua:100]: Preload file at: file:///c%3A/Users/downloader/AppData/Local/nvim-data/mason/packages/lua-language-server/meta/3rd/Cocos4.0/library/cc/CSLoader.lua , size = 1.617 KB
[12:25:43.331][info] [#0:script\workspace\loading.lua:100]: Preload file at: file:///c%3A/Users/downloader/AppData/Local/nvim-data/mason/packages/lua-language-server/meta/3rd/Cocos4.0/library/cc/DelayTime.lua , size = 0.560 KB
[12:25:43.334][info] [#0:script\workspace\loading.lua:100]: Preload file at: file:///c%3A/Users/downloader/AppData/Local/nvim-data/mason/packages/lua-language-server/meta/3rd/Cocos4.0/library/cc/Device.lua , size = 1.067 KB
[12:25:43.335][info] [#0:script\workspace\loading.lua:100]: Preload file at: file:///c%3A/Users/downloader/AppData/Local/nvim-data/mason/packages/lua-language-server/meta/3rd/Cocos4.0/library/cc/DirectionLight.lua , size = 0.916 KB
[12:25:43.336][info] [#0:script\workspace\loading.lua:100]: Preload file at: file:///c%3A/Users/downloader/AppData/Local/nvim-data/mason/packages/lua-language-server/meta/3rd/Cocos4.0/library/cc/Director.lua , size = 11.780 KB
[12:25:43.340][info] [#0:script\workspace\loading.lua:100]: Preload file at: file:///c%3A/Users/downloader/AppData/Local/nvim-data/mason/packages/lua-language-server/meta/3rd/Cocos4.0/library/cc/DrawNode.lua , size = 6.811 KB
[12:25:43.344][info] [#0:script\workspace\loading.lua:100]: Preload file at: file:///c%3A/Users/downloader/AppData/Local/nvim-data/mason/packages/lua-language-server/meta/3rd/Cocos4.0/library/cc/EaseBackIn.lua , size = 0.460 KB
[12:25:43.345][info] [#0:script\workspace\loading.lua:100]: Preload file at: file:///c%3A/Users/downloader/AppData/Local/nvim-data/mason/packages/lua-language-server/meta/3rd/Cocos4.0/library/cc/EaseBackInOut.lua , size = 0.489 KB
[12:25:43.345][info] [#0:script\workspace\loading.lua:100]: Preload file at: file:///c%3A/Users/downloader/AppData/Local/nvim-data/mason/packages/lua-language-server/meta/3rd/Cocos4.0/library/cc/EaseBackOut.lua , size = 0.470 KB
[12:25:43.346][info] [#0:script\workspace\loading.lua:100]: Preload file at: file:///c%3A/Users/downloader/AppData/Local/nvim-data/mason/packages/lua-language-server/meta/3rd/Cocos4.0/library/cc/EaseBezierAction.lua , size = 0.891 KB
[12:25:43.347][info] [#0:script\workspace\loading.lua:100]: Preload file at: file:///c%3A/Users/downloader/AppData/Local/nvim-data/mason/packages/lua-language-server/meta/3rd/Cocos4.0/library/cc/EaseBounce.lua , size = 0.101 KB
[12:25:43.347][info] [#0:script\workspace\loading.lua:100]: Preload file at: file:///c%3A/Users/downloader/AppData/Local/nvim-data/mason/packages/lua-language-server/meta/3rd/Cocos4.0/library/cc/EaseBounceIn.lua , size = 0.479 KB
[12:25:43.348][info] [#0:script\workspace\loading.lua:100]: Preload file at: file:///c%3A/Users/downloader/AppData/Local/nvim-data/mason/packages/lua-language-server/meta/3rd/Cocos4.0/library/cc/EaseBounceInOut.lua , size = 0.509 KB
[12:25:43.348][info] [#0:script\workspace\loading.lua:100]: Preload file at: file:///c%3A/Users/downloader/AppData/Local/nvim-data/mason/packages/lua-language-server/meta/3rd/Cocos4.0/library/cc/EaseBounceOut.lua , size = 0.489 KB
[12:25:43.349][info] [#0:script\workspace\loading.lua:100]: Preload file at: file:///c%3A/Users/downloader/AppData/Local/nvim-data/mason/packages/lua-language-server/meta/3rd/Cocos4.0/library/cc/EaseCircleActionIn.lua , size = 0.538 KB
[12:25:43.349][info] [#0:script\workspace\loading.lua:100]: Preload file at: file:///c%3A/Users/downloader/AppData/Local/nvim-data/mason/packages/lua-language-server/meta/3rd/Cocos4.0/library/cc/EaseCircleActionInOut.lua , size = 0.567 KB
[12:25:43.350][info] [#0:script\workspace\loading.lua:100]: Preload file at: file:///c%3A/Users/downloader/AppData/Local/nvim-data/mason/packages/lua-language-server/meta/3rd/Cocos4.0/library/cc/EaseCircleActionOut.lua , size = 0.548 KB
[12:25:43.350][info] [#0:script\workspace\loading.lua:100]: Preload file at: file:///c%3A/Users/downloader/AppData/Local/nvim-data/mason/packages/lua-language-server/meta/3rd/Cocos4.0/library/cc/EaseCubicActionIn.lua , size = 0.528 KB
[12:25:43.351][info] [#0:script\workspace\loading.lua:100]: Preload file at: file:///c%3A/Users/downloader/AppData/Local/nvim-data/mason/packages/lua-language-server/meta/3rd/Cocos4.0/library/cc/EaseCubicActionInOut.lua , size = 0.558 KB
[12:25:43.352][info] [#0:script\workspace\loading.lua:100]: Preload file at: file:///c%3A/Users/downloader/AppData/Local/nvim-data/mason/packages/lua-language-server/meta/3rd/Cocos4.0/library/cc/EaseCubicActionOut.lua , size = 0.538 KB
[12:25:43.352][info] [#0:script\workspace\loading.lua:100]: Preload file at: file:///c%3A/Users/downloader/AppData/Local/nvim-data/mason/packages/lua-language-server/meta/3rd/Cocos4.0/library/cc/EaseElastic.lua , size = 0.886 KB
[12:25:43.353][info] [#0:script\workspace\loading.lua:100]: Preload file at: file:///c%3A/Users/downloader/AppData/Local/nvim-data/mason/packages/lua-language-server/meta/3rd/Cocos4.0/library/cc/EaseElasticIn.lua , size = 0.519 KB
[12:25:43.353][info] [#0:script\workspace\loading.lua:100]: Preload file at: file:///c%3A/Users/downloader/AppData/Local/nvim-data/mason/packages/lua-language-server/meta/3rd/Cocos4.0/library/cc/EaseElasticInOut.lua , size = 0.548 KB
[12:25:43.354][info] [#0:script\workspace\loading.lua:100]: Preload file at: file:///c%3A/Users/downloader/AppData/Local/nvim-data/mason/packages/lua-language-server/meta/3rd/Cocos4.0/library/cc/EaseElasticOut.lua , size = 0.528 KB
[12:25:43.354][info] [#0:script\workspace\loading.lua:100]: Preload file at: file:///c%3A/Users/downloader/AppData/Local/nvim-data/mason/packages/lua-language-server/meta/3rd/Cocos4.0/library/cc/EaseExponentialIn.lua , size = 0.528 KB
[12:25:43.355][info] [#0:script\workspace\loading.lua:100]: Preload file at: file:///c%3A/Users/downloader/AppData/Local/nvim-data/mason/packages/lua-language-server/meta/3rd/Cocos4.0/library/cc/EaseExponentialInOut.lua , size = 0.558 KB
[12:25:43.355][info] [#0:script\workspace\loading.lua:100]: Preload file at: file:///c%3A/Users/downloader/AppData/Local/nvim-data/mason/packages/lua-language-server/meta/3rd/Cocos4.0/library/cc/EaseExponentialOut.lua , size = 0.538 KB
[12:25:43.356][info] [#0:script\workspace\loading.lua:100]: Preload file at: file:///c%3A/Users/downloader/AppData/Local/nvim-data/mason/packages/lua-language-server/meta/3rd/Cocos4.0/library/cc/EaseIn.lua , size = 0.456 KB
[12:25:43.357][info] [#0:script\workspace\loading.lua:100]: Preload file at: file:///c%3A/Users/downloader/AppData/Local/nvim-data/mason/packages/lua-language-server/meta/3rd/Cocos4.0/library/cc/EaseInOut.lua , size = 0.485 KB
[12:25:43.357][info] [#0:script\workspace\loading.lua:100]: Preload file at: file:///c%3A/Users/downloader/AppData/Local/nvim-data/mason/packages/lua-language-server/meta/3rd/Cocos4.0/library/cc/EaseOut.lua , size = 0.466 KB
[12:25:43.358][info] [#0:script\workspace\loading.lua:100]: Preload file at: file:///c%3A/Users/downloader/AppData/Local/nvim-data/mason/packages/lua-language-server/meta/3rd/Cocos4.0/library/cc/EaseQuadraticActionIn.lua , size = 0.567 KB
[12:25:43.358][info] [#0:script\workspace\loading.lua:100]: Preload file at: file:///c%3A/Users/downloader/AppData/Local/nvim-data/mason/packages/lua-language-server/meta/3rd/Cocos4.0/library/cc/EaseQuadraticActionInOut.lua , size = 0.597 KB
[12:25:43.359][info] [#0:script\workspace\loading.lua:100]: Preload file at: file:///c%3A/Users/downloader/AppData/Local/nvim-data/mason/packages/lua-language-server/meta/3rd/Cocos4.0/library/cc/EaseQuadraticActionOut.lua , size = 0.577 KB
[12:25:43.359][info] [#0:script\workspace\loading.lua:100]: Preload file at: file:///c%3A/Users/downloader/AppData/Local/nvim-data/mason/packages/lua-language-server/meta/3rd/Cocos4.0/library/cc/EaseQuarticActionIn.lua , size = 0.548 KB
[12:25:43.360][info] [#0:script\workspace\loading.lua:100]: Preload file at: file:///c%3A/Users/downloader/AppData/Local/nvim-data/mason/packages/lua-language-server/meta/3rd/Cocos4.0/library/cc/EaseQuarticActionInOut.lua , size = 0.577 KB
[12:25:43.360][info] [#0:script\workspace\loading.lua:100]: Preload file at: file:///c%3A/Users/downloader/AppData/Local/nvim-data/mason/packages/lua-language-server/meta/3rd/Cocos4.0/library/cc/EaseQuarticActionOut.lua , size = 0.558 KB
[12:25:43.361][info] [#0:script\workspace\loading.lua:100]: Preload file at: file:///c%3A/Users/downloader/AppData/Local/nvim-data/mason/packages/lua-language-server/meta/3rd/Cocos4.0/library/cc/EaseQuinticActionIn.lua , size = 0.548 KB
[12:25:43.361][info] [#0:script\workspace\loading.lua:100]: Preload file at: file:///c%3A/Users/downloader/AppData/Local/nvim-data/mason/packages/lua-language-server/meta/3rd/Cocos4.0/library/cc/EaseQuinticActionInOut.lua , size = 0.577 KB
[12:25:43.362][info] [#0:script\workspace\loading.lua:100]: Preload file at: file:///c%3A/Users/downloader/AppData/Local/nvim-data/mason/packages/lua-language-server/meta/3rd/Cocos4.0/library/cc/EaseQuinticActionOut.lua , size = 0.558 KB
[12:25:43.362][info] [#0:script\workspace\loading.lua:100]: Preload file at: file:///c%3A/Users/downloader/AppData/Local/nvim-data/mason/packages/lua-language-server/meta/3rd/Cocos4.0/library/cc/EaseRateAction.lua , size = 1.007 KB
[12:25:43.364][info] [#0:script\workspace\loading.lua:100]: Preload file at: file:///c%3A/Users/downloader/AppData/Local/nvim-data/mason/packages/lua-language-server/meta/3rd/Cocos4.0/library/cc/EaseSineIn.lua , size = 0.460 KB
[12:25:43.364][info] [#0:script\workspace\loading.lua:100]: Preload file at: file:///c%3A/Users/downloader/AppData/Local/nvim-data/mason/packages/lua-language-server/meta/3rd/Cocos4.0/library/cc/EaseSineInOut.lua , size = 0.489 KB
[12:25:43.365][info] [#0:script\workspace\loading.lua:100]: Preload file at: file:///c%3A/Users/downloader/AppData/Local/nvim-data/mason/packages/lua-language-server/meta/3rd/Cocos4.0/library/cc/EaseSineOut.lua , size = 0.470 KB
[12:25:43.365][info] [#0:script\workspace\loading.lua:100]: Preload file at: file:///c%3A/Users/downloader/AppData/Local/nvim-data/mason/packages/lua-language-server/meta/3rd/Cocos4.0/library/cc/Event.lua , size = 0.828 KB
[12:25:43.366][info] [#0:script\workspace\loading.lua:100]: Preload file at: file:///c%3A/Users/downloader/AppData/Local/nvim-data/mason/packages/lua-language-server/meta/3rd/Cocos4.0/library/cc/EventAcceleration.lua , size = 0.123 KB
[12:25:43.366][info] [#0:script\workspace\loading.lua:100]: Preload file at: file:///c%3A/Users/downloader/AppData/Local/nvim-data/mason/packages/lua-language-server/meta/3rd/Cocos4.0/library/cc/EventAssetsManagerEx.lua , size = 1.175 KB
[12:25:43.367][info] [#0:script\workspace\loading.lua:100]: Preload file at: file:///c%3A/Users/downloader/AppData/Local/nvim-data/mason/packages/lua-language-server/meta/3rd/Cocos4.0/library/cc/EventController.lua , size = 1.212 KB
[12:25:43.368][info] [#0:script\workspace\loading.lua:100]: Preload file at: file:///c%3A/Users/downloader/AppData/Local/nvim-data/mason/packages/lua-language-server/meta/3rd/Cocos4.0/library/cc/EventCustom.lua , size = 0.410 KB
[12:25:43.368][info] [#0:script\workspace\loading.lua:100]: Preload file at: file:///c%3A/Users/downloader/AppData/Local/nvim-data/mason/packages/lua-language-server/meta/3rd/Cocos4.0/library/cc/EventDispatcher.lua , size = 5.278 KB
[12:25:43.370][info] [#0:script\workspace\loading.lua:100]: Preload file at: file:///c%3A/Users/downloader/AppData/Local/nvim-data/mason/packages/lua-language-server/meta/3rd/Cocos4.0/library/cc/EventFocus.lua , size = 0.411 KB
[12:25:43.370][info] [#0:script\workspace\loading.lua:100]: Preload file at: file:///c%3A/Users/downloader/AppData/Local/nvim-data/mason/packages/lua-language-server/meta/3rd/Cocos4.0/library/cc/EventKeyboard.lua , size = 0.367 KB
[12:25:43.371][info] [#0:script\workspace\loading.lua:100]: Preload file at: file:///c%3A/Users/downloader/AppData/Local/nvim-data/mason/packages/lua-language-server/meta/3rd/Cocos4.0/library/cc/EventListener.lua , size = 1.035 KB
[12:25:43.371][info] [#0:script\workspace\loading.lua:100]: Preload file at: file:///c%3A/Users/downloader/AppData/Local/nvim-data/mason/packages/lua-language-server/meta/3rd/Cocos4.0/library/cc/EventListenerAcceleration.lua , size = 0.522 KB
[12:25:43.372][info] [#0:script\workspace\loading.lua:100]: Preload file at: file:///c%3A/Users/downloader/AppData/Local/nvim-data/mason/packages/lua-language-server/meta/3rd/Cocos4.0/library/cc/EventListenerAssetsManagerEx.lua , size = 0.679 KB
[12:25:43.372][info] [#0:script\workspace\loading.lua:100]: Preload file at: file:///c%3A/Users/downloader/AppData/Local/nvim-data/mason/packages/lua-language-server/meta/3rd/Cocos4.0/library/cc/EventListenerController.lua , size = 0.482 KB
[12:25:43.373][info] [#0:script\workspace\loading.lua:100]: Preload file at: file:///c%3A/Users/downloader/AppData/Local/nvim-data/mason/packages/lua-language-server/meta/3rd/Cocos4.0/library/cc/EventListenerCustom.lua , size = 0.381 KB
[12:25:43.373][info] [#0:script\workspace\loading.lua:100]: Preload file at: file:///c%3A/Users/downloader/AppData/Local/nvim-data/mason/packages/lua-language-server/meta/3rd/Cocos4.0/library/cc/EventListenerFocus.lua , size = 0.425 KB
[12:25:43.373][info] [#0:script\workspace\loading.lua:100]: Preload file at: file:///c%3A/Users/downloader/AppData/Local/nvim-data/mason/packages/lua-language-server/meta/3rd/Cocos4.0/library/cc/EventListenerKeyboard.lua , size = 0.451 KB
[12:25:43.374][info] [#0:script\workspace\loading.lua:100]: Preload file at: file:///c%3A/Users/downloader/AppData/Local/nvim-data/mason/packages/lua-language-server/meta/3rd/Cocos4.0/library/cc/EventListenerMouse.lua , size = 0.425 KB
[12:25:43.374][info] [#0:script\workspace\loading.lua:100]: Preload file at: file:///c%3A/Users/downloader/AppData/Local/nvim-data/mason/packages/lua-language-server/meta/3rd/Cocos4.0/library/cc/EventListenerPhysicsContact.lua , size = 0.593 KB
[12:25:43.375][info] [#0:script\workspace\loading.lua:100]: Preload file at: file:///c%3A/Users/downloader/AppData/Local/nvim-data/mason/packages/lua-language-server/meta/3rd/Cocos4.0/library/cc/EventListenerPhysicsContactWithBodies.lua , size = 0.649 KB
[12:25:43.375][info] [#0:script\workspace\loading.lua:100]: Preload file at: file:///c%3A/Users/downloader/AppData/Local/nvim-data/mason/packages/lua-language-server/meta/3rd/Cocos4.0/library/cc/EventListenerPhysicsContactWithGroup.lua , size = 0.594 KB
[12:25:43.376][info] [#0:script\workspace\loading.lua:100]: Preload file at: file:///c%3A/Users/downloader/AppData/Local/nvim-data/mason/packages/lua-language-server/meta/3rd/Cocos4.0/library/cc/EventListenerPhysicsContactWithShapes.lua , size = 0.655 KB
[12:25:43.376][info] [#0:script\workspace\loading.lua:100]: Preload file at: file:///c%3A/Users/downloader/AppData/Local/nvim-data/mason/packages/lua-language-server/meta/3rd/Cocos4.0/library/cc/EventListenerTouchAllAtOnce.lua , size = 0.504 KB
[12:25:43.377][info] [#0:script\workspace\loading.lua:100]: Preload file at: file:///c%3A/Users/downloader/AppData/Local/nvim-data/mason/packages/lua-language-server/meta/3rd/Cocos4.0/library/cc/EventListenerTouchOneByOne.lua , size = 0.867 KB
[12:25:43.377][info] [#0:script\workspace\loading.lua:100]: Preload file at: file:///c%3A/Users/downloader/AppData/Local/nvim-data/mason/packages/lua-language-server/meta/3rd/Cocos4.0/library/cc/EventMouse.lua , size = 3.188 KB
[12:25:43.378][info] [#0:script\workspace\loading.lua:100]: Preload file at: file:///c%3A/Users/downloader/AppData/Local/nvim-data/mason/packages/lua-language-server/meta/3rd/Cocos4.0/library/cc/EventTouch.lua , size = 0.461 KB
[12:25:43.379][info] [#0:script\workspace\loading.lua:100]: Preload file at: file:///c%3A/Users/downloader/AppData/Local/nvim-data/mason/packages/lua-language-server/meta/3rd/Cocos4.0/library/cc/FadeIn.lua , size = 0.609 KB
[12:25:43.380][info] [#0:script\workspace\loading.lua:100]: Preload file at: file:///c%3A/Users/downloader/AppData/Local/nvim-data/mason/packages/lua-language-server/meta/3rd/Cocos4.0/library/cc/FadeOut.lua , size = 0.573 KB
[12:25:43.381][info] [#0:script\workspace\loading.lua:100]: Preload file at: file:///c%3A/Users/downloader/AppData/Local/nvim-data/mason/packages/lua-language-server/meta/3rd/Cocos4.0/library/cc/FadeOutBLTiles.lua , size = 0.816 KB
[12:25:43.381][info] [#0:script\workspace\loading.lua:100]: Preload file at: file:///c%3A/Users/downloader/AppData/Local/nvim-data/mason/packages/lua-language-server/meta/3rd/Cocos4.0/library/cc/FadeOutDownTiles.lua , size = 0.838 KB
[12:25:43.382][info] [#0:script\workspace\loading.lua:100]: Preload file at: file:///c%3A/Users/downloader/AppData/Local/nvim-data/mason/packages/lua-language-server/meta/3rd/Cocos4.0/library/cc/FadeOutTRTiles.lua , size = 1.824 KB
[12:25:43.383][info] [#0:script\workspace\loading.lua:100]: Preload file at: file:///c%3A/Users/downloader/AppData/Local/nvim-data/mason/packages/lua-language-server/meta/3rd/Cocos4.0/library/cc/FadeOutUpTiles.lua , size = 0.946 KB
[12:25:43.383][info] [#0:script\workspace\loading.lua:100]: Preload file at: file:///c%3A/Users/downloader/AppData/Local/nvim-data/mason/packages/lua-language-server/meta/3rd/Cocos4.0/library/cc/FadeTo.lua , size = 0.997 KB
[12:25:43.384][info] [#0:script\workspace\loading.lua:100]: Preload file at: file:///c%3A/Users/downloader/AppData/Local/nvim-data/mason/packages/lua-language-server/meta/3rd/Cocos4.0/library/cc/FastTMXLayer.lua , size = 5.127 KB
[12:25:43.386][info] [#0:script\workspace\loading.lua:100]: Preload file at: file:///c%3A/Users/downloader/AppData/Local/nvim-data/mason/packages/lua-language-server/meta/3rd/Cocos4.0/library/cc/FastTMXTiledMap.lua , size = 3.303 KB
[12:25:43.387][info] [#0:script\workspace\loading.lua:100]: Preload file at: file:///c%3A/Users/downloader/AppData/Local/nvim-data/mason/packages/lua-language-server/meta/3rd/Cocos4.0/library/cc/FileUtils.lua , size = 16.421 KB
[12:25:43.392][info] [#0:script\workspace\loading.lua:100]: Preload file at: file:///c%3A/Users/downloader/AppData/Local/nvim-data/mason/packages/lua-language-server/meta/3rd/Cocos4.0/library/cc/FiniteTimeAction.lua , size = 0.597 KB
[12:25:43.393][info] [#0:script\workspace\loading.lua:100]: Preload file at: file:///c%3A/Users/downloader/AppData/Local/nvim-data/mason/packages/lua-language-server/meta/3rd/Cocos4.0/library/cc/FlipX.lua , size = 0.629 KB
[12:25:43.393][info] [#0:script\workspace\loading.lua:100]: Preload file at: file:///c%3A/Users/downloader/AppData/Local/nvim-data/mason/packages/lua-language-server/meta/3rd/Cocos4.0/library/cc/FlipX3D.lua , size = 1.342 KB
[12:25:43.394][info] [#0:script\workspace\loading.lua:100]: Preload file at: file:///c%3A/Users/downloader/AppData/Local/nvim-data/mason/packages/lua-language-server/meta/3rd/Cocos4.0/library/cc/FlipY.lua , size = 0.626 KB
[12:25:43.397][info] [#0:script\workspace\loading.lua:100]: Preload file at: file:///c%3A/Users/downloader/AppData/Local/nvim-data/mason/packages/lua-language-server/meta/3rd/Cocos4.0/library/cc/FlipY3D.lua , size = 0.586 KB
[12:25:43.397][info] [#0:script\workspace\loading.lua:100]: Preload file at: file:///c%3A/Users/downloader/AppData/Local/nvim-data/mason/packages/lua-language-server/meta/3rd/Cocos4.0/library/cc/Follow.lua , size = 3.491 KB
[12:25:43.399][info] [#0:script\workspace\loading.lua:100]: Preload file at: file:///c%3A/Users/downloader/AppData/Local/nvim-data/mason/packages/lua-language-server/meta/3rd/Cocos4.0/library/cc/GLView.lua , size = 7.515 KB
[12:25:43.401][info] [#0:script\workspace\loading.lua:100]: Preload file at: file:///c%3A/Users/downloader/AppData/Local/nvim-data/mason/packages/lua-language-server/meta/3rd/Cocos4.0/library/cc/GLViewImpl.lua , size = 0.704 KB
[12:25:43.402][info] [#0:script\workspace\loading.lua:100]: Preload file at: file:///c%3A/Users/downloader/AppData/Local/nvim-data/mason/packages/lua-language-server/meta/3rd/Cocos4.0/library/cc/Grid3D.lua , size = 1.241 KB
[12:25:43.403][info] [#0:script\workspace\loading.lua:100]: Preload file at: file:///c%3A/Users/downloader/AppData/Local/nvim-data/mason/packages/lua-language-server/meta/3rd/Cocos4.0/library/cc/Grid3DAction.lua , size = 0.377 KB
[12:25:43.403][info] [#0:script\workspace\loading.lua:100]: Preload file at: file:///c%3A/Users/downloader/AppData/Local/nvim-data/mason/packages/lua-language-server/meta/3rd/Cocos4.0/library/cc/GridAction.lua , size = 0.871 KB
[12:25:43.404][info] [#0:script\workspace\loading.lua:100]: Preload file at: file:///c%3A/Users/downloader/AppData/Local/nvim-data/mason/packages/lua-language-server/meta/3rd/Cocos4.0/library/cc/GridBase.lua , size = 2.780 KB
[12:25:43.406][info] [#0:script\workspace\loading.lua:100]: Preload file at: file:///c%3A/Users/downloader/AppData/Local/nvim-data/mason/packages/lua-language-server/meta/3rd/Cocos4.0/library/cc/Hide.lua , size = 0.472 KB
[12:25:43.406][info] [#0:script\workspace\loading.lua:100]: Preload file at: file:///c%3A/Users/downloader/AppData/Local/nvim-data/mason/packages/lua-language-server/meta/3rd/Cocos4.0/library/cc/Image.lua , size = 2.054 KB
[12:25:43.407][info] [#0:script\workspace\loading.lua:100]: Preload file at: file:///c%3A/Users/downloader/AppData/Local/nvim-data/mason/packages/lua-language-server/meta/3rd/Cocos4.0/library/cc/JumpBy.lua , size = 1.120 KB
[12:25:43.408][info] [#0:script\workspace\loading.lua:100]: Preload file at: file:///c%3A/Users/downloader/AppData/Local/nvim-data/mason/packages/lua-language-server/meta/3rd/Cocos4.0/library/cc/JumpTiles3D.lua , size = 2.452 KB
[12:25:43.410][info] [#0:script\workspace\loading.lua:100]: Preload file at: file:///c%3A/Users/downloader/AppData/Local/nvim-data/mason/packages/lua-language-server/meta/3rd/Cocos4.0/library/cc/JumpTo.lua , size = 1.025 KB
[12:25:43.410][info] [#0:script\workspace\loading.lua:100]: Preload file at: file:///c%3A/Users/downloader/AppData/Local/nvim-data/mason/packages/lua-language-server/meta/3rd/Cocos4.0/library/cc/Label.lua , size = 13.937 KB
[12:25:43.417][info] [#0:script\workspace\loading.lua:100]: Preload file at: file:///c%3A/Users/downloader/AppData/Local/nvim-data/mason/packages/lua-language-server/meta/3rd/Cocos4.0/library/cc/LabelAtlas.lua , size = 1.341 KB
[12:25:43.418][info] [#0:script\workspace\loading.lua:100]: Preload file at: file:///c%3A/Users/downloader/AppData/Local/nvim-data/mason/packages/lua-language-server/meta/3rd/Cocos4.0/library/cc/Layer.lua , size = 0.370 KB
[12:25:43.418][info] [#0:script\workspace\loading.lua:100]: Preload file at: file:///c%3A/Users/downloader/AppData/Local/nvim-data/mason/packages/lua-language-server/meta/3rd/Cocos4.0/library/cc/LayerColor.lua , size = 2.065 KB
[12:25:43.420][info] [#0:script\workspace\loading.lua:100]: Preload file at: file:///c%3A/Users/downloader/AppData/Local/nvim-data/mason/packages/lua-language-server/meta/3rd/Cocos4.0/library/cc/LayerGradient.lua , size = 3.405 KB
[12:25:43.421][info] [#0:script\workspace\loading.lua:100]: Preload file at: file:///c%3A/Users/downloader/AppData/Local/nvim-data/mason/packages/lua-language-server/meta/3rd/Cocos4.0/library/cc/LayerMultiplex.lua , size = 1.195 KB
[12:25:43.422][info] [#0:script\workspace\loading.lua:100]: Preload file at: file:///c%3A/Users/downloader/AppData/Local/nvim-data/mason/packages/lua-language-server/meta/3rd/Cocos4.0/library/cc/LayerRadialGradient.lua , size = 2.950 KB
[12:25:43.425][info] [#0:script\workspace\loading.lua:100]: Preload file at: file:///c%3A/Users/downloader/AppData/Local/nvim-data/mason/packages/lua-language-server/meta/3rd/Cocos4.0/library/cc/Lens3D.lua , size = 2.433 KB
[12:25:43.426][info] [#0:script\workspace\loading.lua:100]: Preload file at: file:///c%3A/Users/downloader/AppData/Local/nvim-data/mason/packages/lua-language-server/meta/3rd/Cocos4.0/library/cc/Liquid.lua , size = 2.292 KB
[12:25:43.427][info] [#0:script\workspace\loading.lua:100]: Preload file at: file:///c%3A/Users/downloader/AppData/Local/nvim-data/mason/packages/lua-language-server/meta/3rd/Cocos4.0/library/cc/Manifest.lua , size = 0.856 KB
[12:25:43.428][info] [#0:script\workspace\loading.lua:100]: Preload file at: file:///c%3A/Users/downloader/AppData/Local/nvim-data/mason/packages/lua-language-server/meta/3rd/Cocos4.0/library/cc/Material.lua , size = 2.979 KB
[12:25:43.429][info] [#0:script\workspace\loading.lua:100]: Preload file at: file:///c%3A/Users/downloader/AppData/Local/nvim-data/mason/packages/lua-language-server/meta/3rd/Cocos4.0/library/cc/Menu.lua , size = 2.065 KB
[12:25:43.430][info] [#0:script\workspace\loading.lua:100]: Preload file at: file:///c%3A/Users/downloader/AppData/Local/nvim-data/mason/packages/lua-language-server/meta/3rd/Cocos4.0/library/cc/MenuItem.lua , size = 0.908 KB
[12:25:43.431][info] [#0:script\workspace\loading.lua:100]: Preload file at: file:///c%3A/Users/downloader/AppData/Local/nvim-data/mason/packages/lua-language-server/meta/3rd/Cocos4.0/library/cc/MenuItemAtlasFont.lua , size = 0.581 KB
[12:25:43.432][info] [#0:script\workspace\loading.lua:100]: Preload file at: file:///c%3A/Users/downloader/AppData/Local/nvim-data/mason/packages/lua-language-server/meta/3rd/Cocos4.0/library/cc/MenuItemFont.lua , size = 1.632 KB
[12:25:43.433][info] [#0:script\workspace\loading.lua:100]: Preload file at: file:///c%3A/Users/downloader/AppData/Local/nvim-data/mason/packages/lua-language-server/meta/3rd/Cocos4.0/library/cc/MenuItemImage.lua , size = 1.050 KB
[12:25:43.433][info] [#0:script\workspace\loading.lua:100]: Preload file at: file:///c%3A/Users/downloader/AppData/Local/nvim-data/mason/packages/lua-language-server/meta/3rd/Cocos4.0/library/cc/MenuItemLabel.lua , size = 1.413 KB
[12:25:43.434][info] [#0:script\workspace\loading.lua:100]: Preload file at: file:///c%3A/Users/downloader/AppData/Local/nvim-data/mason/packages/lua-language-server/meta/3rd/Cocos4.0/library/cc/MenuItemSprite.lua , size = 1.691 KB
[12:25:43.435][info] [#0:script\workspace\loading.lua:100]: Preload file at: file:///c%3A/Users/downloader/AppData/Local/nvim-data/mason/packages/lua-language-server/meta/3rd/Cocos4.0/library/cc/MenuItemToggle.lua , size = 1.276 KB
[12:25:43.436][info] [#0:script\workspace\loading.lua:100]: Preload file at: file:///c%3A/Users/downloader/AppData/Local/nvim-data/mason/packages/lua-language-server/meta/3rd/Cocos4.0/library/cc/Mesh.lua , size = 2.304 KB
[12:25:43.437][info] [#0:script\workspace\loading.lua:100]: Preload file at: file:///c%3A/Users/downloader/AppData/Local/nvim-data/mason/packages/lua-language-server/meta/3rd/Cocos4.0/library/cc/MotionStreak.lua , size = 3.903 KB
[12:25:43.440][info] [#0:script\workspace\loading.lua:100]: Preload file at: file:///c%3A/Users/downloader/AppData/Local/nvim-data/mason/packages/lua-language-server/meta/3rd/Cocos4.0/library/cc/MotionStreak3D.lua , size = 4.474 KB
[12:25:43.442][info] [#0:script\workspace\loading.lua:100]: Preload file at: file:///c%3A/Users/downloader/AppData/Local/nvim-data/mason/packages/lua-language-server/meta/3rd/Cocos4.0/library/cc/MoveBy.lua , size = 0.936 KB
[12:25:43.443][info] [#0:script\workspace\loading.lua:100]: Preload file at: file:///c%3A/Users/downloader/AppData/Local/nvim-data/mason/packages/lua-language-server/meta/3rd/Cocos4.0/library/cc/MoveTo.lua , size = 0.810 KB
[12:25:43.444][info] [#0:script\workspace\loading.lua:100]: Preload file at: file:///c%3A/Users/downloader/AppData/Local/nvim-data/mason/packages/lua-language-server/meta/3rd/Cocos4.0/library/cc/NavMesh.lua , size = 1.435 KB
[12:25:43.445][info] [#0:script\workspace\loading.lua:100]: Preload file at: file:///c%3A/Users/downloader/AppData/Local/nvim-data/mason/packages/lua-language-server/meta/3rd/Cocos4.0/library/cc/NavMeshAgent.lua , size = 3.666 KB
[12:25:43.447][info] [#0:script\workspace\loading.lua:100]: Preload file at: file:///c%3A/Users/downloader/AppData/Local/nvim-data/mason/packages/lua-language-server/meta/3rd/Cocos4.0/library/cc/NavMeshObstacle.lua , size = 1.413 KB
[12:25:43.448][info] [#0:script\workspace\loading.lua:100]: Preload file at: file:///c%3A/Users/downloader/AppData/Local/nvim-data/mason/packages/lua-language-server/meta/3rd/Cocos4.0/library/cc/Node.lua , size = 35.348 KB
[12:25:43.460][info] [#0:script\workspace\loading.lua:100]: Preload file at: file:///c%3A/Users/downloader/AppData/Local/nvim-data/mason/packages/lua-language-server/meta/3rd/Cocos4.0/library/cc/NodeGrid.lua , size = 1.302 KB
[12:25:43.461][info] [#0:script\workspace\loading.lua:100]: Preload file at: file:///c%3A/Users/downloader/AppData/Local/nvim-data/mason/packages/lua-language-server/meta/3rd/Cocos4.0/library/cc/OrbitCamera.lua , size = 1.513 KB
[12:25:43.462][info] [#0:script\workspace\loading.lua:100]: Preload file at: file:///c%3A/Users/downloader/AppData/Local/nvim-data/mason/packages/lua-language-server/meta/3rd/Cocos4.0/library/cc/PageTurn3D.lua , size = 0.736 KB
[12:25:43.464][info] [#0:script\workspace\loading.lua:100]: Preload file at: file:///c%3A/Users/downloader/AppData/Local/nvim-data/mason/packages/lua-language-server/meta/3rd/Cocos4.0/library/cc/ParallaxNode.lua , size = 1.659 KB
[12:25:43.465][info] [#0:script\workspace\loading.lua:100]: Preload file at: file:///c%3A/Users/downloader/AppData/Local/nvim-data/mason/packages/lua-language-server/meta/3rd/Cocos4.0/library/cc/ParticleBatchNode.lua , size = 4.381 KB
[12:25:43.467][info] [#0:script\workspace\loading.lua:100]: Preload file at: file:///c%3A/Users/downloader/AppData/Local/nvim-data/mason/packages/lua-language-server/meta/3rd/Cocos4.0/library/cc/ParticleData.lua , size = 0.477 KB
[12:25:43.467][info] [#0:script\workspace\loading.lua:100]: Preload file at: file:///c%3A/Users/downloader/AppData/Local/nvim-data/mason/packages/lua-language-server/meta/3rd/Cocos4.0/library/cc/ParticleExplosion.lua , size = 0.901 KB
[12:25:43.468][info] [#0:script\workspace\loading.lua:100]: Preload file at: file:///c%3A/Users/downloader/AppData/Local/nvim-data/mason/packages/lua-language-server/meta/3rd/Cocos4.0/library/cc/ParticleFire.lua , size = 0.833 KB
[12:25:43.468][info] [#0:script\workspace\loading.lua:100]: Preload file at: file:///c%3A/Users/downloader/AppData/Local/nvim-data/mason/packages/lua-language-server/meta/3rd/Cocos4.0/library/cc/ParticleFireworks.lua , size = 0.901 KB
[12:25:43.469][info] [#0:script\workspace\loading.lua:100]: Preload file at: file:///c%3A/Users/downloader/AppData/Local/nvim-data/mason/packages/lua-language-server/meta/3rd/Cocos4.0/library/cc/ParticleFlower.lua , size = 0.860 KB
[12:25:43.469][info] [#0:script\workspace\loading.lua:100]: Preload file at: file:///c%3A/Users/downloader/AppData/Local/nvim-data/mason/packages/lua-language-server/meta/3rd/Cocos4.0/library/cc/ParticleGalaxy.lua , size = 0.860 KB
[12:25:43.470][info] [#0:script\workspace\loading.lua:100]: Preload file at: file:///c%3A/Users/downloader/AppData/Local/nvim-data/mason/packages/lua-language-server/meta/3rd/Cocos4.0/library/cc/ParticleMeteor.lua , size = 0.860 KB
[12:25:43.470][info] [#0:script\workspace\loading.lua:100]: Preload file at: file:///c%3A/Users/downloader/AppData/Local/nvim-data/mason/packages/lua-language-server/meta/3rd/Cocos4.0/library/cc/ParticleRain.lua , size = 0.833 KB
[12:25:43.471][info] [#0:script\workspace\loading.lua:100]: Preload file at: file:///c%3A/Users/downloader/AppData/Local/nvim-data/mason/packages/lua-language-server/meta/3rd/Cocos4.0/library/cc/ParticleSmoke.lua , size = 0.847 KB
[12:25:43.472][info] [#0:script\workspace\loading.lua:100]: Preload file at: file:///c%3A/Users/downloader/AppData/Local/nvim-data/mason/packages/lua-language-server/meta/3rd/Cocos4.0/library/cc/ParticleSnow.lua , size = 0.833 KB
[12:25:43.472][info] [#0:script\workspace\loading.lua:100]: Preload file at: file:///c%3A/Users/downloader/AppData/Local/nvim-data/mason/packages/lua-language-server/meta/3rd/Cocos4.0/library/cc/ParticleSpiral.lua , size = 0.860 KB
[12:25:43.473][info] [#0:script\workspace\loading.lua:100]: Preload file at: file:///c%3A/Users/downloader/AppData/Local/nvim-data/mason/packages/lua-language-server/meta/3rd/Cocos4.0/library/cc/ParticleSun.lua , size = 0.819 KB
[12:25:43.473][info] [#0:script\workspace\loading.lua:100]: Preload file at: file:///c%3A/Users/downloader/AppData/Local/nvim-data/mason/packages/lua-language-server/meta/3rd/Cocos4.0/library/cc/ParticleSystem.lua , size = 20.010 KB
[12:25:43.483][info] [#0:script\workspace\loading.lua:100]: Preload file at: file:///c%3A/Users/downloader/AppData/Local/nvim-data/mason/packages/lua-language-server/meta/3rd/Cocos4.0/library/cc/ParticleSystem3D.lua , size = 2.705 KB
[12:25:43.485][info] [#0:script\workspace\loading.lua:100]: Preload file at: file:///c%3A/Users/downloader/AppData/Local/nvim-data/mason/packages/lua-language-server/meta/3rd/Cocos4.0/library/cc/ParticleSystemQuad.lua , size = 1.857 KB
[12:25:43.486][info] [#0:script\workspace\loading.lua:100]: Preload file at: file:///c%3A/Users/downloader/AppData/Local/nvim-data/mason/packages/lua-language-server/meta/3rd/Cocos4.0/library/cc/Pass.lua , size = 3.769 KB
[12:25:43.488][info] [#0:script\workspace\loading.lua:100]: Preload file at: file:///c%3A/Users/downloader/AppData/Local/nvim-data/mason/packages/lua-language-server/meta/3rd/Cocos4.0/library/cc/Physics3D6DofConstraint.lua , size = 2.309 KB
[12:25:43.489][info] [#0:script\workspace\loading.lua:100]: Preload file at: file:///c%3A/Users/downloader/AppData/Local/nvim-data/mason/packages/lua-language-server/meta/3rd/Cocos4.0/library/cc/Physics3DComponent.lua , size = 1.544 KB
[12:25:43.490][info] [#0:script\workspace\loading.lua:100]: Preload file at: file:///c%3A/Users/downloader/AppData/Local/nvim-data/mason/packages/lua-language-server/meta/3rd/Cocos4.0/library/cc/Physics3DConeTwistConstraint.lua , size = 3.640 KB
[12:25:43.492][info] [#0:script\workspace\loading.lua:100]: Preload file at: file:///c%3A/Users/downloader/AppData/Local/nvim-data/mason/packages/lua-language-server/meta/3rd/Cocos4.0/library/cc/Physics3DConstraint.lua , size = 1.616 KB
[12:25:43.493][info] [#0:script\workspace\loading.lua:100]: Preload file at: file:///c%3A/Users/downloader/AppData/Local/nvim-data/mason/packages/lua-language-server/meta/3rd/Cocos4.0/library/cc/Physics3DHingeConstraint.lua , size = 3.964 KB
[12:25:43.494][info] [#0:script\workspace\loading.lua:100]: Preload file at: file:///c%3A/Users/downloader/AppData/Local/nvim-data/mason/packages/lua-language-server/meta/3rd/Cocos4.0/library/cc/Physics3DObject.lua , size = 1.269 KB
[12:25:43.495][info] [#0:script\workspace\loading.lua:100]: Preload file at: file:///c%3A/Users/downloader/AppData/Local/nvim-data/mason/packages/lua-language-server/meta/3rd/Cocos4.0/library/cc/Physics3DPointToPointConstraint.lua , size = 1.859 KB
[12:25:43.496][info] [#0:script\workspace\loading.lua:100]: Preload file at: file:///c%3A/Users/downloader/AppData/Local/nvim-data/mason/packages/lua-language-server/meta/3rd/Cocos4.0/library/cc/Physics3DRigidBody.lua , size = 6.938 KB
[12:25:43.500][info] [#0:script\workspace\loading.lua:100]: Preload file at: file:///c%3A/Users/downloader/AppData/Local/nvim-data/mason/packages/lua-language-server/meta/3rd/Cocos4.0/library/cc/Physics3DShape.lua , size = 1.820 KB
[12:25:43.501][info] [#0:script\workspace\loading.lua:100]: Preload file at: file:///c%3A/Users/downloader/AppData/Local/nvim-data/mason/packages/lua-language-server/meta/3rd/Cocos4.0/library/cc/Physics3DSliderConstraint.lua , size = 7.869 KB
[12:25:43.505][info] [#0:script\workspace\loading.lua:100]: Preload file at: file:///c%3A/Users/downloader/AppData/Local/nvim-data/mason/packages/lua-language-server/meta/3rd/Cocos4.0/library/cc/Physics3DWorld.lua , size = 2.085 KB
[12:25:43.506][info] [#0:script\workspace\loading.lua:100]: Preload file at: file:///c%3A/Users/downloader/AppData/Local/nvim-data/mason/packages/lua-language-server/meta/3rd/Cocos4.0/library/cc/PhysicsBody.lua , size = 14.941 KB
[12:25:43.511][info] [#0:script\workspace\loading.lua:100]: Preload file at: file:///c%3A/Users/downloader/AppData/Local/nvim-data/mason/packages/lua-language-server/meta/3rd/Cocos4.0/library/cc/PhysicsContact.lua , size = 0.608 KB
[12:25:43.513][info] [#0:script\workspace\loading.lua:100]: Preload file at: file:///c%3A/Users/downloader/AppData/Local/nvim-data/mason/packages/lua-language-server/meta/3rd/Cocos4.0/library/cc/PhysicsContactPostSolve.lua , size = 0.486 KB
[12:25:43.513][info] [#0:script\workspace\loading.lua:100]: Preload file at: file:///c%3A/Users/downloader/AppData/Local/nvim-data/mason/packages/lua-language-server/meta/3rd/Cocos4.0/library/cc/PhysicsContactPreSolve.lua , size = 1.015 KB
[12:25:43.514][info] [#0:script\workspace\loading.lua:100]: Preload file at: file:///c%3A/Users/downloader/AppData/Local/nvim-data/mason/packages/lua-language-server/meta/3rd/Cocos4.0/library/cc/PhysicsJoint.lua , size = 1.491 KB
[12:25:43.515][info] [#0:script\workspace\loading.lua:100]: Preload file at: file:///c%3A/Users/downloader/AppData/Local/nvim-data/mason/packages/lua-language-server/meta/3rd/Cocos4.0/library/cc/PhysicsJointDistance.lua , size = 0.945 KB
[12:25:43.515][info] [#0:script\workspace\loading.lua:100]: Preload file at: file:///c%3A/Users/downloader/AppData/Local/nvim-data/mason/packages/lua-language-server/meta/3rd/Cocos4.0/library/cc/PhysicsJointFixed.lua , size = 0.555 KB
[12:25:43.516][info] [#0:script\workspace\loading.lua:100]: Preload file at: file:///c%3A/Users/downloader/AppData/Local/nvim-data/mason/packages/lua-language-server/meta/3rd/Cocos4.0/library/cc/PhysicsJointGear.lua , size = 1.096 KB
[12:25:43.517][info] [#0:script\workspace\loading.lua:100]: Preload file at: file:///c%3A/Users/downloader/AppData/Local/nvim-data/mason/packages/lua-language-server/meta/3rd/Cocos4.0/library/cc/PhysicsJointGroove.lua , size = 1.447 KB
[12:25:43.517][info] [#0:script\workspace\loading.lua:100]: Preload file at: file:///c%3A/Users/downloader/AppData/Local/nvim-data/mason/packages/lua-language-server/meta/3rd/Cocos4.0/library/cc/PhysicsJointLimit.lua , size = 1.680 KB
[12:25:43.518][info] [#0:script\workspace\loading.lua:100]: Preload file at: file:///c%3A/Users/downloader/AppData/Local/nvim-data/mason/packages/lua-language-server/meta/3rd/Cocos4.0/library/cc/PhysicsJointMotor.lua , size = 0.792 KB
[12:25:43.519][info] [#0:script\workspace\loading.lua:100]: Preload file at: file:///c%3A/Users/downloader/AppData/Local/nvim-data/mason/packages/lua-language-server/meta/3rd/Cocos4.0/library/cc/PhysicsJointPin.lua , size = 0.615 KB
[12:25:43.519][info] [#0:script\workspace\loading.lua:100]: Preload file at: file:///c%3A/Users/downloader/AppData/Local/nvim-data/mason/packages/lua-language-server/meta/3rd/Cocos4.0/library/cc/PhysicsJointRatchet.lua , size = 1.371 KB
[12:25:43.520][info] [#0:script\workspace\loading.lua:100]: Preload file at: file:///c%3A/Users/downloader/AppData/Local/nvim-data/mason/packages/lua-language-server/meta/3rd/Cocos4.0/library/cc/PhysicsJointRotaryLimit.lua , size = 1.035 KB
[12:25:43.521][info] [#0:script\workspace\loading.lua:100]: Preload file at: file:///c%3A/Users/downloader/AppData/Local/nvim-data/mason/packages/lua-language-server/meta/3rd/Cocos4.0/library/cc/PhysicsJointRotarySpring.lua , size = 1.497 KB
[12:25:43.522][info] [#0:script\workspace\loading.lua:100]: Preload file at: file:///c%3A/Users/downloader/AppData/Local/nvim-data/mason/packages/lua-language-server/meta/3rd/Cocos4.0/library/cc/PhysicsJointSpring.lua , size = 2.058 KB
[12:25:43.523][info] [#0:script\workspace\loading.lua:100]: Preload file at: file:///c%3A/Users/downloader/AppData/Local/nvim-data/mason/packages/lua-language-server/meta/3rd/Cocos4.0/library/cc/PhysicsShape.lua , size = 6.928 KB
[12:25:43.525][info] [#0:script\workspace\loading.lua:100]: Preload file at: file:///c%3A/Users/downloader/AppData/Local/nvim-data/mason/packages/lua-language-server/meta/3rd/Cocos4.0/library/cc/PhysicsShapeBox.lua , size = 0.994 KB
[12:25:43.526][info] [#0:script\workspace\loading.lua:100]: Preload file at: file:///c%3A/Users/downloader/AppData/Local/nvim-data/mason/packages/lua-language-server/meta/3rd/Cocos4.0/library/cc/PhysicsShapeCircle.lua , size = 1.780 KB
[12:25:43.527][info] [#0:script\workspace\loading.lua:100]: Preload file at: file:///c%3A/Users/downloader/AppData/Local/nvim-data/mason/packages/lua-language-server/meta/3rd/Cocos4.0/library/cc/PhysicsShapeEdgeBox.lua , size = 0.949 KB
[12:25:43.527][info] [#0:script\workspace\loading.lua:100]: Preload file at: file:///c%3A/Users/downloader/AppData/Local/nvim-data/mason/packages/lua-language-server/meta/3rd/Cocos4.0/library/cc/PhysicsShapeEdgeChain.lua , size = 0.432 KB
[12:25:43.527][info] [#0:script\workspace\loading.lua:100]: Preload file at: file:///c%3A/Users/downloader/AppData/Local/nvim-data/mason/packages/lua-language-server/meta/3rd/Cocos4.0/library/cc/PhysicsShapeEdgePolygon.lua , size = 0.447 KB
[12:25:43.528][info] [#0:script\workspace\loading.lua:100]: Preload file at: file:///c%3A/Users/downloader/AppData/Local/nvim-data/mason/packages/lua-language-server/meta/3rd/Cocos4.0/library/cc/PhysicsShapeEdgeSegment.lua , size = 1.152 KB
[12:25:43.528][info] [#0:script\workspace\loading.lua:100]: Preload file at: file:///c%3A/Users/downloader/AppData/Local/nvim-data/mason/packages/lua-language-server/meta/3rd/Cocos4.0/library/cc/PhysicsShapePolygon.lua , size = 0.793 KB
[12:25:43.529][info] [#0:script\workspace\loading.lua:100]: Preload file at: file:///c%3A/Users/downloader/AppData/Local/nvim-data/mason/packages/lua-language-server/meta/3rd/Cocos4.0/library/cc/PhysicsSprite3D.lua , size = 0.673 KB
[12:25:43.529][info] [#0:script\workspace\loading.lua:100]: Preload file at: file:///c%3A/Users/downloader/AppData/Local/nvim-data/mason/packages/lua-language-server/meta/3rd/Cocos4.0/library/cc/PhysicsWorld.lua , size = 6.945 KB
[12:25:43.531][info] [#0:script\workspace\loading.lua:100]: Preload file at: file:///c%3A/Users/downloader/AppData/Local/nvim-data/mason/packages/lua-language-server/meta/3rd/Cocos4.0/library/cc/Place.lua , size = 0.677 KB
[12:25:43.532][info] [#0:script\workspace\loading.lua:100]: Preload file at: file:///c%3A/Users/downloader/AppData/Local/nvim-data/mason/packages/lua-language-server/meta/3rd/Cocos4.0/library/cc/PointLight.lua , size = 0.748 KB
[12:25:43.533][info] [#0:script\workspace\loading.lua:100]: Preload file at: file:///c%3A/Users/downloader/AppData/Local/nvim-data/mason/packages/lua-language-server/meta/3rd/Cocos4.0/library/cc/PolygonInfo.lua , size = 2.076 KB
[12:25:43.533][info] [#0:script\workspace\loading.lua:100]: Preload file at: file:///c%3A/Users/downloader/AppData/Local/nvim-data/mason/packages/lua-language-server/meta/3rd/Cocos4.0/library/cc/ProgressFromTo.lua , size = 1.685 KB
[12:25:43.534][info] [#0:script\workspace\loading.lua:100]: Preload file at: file:///c%3A/Users/downloader/AppData/Local/nvim-data/mason/packages/lua-language-server/meta/3rd/Cocos4.0/library/cc/ProgressTimer.lua , size = 3.971 KB
[12:25:43.536][info] [#0:script\workspace\loading.lua:100]: Preload file at: file:///c%3A/Users/downloader/AppData/Local/nvim-data/mason/packages/lua-language-server/meta/3rd/Cocos4.0/library/cc/ProgressTo.lua , size = 1.332 KB
[12:25:43.537][info] [#0:script\workspace\loading.lua:100]: Preload file at: file:///c%3A/Users/downloader/AppData/Local/nvim-data/mason/packages/lua-language-server/meta/3rd/Cocos4.0/library/cc/Properties.lua , size = 11.930 KB
[12:25:43.539][info] [#0:script\workspace\loading.lua:100]: Preload file at: file:///c%3A/Users/downloader/AppData/Local/nvim-data/mason/packages/lua-language-server/meta/3rd/Cocos4.0/library/cc/ProtectedNode.lua , size = 3.951 KB
[12:25:43.541][info] [#0:script\workspace\loading.lua:100]: Preload file at: file:///c%3A/Users/downloader/AppData/Local/nvim-data/mason/packages/lua-language-server/meta/3rd/Cocos4.0/library/cc/PUParticleSystem3D.lua , size = 5.920 KB
[12:25:43.544][info] [#0:script\workspace\loading.lua:100]: Preload file at: file:///c%3A/Users/downloader/AppData/Local/nvim-data/mason/packages/lua-language-server/meta/3rd/Cocos4.0/library/cc/Ref.lua , size = 0.683 KB
[12:25:43.545][info] [#0:script\workspace\loading.lua:100]: Preload file at: file:///c%3A/Users/downloader/AppData/Local/nvim-data/mason/packages/lua-language-server/meta/3rd/Cocos4.0/library/cc/RemoveSelf.lua , size = 0.700 KB
[12:25:43.545][info] [#0:script\workspace\loading.lua:100]: Preload file at: file:///c%3A/Users/downloader/AppData/Local/nvim-data/mason/packages/lua-language-server/meta/3rd/Cocos4.0/library/cc/Renderer.lua , size = 9.898 KB
[12:25:43.549][info] [#0:script\workspace\loading.lua:100]: Preload file at: file:///c%3A/Users/downloader/AppData/Local/nvim-data/mason/packages/lua-language-server/meta/3rd/Cocos4.0/library/cc/RenderState.lua , size = 0.380 KB
[12:25:43.550][info] [#0:script\workspace\loading.lua:100]: Preload file at: file:///c%3A/Users/downloader/AppData/Local/nvim-data/mason/packages/lua-language-server/meta/3rd/Cocos4.0/library/cc/RenderTexture.lua , size = 6.191 KB
[12:25:43.553][info] [#0:script\workspace\loading.lua:100]: Preload file at: file:///c%3A/Users/downloader/AppData/Local/nvim-data/mason/packages/lua-language-server/meta/3rd/Cocos4.0/library/cc/Repeat.lua , size = 1.403 KB
[12:25:43.554][info] [#0:script\workspace\loading.lua:100]: Preload file at: file:///c%3A/Users/downloader/AppData/Local/nvim-data/mason/packages/lua-language-server/meta/3rd/Cocos4.0/library/cc/RepeatForever.lua , size = 1.231 KB
[12:25:43.555][info] [#0:script\workspace\loading.lua:100]: Preload file at: file:///c%3A/Users/downloader/AppData/Local/nvim-data/mason/packages/lua-language-server/meta/3rd/Cocos4.0/library/cc/ReuseGrid.lua , size = 0.993 KB
[12:25:43.555][info] [#0:script\workspace\loading.lua:100]: Preload file at: file:///c%3A/Users/downloader/AppData/Local/nvim-data/mason/packages/lua-language-server/meta/3rd/Cocos4.0/library/cc/Ripple3D.lua , size = 3.184 KB
[12:25:43.556][info] [#0:script\workspace\loading.lua:100]: Preload file at: file:///c%3A/Users/downloader/AppData/Local/nvim-data/mason/packages/lua-language-server/meta/3rd/Cocos4.0/library/cc/RotateBy.lua , size = 1.128 KB
[12:25:43.558][info] [#0:script\workspace\loading.lua:100]: Preload file at: file:///c%3A/Users/downloader/AppData/Local/nvim-data/mason/packages/lua-language-server/meta/3rd/Cocos4.0/library/cc/RotateTo.lua , size = 1.050 KB
[12:25:43.559][info] [#0:script\workspace\loading.lua:100]: Preload file at: file:///c%3A/Users/downloader/AppData/Local/nvim-data/mason/packages/lua-language-server/meta/3rd/Cocos4.0/library/cc/ScaleBy.lua , size = 0.666 KB
[12:25:43.560][info] [#0:script\workspace\loading.lua:100]: Preload file at: file:///c%3A/Users/downloader/AppData/Local/nvim-data/mason/packages/lua-language-server/meta/3rd/Cocos4.0/library/cc/ScaleTo.lua , size = 1.112 KB
[12:25:43.561][info] [#0:script\workspace\loading.lua:100]: Preload file at: file:///c%3A/Users/downloader/AppData/Local/nvim-data/mason/packages/lua-language-server/meta/3rd/Cocos4.0/library/cc/Scene.lua , size = 2.009 KB
[12:25:43.562][info] [#0:script\workspace\loading.lua:100]: Preload file at: file:///c%3A/Users/downloader/AppData/Local/nvim-data/mason/packages/lua-language-server/meta/3rd/Cocos4.0/library/cc/Scheduler.lua , size = 1.115 KB
[12:25:43.562][info] [#0:script\workspace\loading.lua:100]: Preload file at: file:///c%3A/Users/downloader/AppData/Local/nvim-data/mason/packages/lua-language-server/meta/3rd/Cocos4.0/library/cc/Sequence.lua , size = 0.857 KB
[12:25:43.563][info] [#0:script\workspace\loading.lua:100]: Preload file at: file:///c%3A/Users/downloader/AppData/Local/nvim-data/mason/packages/lua-language-server/meta/3rd/Cocos4.0/library/cc/ShaderCache.lua , size = 1.072 KB
[12:25:43.564][info] [#0:script\workspace\loading.lua:100]: Preload file at: file:///c%3A/Users/downloader/AppData/Local/nvim-data/mason/packages/lua-language-server/meta/3rd/Cocos4.0/library/cc/Shaky3D.lua , size = 1.554 KB
[12:25:43.565][info] [#0:script\workspace\loading.lua:100]: Preload file at: file:///c%3A/Users/downloader/AppData/Local/nvim-data/mason/packages/lua-language-server/meta/3rd/Cocos4.0/library/cc/ShakyTiles3D.lua , size = 1.599 KB
[12:25:43.566][info] [#0:script\workspace\loading.lua:100]: Preload file at: file:///c%3A/Users/downloader/AppData/Local/nvim-data/mason/packages/lua-language-server/meta/3rd/Cocos4.0/library/cc/ShatteredTiles3D.lua , size = 1.691 KB
[12:25:43.566][info] [#0:script\workspace\loading.lua:100]: Preload file at: file:///c%3A/Users/downloader/AppData/Local/nvim-data/mason/packages/lua-language-server/meta/3rd/Cocos4.0/library/cc/Show.lua , size = 0.473 KB
[12:25:43.567][info] [#0:script\workspace\loading.lua:100]: Preload file at: file:///c%3A/Users/downloader/AppData/Local/nvim-data/mason/packages/lua-language-server/meta/3rd/Cocos4.0/library/cc/ShuffleTiles.lua , size = 1.566 KB
[12:25:43.568][info] [#0:script\workspace\loading.lua:100]: Preload file at: file:///c%3A/Users/downloader/AppData/Local/nvim-data/mason/packages/lua-language-server/meta/3rd/Cocos4.0/library/cc/Skeleton3D.lua , size = 0.979 KB
[12:25:43.568][info] [#0:script\workspace\loading.lua:100]: Preload file at: file:///c%3A/Users/downloader/AppData/Local/nvim-data/mason/packages/lua-language-server/meta/3rd/Cocos4.0/library/cc/SkewBy.lua , size = 0.832 KB
[12:25:43.569][info] [#0:script\workspace\loading.lua:100]: Preload file at: file:///c%3A/Users/downloader/AppData/Local/nvim-data/mason/packages/lua-language-server/meta/3rd/Cocos4.0/library/cc/SkewTo.lua , size = 0.881 KB
[12:25:43.570][info] [#0:script\workspace\loading.lua:100]: Preload file at: file:///c%3A/Users/downloader/AppData/Local/nvim-data/mason/packages/lua-language-server/meta/3rd/Cocos4.0/library/cc/Skybox.lua , size = 1.339 KB
[12:25:43.571][info] [#0:script\workspace\loading.lua:100]: Preload file at: file:///c%3A/Users/downloader/AppData/Local/nvim-data/mason/packages/lua-language-server/meta/3rd/Cocos4.0/library/cc/Spawn.lua , size = 0.793 KB
[12:25:43.571][info] [#0:script\workspace\loading.lua:100]: Preload file at: file:///c%3A/Users/downloader/AppData/Local/nvim-data/mason/packages/lua-language-server/meta/3rd/Cocos4.0/library/cc/Speed.lua , size = 1.640 KB
[12:25:43.572][info] [#0:script\workspace\loading.lua:100]: Preload file at: file:///c%3A/Users/downloader/AppData/Local/nvim-data/mason/packages/lua-language-server/meta/3rd/Cocos4.0/library/cc/SplitCols.lua , size = 1.298 KB
[12:25:43.573][info] [#0:script\workspace\loading.lua:100]: Preload file at: file:///c%3A/Users/downloader/AppData/Local/nvim-data/mason/packages/lua-language-server/meta/3rd/Cocos4.0/library/cc/SplitRows.lua , size = 1.265 KB
[12:25:43.574][info] [#0:script\workspace\loading.lua:100]: Preload file at: file:///c%3A/Users/downloader/AppData/Local/nvim-data/mason/packages/lua-language-server/meta/3rd/Cocos4.0/library/cc/SpotLight.lua , size = 2.350 KB
[12:25:43.575][info] [#0:script\workspace\loading.lua:100]: Preload file at: file:///c%3A/Users/downloader/AppData/Local/nvim-data/mason/packages/lua-language-server/meta/3rd/Cocos4.0/library/cc/Sprite.lua , size = 13.069 KB
[12:25:43.580][info] [#0:script\workspace\loading.lua:100]: Preload file at: file:///c%3A/Users/downloader/AppData/Local/nvim-data/mason/packages/lua-language-server/meta/3rd/Cocos4.0/library/cc/Sprite3D.lua , size = 4.038 KB
[12:25:43.582][info] [#0:script\workspace\loading.lua:100]: Preload file at: file:///c%3A/Users/downloader/AppData/Local/nvim-data/mason/packages/lua-language-server/meta/3rd/Cocos4.0/library/cc/Sprite3DCache.lua , size = 0.578 KB
[12:25:43.583][info] [#0:script\workspace\loading.lua:100]: Preload file at: file:///c%3A/Users/downloader/AppData/Local/nvim-data/mason/packages/lua-language-server/meta/3rd/Cocos4.0/library/cc/Sprite3DMaterial.lua , size = 1.134 KB
[12:25:43.584][info] [#0:script\workspace\loading.lua:100]: Preload file at: file:///c%3A/Users/downloader/AppData/Local/nvim-data/mason/packages/lua-language-server/meta/3rd/Cocos4.0/library/cc/SpriteBatchNode.lua , size = 6.943 KB
[12:25:43.586][info] [#0:script\workspace\loading.lua:100]: Preload file at: file:///c%3A/Users/downloader/AppData/Local/nvim-data/mason/packages/lua-language-server/meta/3rd/Cocos4.0/library/cc/SpriteFrame.lua , size = 6.338 KB
[12:25:43.589][info] [#0:script\workspace\loading.lua:100]: Preload file at: file:///c%3A/Users/downloader/AppData/Local/nvim-data/mason/packages/lua-language-server/meta/3rd/Cocos4.0/library/cc/SpriteFrameCache.lua , size = 4.615 KB
[12:25:43.592][info] [#0:script\workspace\loading.lua:100]: Preload file at: file:///c%3A/Users/downloader/AppData/Local/nvim-data/mason/packages/lua-language-server/meta/3rd/Cocos4.0/library/cc/StopGrid.lua , size = 0.522 KB
[12:25:43.592][info] [#0:script\workspace\loading.lua:100]: Preload file at: file:///c%3A/Users/downloader/AppData/Local/nvim-data/mason/packages/lua-language-server/meta/3rd/Cocos4.0/library/cc/TableView.lua , size = 2.377 KB
[12:25:43.594][info] [#0:script\workspace\loading.lua:100]: Preload file at: file:///c%3A/Users/downloader/AppData/Local/nvim-data/mason/packages/lua-language-server/meta/3rd/Cocos4.0/library/cc/TableViewCell.lua , size = 0.568 KB
[12:25:43.594][info] [#0:script\workspace\loading.lua:100]: Preload file at: file:///c%3A/Users/downloader/AppData/Local/nvim-data/mason/packages/lua-language-server/meta/3rd/Cocos4.0/library/cc/TargetedAction.lua , size = 1.507 KB
[12:25:43.595][info] [#0:script\workspace\loading.lua:100]: Preload file at: file:///c%3A/Users/downloader/AppData/Local/nvim-data/mason/packages/lua-language-server/meta/3rd/Cocos4.0/library/cc/Technique.lua , size = 1.196 KB
[12:25:43.596][info] [#0:script\workspace\loading.lua:100]: Preload file at: file:///c%3A/Users/downloader/AppData/Local/nvim-data/mason/packages/lua-language-server/meta/3rd/Cocos4.0/library/cc/Terrain.lua , size = 3.726 KB
[12:25:43.598][info] [#0:script\workspace\loading.lua:100]: Preload file at: file:///c%3A/Users/downloader/AppData/Local/nvim-data/mason/packages/lua-language-server/meta/3rd/Cocos4.0/library/cc/Texture2D.lua , size = 5.557 KB
[12:25:43.600][info] [#0:script\workspace\loading.lua:100]: Preload file at: file:///c%3A/Users/downloader/AppData/Local/nvim-data/mason/packages/lua-language-server/meta/3rd/Cocos4.0/library/cc/TextureCache.lua , size = 3.945 KB
[12:25:43.601][info] [#0:script\workspace\loading.lua:100]: Preload file at: file:///c%3A/Users/downloader/AppData/Local/nvim-data/mason/packages/lua-language-server/meta/3rd/Cocos4.0/library/cc/TextureCube.lua , size = 1.537 KB
[12:25:43.602][info] [#0:script\workspace\loading.lua:100]: Preload file at: file:///c%3A/Users/downloader/AppData/Local/nvim-data/mason/packages/lua-language-server/meta/3rd/Cocos4.0/library/cc/TiledGrid3D.lua , size = 0.835 KB
[12:25:43.603][info] [#0:script\workspace\loading.lua:100]: Preload file at: file:///c%3A/Users/downloader/AppData/Local/nvim-data/mason/packages/lua-language-server/meta/3rd/Cocos4.0/library/cc/TiledGrid3DAction.lua , size = 0.279 KB
[12:25:43.603][info] [#0:script\workspace\loading.lua:100]: Preload file at: file:///c%3A/Users/downloader/AppData/Local/nvim-data/mason/packages/lua-language-server/meta/3rd/Cocos4.0/library/cc/TileMapAtlas.lua , size = 1.391 KB
[12:25:43.604][info] [#0:script\workspace\loading.lua:100]: Preload file at: file:///c%3A/Users/downloader/AppData/Local/nvim-data/mason/packages/lua-language-server/meta/3rd/Cocos4.0/library/cc/Timer.lua , size = 0.629 KB
[12:25:43.605][info] [#0:script\workspace\loading.lua:100]: Preload file at: file:///c%3A/Users/downloader/AppData/Local/nvim-data/mason/packages/lua-language-server/meta/3rd/Cocos4.0/library/cc/TintBy.lua , size = 1.158 KB
[12:25:43.605][info] [#0:script\workspace\loading.lua:100]: Preload file at: file:///c%3A/Users/downloader/AppData/Local/nvim-data/mason/packages/lua-language-server/meta/3rd/Cocos4.0/library/cc/TintTo.lua , size = 1.053 KB
[12:25:43.606][info] [#0:script\workspace\loading.lua:100]: Preload file at: file:///c%3A/Users/downloader/AppData/Local/nvim-data/mason/packages/lua-language-server/meta/3rd/Cocos4.0/library/cc/TMXLayer.lua , size = 5.502 KB
[12:25:43.608][info] [#0:script\workspace\loading.lua:100]: Preload file at: file:///c%3A/Users/downloader/AppData/Local/nvim-data/mason/packages/lua-language-server/meta/3rd/Cocos4.0/library/cc/TMXLayerInfo.lua , size = 0.350 KB
[12:25:43.609][info] [#0:script\workspace\loading.lua:100]: Preload file at: file:///c%3A/Users/downloader/AppData/Local/nvim-data/mason/packages/lua-language-server/meta/3rd/Cocos4.0/library/cc/TMXMapInfo.lua , size = 4.410 KB
[12:25:43.612][info] [#0:script\workspace\loading.lua:100]: Preload file at: file:///c%3A/Users/downloader/AppData/Local/nvim-data/mason/packages/lua-language-server/meta/3rd/Cocos4.0/library/cc/TMXObjectGroup.lua , size = 2.072 KB
[12:25:43.613][info] [#0:script\workspace\loading.lua:100]: Preload file at: file:///c%3A/Users/downloader/AppData/Local/nvim-data/mason/packages/lua-language-server/meta/3rd/Cocos4.0/library/cc/TMXTiledMap.lua , size = 3.804 KB
[12:25:43.614][info] [#0:script\workspace\loading.lua:100]: Preload file at: file:///c%3A/Users/downloader/AppData/Local/nvim-data/mason/packages/lua-language-server/meta/3rd/Cocos4.0/library/cc/TMXTilesetInfo.lua , size = 0.289 KB
[12:25:43.615][info] [#0:script\workspace\loading.lua:100]: Preload file at: file:///c%3A/Users/downloader/AppData/Local/nvim-data/mason/packages/lua-language-server/meta/3rd/Cocos4.0/library/cc/ToggleVisibility.lua , size = 0.589 KB
[12:25:43.615][info] [#0:script\workspace\loading.lua:100]: Preload file at: file:///c%3A/Users/downloader/AppData/Local/nvim-data/mason/packages/lua-language-server/meta/3rd/Cocos4.0/library/cc/Touch.lua , size = 2.275 KB
[12:25:43.616][info] [#0:script\workspace\loading.lua:100]: Preload file at: file:///c%3A/Users/downloader/AppData/Local/nvim-data/mason/packages/lua-language-server/meta/3rd/Cocos4.0/library/cc/TransitionCrossFade.lua , size = 0.716 KB
[12:25:43.617][info] [#0:script\workspace\loading.lua:100]: Preload file at: file:///c%3A/Users/downloader/AppData/Local/nvim-data/mason/packages/lua-language-server/meta/3rd/Cocos4.0/library/cc/TransitionEaseScene.lua , size = 0.465 KB
[12:25:43.617][info] [#0:script\workspace\loading.lua:100]: Preload file at: file:///c%3A/Users/downloader/AppData/Local/nvim-data/mason/packages/lua-language-server/meta/3rd/Cocos4.0/library/cc/TransitionFade.lua , size = 0.768 KB
[12:25:43.618][info] [#0:script\workspace\loading.lua:100]: Preload file at: file:///c%3A/Users/downloader/AppData/Local/nvim-data/mason/packages/lua-language-server/meta/3rd/Cocos4.0/library/cc/TransitionFadeBL.lua , size = 0.619 KB
[12:25:43.618][info] [#0:script\workspace\loading.lua:100]: Preload file at: file:///c%3A/Users/downloader/AppData/Local/nvim-data/mason/packages/lua-language-server/meta/3rd/Cocos4.0/library/cc/TransitionFadeDown.lua , size = 0.637 KB
[12:25:43.619][info] [#0:script\workspace\loading.lua:100]: Preload file at: file:///c%3A/Users/downloader/AppData/Local/nvim-data/mason/packages/lua-language-server/meta/3rd/Cocos4.0/library/cc/TransitionFadeTR.lua , size = 1.114 KB
[12:25:43.619][info] [#0:script\workspace\loading.lua:100]: Preload file at: file:///c%3A/Users/downloader/AppData/Local/nvim-data/mason/packages/lua-language-server/meta/3rd/Cocos4.0/library/cc/TransitionFadeUp.lua , size = 0.619 KB
[12:25:43.620][info] [#0:script\workspace\loading.lua:100]: Preload file at: file:///c%3A/Users/downloader/AppData/Local/nvim-data/mason/packages/lua-language-server/meta/3rd/Cocos4.0/library/cc/TransitionFlipAngular.lua , size = 0.477 KB
[12:25:43.621][info] [#0:script\workspace\loading.lua:100]: Preload file at: file:///c%3A/Users/downloader/AppData/Local/nvim-data/mason/packages/lua-language-server/meta/3rd/Cocos4.0/library/cc/TransitionFlipX.lua , size = 0.436 KB
[12:25:43.622][info] [#0:script\workspace\loading.lua:100]: Preload file at: file:///c%3A/Users/downloader/AppData/Local/nvim-data/mason/packages/lua-language-server/meta/3rd/Cocos4.0/library/cc/TransitionFlipY.lua , size = 0.436 KB
[12:25:43.622][info] [#0:script\workspace\loading.lua:100]: Preload file at: file:///c%3A/Users/downloader/AppData/Local/nvim-data/mason/packages/lua-language-server/meta/3rd/Cocos4.0/library/cc/TransitionJumpZoom.lua , size = 0.521 KB
[12:25:43.622][info] [#0:script\workspace\loading.lua:100]: Preload file at: file:///c%3A/Users/downloader/AppData/Local/nvim-data/mason/packages/lua-language-server/meta/3rd/Cocos4.0/library/cc/TransitionMoveInB.lua , size = 0.516 KB
[12:25:43.623][info] [#0:script\workspace\loading.lua:100]: Preload file at: file:///c%3A/Users/downloader/AppData/Local/nvim-data/mason/packages/lua-language-server/meta/3rd/Cocos4.0/library/cc/TransitionMoveInL.lua , size = 0.866 KB
[12:25:43.623][info] [#0:script\workspace\loading.lua:100]: Preload file at: file:///c%3A/Users/downloader/AppData/Local/nvim-data/mason/packages/lua-language-server/meta/3rd/Cocos4.0/library/cc/TransitionMoveInR.lua , size = 0.516 KB
[12:25:43.624][info] [#0:script\workspace\loading.lua:100]: Preload file at: file:///c%3A/Users/downloader/AppData/Local/nvim-data/mason/packages/lua-language-server/meta/3rd/Cocos4.0/library/cc/TransitionMoveInT.lua , size = 0.516 KB
[12:25:43.624][info] [#0:script\workspace\loading.lua:100]: Preload file at: file:///c%3A/Users/downloader/AppData/Local/nvim-data/mason/packages/lua-language-server/meta/3rd/Cocos4.0/library/cc/TransitionPageTurn.lua , size = 1.957 KB
[12:25:43.625][info] [#0:script\workspace\loading.lua:100]: Preload file at: file:///c%3A/Users/downloader/AppData/Local/nvim-data/mason/packages/lua-language-server/meta/3rd/Cocos4.0/library/cc/TransitionProgress.lua , size = 0.522 KB
[12:25:43.625][info] [#0:script\workspace\loading.lua:100]: Preload file at: file:///c%3A/Users/downloader/AppData/Local/nvim-data/mason/packages/lua-language-server/meta/3rd/Cocos4.0/library/cc/TransitionProgressHorizontal.lua , size = 0.611 KB
[12:25:43.626][info] [#0:script\workspace\loading.lua:100]: Preload file at: file:///c%3A/Users/downloader/AppData/Local/nvim-data/mason/packages/lua-language-server/meta/3rd/Cocos4.0/library/cc/TransitionProgressInOut.lua , size = 0.572 KB
[12:25:43.626][info] [#0:script\workspace\loading.lua:100]: Preload file at: file:///c%3A/Users/downloader/AppData/Local/nvim-data/mason/packages/lua-language-server/meta/3rd/Cocos4.0/library/cc/TransitionProgressOutIn.lua , size = 0.572 KB
[12:25:43.627][info] [#0:script\workspace\loading.lua:100]: Preload file at: file:///c%3A/Users/downloader/AppData/Local/nvim-data/mason/packages/lua-language-server/meta/3rd/Cocos4.0/library/cc/TransitionProgressRadialCCW.lua , size = 0.604 KB
[12:25:43.627][info] [#0:script\workspace\loading.lua:100]: Preload file at: file:///c%3A/Users/downloader/AppData/Local/nvim-data/mason/packages/lua-language-server/meta/3rd/Cocos4.0/library/cc/TransitionProgressRadialCW.lua , size = 0.596 KB
[12:25:43.628][info] [#0:script\workspace\loading.lua:100]: Preload file at: file:///c%3A/Users/downloader/AppData/Local/nvim-data/mason/packages/lua-language-server/meta/3rd/Cocos4.0/library/cc/TransitionProgressVertical.lua , size = 0.596 KB
[12:25:43.628][info] [#0:script\workspace\loading.lua:100]: Preload file at: file:///c%3A/Users/downloader/AppData/Local/nvim-data/mason/packages/lua-language-server/meta/3rd/Cocos4.0/library/cc/TransitionRotoZoom.lua , size = 0.521 KB
[12:25:43.628][info] [#0:script\workspace\loading.lua:100]: Preload file at: file:///c%3A/Users/downloader/AppData/Local/nvim-data/mason/packages/lua-language-server/meta/3rd/Cocos4.0/library/cc/TransitionScene.lua , size = 1.264 KB
[12:25:43.629][info] [#0:script\workspace\loading.lua:100]: Preload file at: file:///c%3A/Users/downloader/AppData/Local/nvim-data/mason/packages/lua-language-server/meta/3rd/Cocos4.0/library/cc/TransitionSceneOriented.lua , size = 0.928 KB
[12:25:43.630][info] [#0:script\workspace\loading.lua:100]: Preload file at: file:///c%3A/Users/downloader/AppData/Local/nvim-data/mason/packages/lua-language-server/meta/3rd/Cocos4.0/library/cc/TransitionShrinkGrow.lua , size = 0.723 KB
[12:25:43.630][info] [#0:script\workspace\loading.lua:100]: Preload file at: file:///c%3A/Users/downloader/AppData/Local/nvim-data/mason/packages/lua-language-server/meta/3rd/Cocos4.0/library/cc/TransitionSlideInB.lua , size = 0.677 KB
[12:25:43.631][info] [#0:script\workspace\loading.lua:100]: Preload file at: file:///c%3A/Users/downloader/AppData/Local/nvim-data/mason/packages/lua-language-server/meta/3rd/Cocos4.0/library/cc/TransitionSlideInL.lua , size = 0.943 KB
[12:25:43.631][info] [#0:script\workspace\loading.lua:100]: Preload file at: file:///c%3A/Users/downloader/AppData/Local/nvim-data/mason/packages/lua-language-server/meta/3rd/Cocos4.0/library/cc/TransitionSlideInR.lua , size = 0.678 KB
[12:25:43.632][info] [#0:script\workspace\loading.lua:100]: Preload file at: file:///c%3A/Users/downloader/AppData/Local/nvim-data/mason/packages/lua-language-server/meta/3rd/Cocos4.0/library/cc/TransitionSlideInT.lua , size = 0.677 KB
[12:25:43.632][info] [#0:script\workspace\loading.lua:100]: Preload file at: file:///c%3A/Users/downloader/AppData/Local/nvim-data/mason/packages/lua-language-server/meta/3rd/Cocos4.0/library/cc/TransitionSplitCols.lua , size = 1.064 KB
[12:25:43.633][info] [#0:script\workspace\loading.lua:100]: Preload file at: file:///c%3A/Users/downloader/AppData/Local/nvim-data/mason/packages/lua-language-server/meta/3rd/Cocos4.0/library/cc/TransitionSplitRows.lua , size = 0.610 KB
[12:25:43.633][info] [#0:script\workspace\loading.lua:100]: Preload file at: file:///c%3A/Users/downloader/AppData/Local/nvim-data/mason/packages/lua-language-server/meta/3rd/Cocos4.0/library/cc/TransitionTurnOffTiles.lua , size = 0.929 KB
[12:25:43.634][info] [#0:script\workspace\loading.lua:100]: Preload file at: file:///c%3A/Users/downloader/AppData/Local/nvim-data/mason/packages/lua-language-server/meta/3rd/Cocos4.0/library/cc/TransitionZoomFlipAngular.lua , size = 0.504 KB
[12:25:43.635][info] [#0:script\workspace\loading.lua:100]: Preload file at: file:///c%3A/Users/downloader/AppData/Local/nvim-data/mason/packages/lua-language-server/meta/3rd/Cocos4.0/library/cc/TransitionZoomFlipX.lua , size = 0.463 KB
[12:25:43.635][info] [#0:script\workspace\loading.lua:100]: Preload file at: file:///c%3A/Users/downloader/AppData/Local/nvim-data/mason/packages/lua-language-server/meta/3rd/Cocos4.0/library/cc/TransitionZoomFlipY.lua , size = 0.463 KB
[12:25:43.636][info] [#0:script\workspace\loading.lua:100]: Preload file at: file:///c%3A/Users/downloader/AppData/Local/nvim-data/mason/packages/lua-language-server/meta/3rd/Cocos4.0/library/cc/TurnOffTiles.lua , size = 1.639 KB
[12:25:43.636][info] [#0:script\workspace\loading.lua:100]: Preload file at: file:///c%3A/Users/downloader/AppData/Local/nvim-data/mason/packages/lua-language-server/meta/3rd/Cocos4.0/library/cc/Twirl.lua , size = 2.923 KB
[12:25:43.638][info] [#0:script\workspace\loading.lua:100]: Preload file at: file:///c%3A/Users/downloader/AppData/Local/nvim-data/mason/packages/lua-language-server/meta/3rd/Cocos4.0/library/cc/UserDefault.lua , size = 3.212 KB
[12:25:43.639][info] [#0:script\workspace\loading.lua:100]: Preload file at: file:///c%3A/Users/downloader/AppData/Local/nvim-data/mason/packages/lua-language-server/meta/3rd/Cocos4.0/library/cc/Waves.lua , size = 2.729 KB
[12:25:43.640][info] [#0:script\workspace\loading.lua:100]: Preload file at: file:///c%3A/Users/downloader/AppData/Local/nvim-data/mason/packages/lua-language-server/meta/3rd/Cocos4.0/library/cc/Waves3D.lua , size = 2.299 KB
[12:25:43.641][info] [#0:script\workspace\loading.lua:100]: Preload file at: file:///c%3A/Users/downloader/AppData/Local/nvim-data/mason/packages/lua-language-server/meta/3rd/Cocos4.0/library/cc/WavesTiles3D.lua , size = 2.442 KB
[12:25:43.642][info] [#0:script\workspace\loading.lua:100]: Preload file at: file:///c%3A/Users/downloader/AppData/Local/nvim-data/mason/packages/lua-language-server/meta/3rd/Cocos4.0/library/ccb/Program.lua , size = 1.776 KB
[12:25:43.644][info] [#0:script\workspace\loading.lua:100]: Preload file at: file:///c%3A/Users/downloader/AppData/Local/nvim-data/mason/packages/lua-language-server/meta/3rd/Cocos4.0/library/ccb/ProgramState.lua , size = 1.674 KB
[12:25:43.645][info] [#0:script\workspace\loading.lua:100]: Preload file at: file:///c%3A/Users/downloader/AppData/Local/nvim-data/mason/packages/lua-language-server/meta/3rd/Cocos4.0/library/ccb/Texture2DBackend.lua , size = 3.645 KB
[12:25:43.646][info] [#0:script\workspace\loading.lua:100]: Preload file at: file:///c%3A/Users/downloader/AppData/Local/nvim-data/mason/packages/lua-language-server/meta/3rd/Cocos4.0/library/ccb/TextureBackend.lua , size = 2.130 KB
[12:25:43.647][info] [#0:script\workspace\loading.lua:100]: Preload file at: file:///c%3A/Users/downloader/AppData/Local/nvim-data/mason/packages/lua-language-server/meta/3rd/Cocos4.0/library/ccb/TextureCubemapBackend.lua , size = 0.487 KB
[12:25:43.647][info] [#0:script\workspace\loading.lua:100]: Preload file at: file:///c%3A/Users/downloader/AppData/Local/nvim-data/mason/packages/lua-language-server/meta/3rd/Cocos4.0/library/ccb/VertexLayout.lua , size = 1.696 KB
[12:25:43.648][info] [#0:script\workspace\loading.lua:100]: Preload file at: file:///c%3A/Users/downloader/AppData/Local/nvim-data/mason/packages/lua-language-server/meta/3rd/Cocos4.0/library/ccs/ActionFadeFrame.lua , size = 0.760 KB
[12:25:43.648][info] [#0:script\workspace\loading.lua:100]: Preload file at: file:///c%3A/Users/downloader/AppData/Local/nvim-data/mason/packages/lua-language-server/meta/3rd/Cocos4.0/library/ccs/ActionFrame.lua , size = 1.844 KB
[12:25:43.649][info] [#0:script\workspace\loading.lua:100]: Preload file at: file:///c%3A/Users/downloader/AppData/Local/nvim-data/mason/packages/lua-language-server/meta/3rd/Cocos4.0/library/ccs/ActionManagerEx.lua , size = 1.545 KB
[12:25:43.650][info] [#0:script\workspace\loading.lua:100]: Preload file at: file:///c%3A/Users/downloader/AppData/Local/nvim-data/mason/packages/lua-language-server/meta/3rd/Cocos4.0/library/ccs/ActionMoveFrame.lua , size = 0.765 KB
[12:25:43.650][info] [#0:script\workspace\loading.lua:100]: Preload file at: file:///c%3A/Users/downloader/AppData/Local/nvim-data/mason/packages/lua-language-server/meta/3rd/Cocos4.0/library/ccs/ActionObject.lua , size = 2.582 KB
[12:25:43.652][info] [#0:script\workspace\loading.lua:100]: Preload file at: file:///c%3A/Users/downloader/AppData/Local/nvim-data/mason/packages/lua-language-server/meta/3rd/Cocos4.0/library/ccs/ActionRotationFrame.lua , size = 0.846 KB
[12:25:43.652][info] [#0:script\workspace\loading.lua:100]: Preload file at: file:///c%3A/Users/downloader/AppData/Local/nvim-data/mason/packages/lua-language-server/meta/3rd/Cocos4.0/library/ccs/ActionScaleFrame.lua , size = 1.072 KB
[12:25:43.653][info] [#0:script\workspace\loading.lua:100]: Preload file at: file:///c%3A/Users/downloader/AppData/Local/nvim-data/mason/packages/lua-language-server/meta/3rd/Cocos4.0/library/ccs/ActionTimeline.lua , size = 5.180 KB
[12:25:43.656][info] [#0:script\workspace\loading.lua:100]: Preload file at: file:///c%3A/Users/downloader/AppData/Local/nvim-data/mason/packages/lua-language-server/meta/3rd/Cocos4.0/library/ccs/ActionTimelineCache.lua , size = 1.727 KB
[12:25:43.656][info] [#0:script\workspace\loading.lua:100]: Preload file at: file:///c%3A/Users/downloader/AppData/Local/nvim-data/mason/packages/lua-language-server/meta/3rd/Cocos4.0/library/ccs/ActionTimelineData.lua , size = 0.569 KB
[12:25:43.657][info] [#0:script\workspace\loading.lua:100]: Preload file at: file:///c%3A/Users/downloader/AppData/Local/nvim-data/mason/packages/lua-language-server/meta/3rd/Cocos4.0/library/ccs/ActionTimelineNode.lua , size = 0.903 KB
[12:25:43.658][info] [#0:script\workspace\loading.lua:100]: Preload file at: file:///c%3A/Users/downloader/AppData/Local/nvim-data/mason/packages/lua-language-server/meta/3rd/Cocos4.0/library/ccs/ActionTintFrame.lua , size = 0.765 KB
[12:25:43.658][info] [#0:script\workspace\loading.lua:100]: Preload file at: file:///c%3A/Users/downloader/AppData/Local/nvim-data/mason/packages/lua-language-server/meta/3rd/Cocos4.0/library/ccs/AlphaFrame.lua , size = 0.435 KB
[12:25:43.659][info] [#0:script\workspace\loading.lua:100]: Preload file at: file:///c%3A/Users/downloader/AppData/Local/nvim-data/mason/packages/lua-language-server/meta/3rd/Cocos4.0/library/ccs/AnchorPointFrame.lua , size = 0.499 KB
[12:25:43.659][info] [#0:script\workspace\loading.lua:100]: Preload file at: file:///c%3A/Users/downloader/AppData/Local/nvim-data/mason/packages/lua-language-server/meta/3rd/Cocos4.0/library/ccs/AnimationData.lua , size = 0.531 KB
[12:25:43.660][info] [#0:script\workspace\loading.lua:100]: Preload file at: file:///c%3A/Users/downloader/AppData/Local/nvim-data/mason/packages/lua-language-server/meta/3rd/Cocos4.0/library/ccs/Armature.lua , size = 4.031 KB
[12:25:43.662][info] [#0:script\workspace\loading.lua:100]: Preload file at: file:///c%3A/Users/downloader/AppData/Local/nvim-data/mason/packages/lua-language-server/meta/3rd/Cocos4.0/library/ccs/ArmatureAnimation.lua , size = 3.366 KB
[12:25:43.664][info] [#0:script\workspace\loading.lua:100]: Preload file at: file:///c%3A/Users/downloader/AppData/Local/nvim-data/mason/packages/lua-language-server/meta/3rd/Cocos4.0/library/ccs/ArmatureData.lua , size = 0.500 KB
[12:25:43.664][info] [#0:script\workspace\loading.lua:100]: Preload file at: file:///c%3A/Users/downloader/AppData/Local/nvim-data/mason/packages/lua-language-server/meta/3rd/Cocos4.0/library/ccs/ArmatureDataManager.lua , size = 3.666 KB
[12:25:43.666][info] [#0:script\workspace\loading.lua:100]: Preload file at: file:///c%3A/Users/downloader/AppData/Local/nvim-data/mason/packages/lua-language-server/meta/3rd/Cocos4.0/library/ccs/ArmatureDisplayData.lua , size = 0.291 KB
[12:25:43.666][info] [#0:script\workspace\loading.lua:100]: Preload file at: file:///c%3A/Users/downloader/AppData/Local/nvim-data/mason/packages/lua-language-server/meta/3rd/Cocos4.0/library/ccs/BaseData.lua , size = 0.362 KB
[12:25:43.666][info] [#0:script\workspace\loading.lua:100]: Preload file at: file:///c%3A/Users/downloader/AppData/Local/nvim-data/mason/packages/lua-language-server/meta/3rd/Cocos4.0/library/ccs/BatchNode.lua , size = 0.753 KB
[12:25:43.667][info] [#0:script\workspace\loading.lua:100]: Preload file at: file:///c%3A/Users/downloader/AppData/Local/nvim-data/mason/packages/lua-language-server/meta/3rd/Cocos4.0/library/ccs/BlendFuncFrame.lua , size = 0.487 KB
[12:25:43.668][info] [#0:script\workspace\loading.lua:100]: Preload file at: file:///c%3A/Users/downloader/AppData/Local/nvim-data/mason/packages/lua-language-server/meta/3rd/Cocos4.0/library/ccs/Bone.lua , size = 4.427 KB
[12:25:43.670][info] [#0:script\workspace\loading.lua:100]: Preload file at: file:///c%3A/Users/downloader/AppData/Local/nvim-data/mason/packages/lua-language-server/meta/3rd/Cocos4.0/library/ccs/BoneData.lua , size = 0.476 KB
[12:25:43.671][info] [#0:script\workspace\loading.lua:100]: Preload file at: file:///c%3A/Users/downloader/AppData/Local/nvim-data/mason/packages/lua-language-server/meta/3rd/Cocos4.0/library/ccs/BoneNode.lua , size = 3.505 KB
[12:25:43.673][info] [#0:script\workspace\loading.lua:100]: Preload file at: file:///c%3A/Users/downloader/AppData/Local/nvim-data/mason/packages/lua-language-server/meta/3rd/Cocos4.0/library/ccs/ColorFrame.lua , size = 0.435 KB
[12:25:43.674][info] [#0:script\workspace\loading.lua:100]: Preload file at: file:///c%3A/Users/downloader/AppData/Local/nvim-data/mason/packages/lua-language-server/meta/3rd/Cocos4.0/library/ccs/ComAttribute.lua , size = 1.364 KB
[12:25:43.675][info] [#0:script\workspace\loading.lua:100]: Preload file at: file:///c%3A/Users/downloader/AppData/Local/nvim-data/mason/packages/lua-language-server/meta/3rd/Cocos4.0/library/ccs/ComAudio.lua , size = 3.150 KB
[12:25:43.678][info] [#0:script\workspace\loading.lua:100]: Preload file at: file:///c%3A/Users/downloader/AppData/Local/nvim-data/mason/packages/lua-language-server/meta/3rd/Cocos4.0/library/ccs/ComController.lua , size = 0.665 KB
[12:25:43.678][info] [#0:script\workspace\loading.lua:100]: Preload file at: file:///c%3A/Users/downloader/AppData/Local/nvim-data/mason/packages/lua-language-server/meta/3rd/Cocos4.0/library/ccs/ComExtensionData.lua , size = 0.922 KB
[12:25:43.679][info] [#0:script\workspace\loading.lua:100]: Preload file at: file:///c%3A/Users/downloader/AppData/Local/nvim-data/mason/packages/lua-language-server/meta/3rd/Cocos4.0/library/ccs/ComRender.lua , size = 0.722 KB
[12:25:43.679][info] [#0:script\workspace\loading.lua:100]: Preload file at: file:///c%3A/Users/downloader/AppData/Local/nvim-data/mason/packages/lua-language-server/meta/3rd/Cocos4.0/library/ccs/ContourData.lua , size = 0.379 KB
[12:25:43.680][info] [#0:script\workspace\loading.lua:100]: Preload file at: file:///c%3A/Users/downloader/AppData/Local/nvim-data/mason/packages/lua-language-server/meta/3rd/Cocos4.0/library/ccs/DisplayData.lua , size = 0.445 KB
[12:25:43.681][info] [#0:script\workspace\loading.lua:100]: Preload file at: file:///c%3A/Users/downloader/AppData/Local/nvim-data/mason/packages/lua-language-server/meta/3rd/Cocos4.0/library/ccs/DisplayManager.lua , size = 2.926 KB
[12:25:43.683][info] [#0:script\workspace\loading.lua:100]: Preload file at: file:///c%3A/Users/downloader/AppData/Local/nvim-data/mason/packages/lua-language-server/meta/3rd/Cocos4.0/library/ccs/EventFrame.lua , size = 0.559 KB
[12:25:43.683][info] [#0:script\workspace\loading.lua:100]: Preload file at: file:///c%3A/Users/downloader/AppData/Local/nvim-data/mason/packages/lua-language-server/meta/3rd/Cocos4.0/library/ccs/Frame.lua , size = 1.188 KB
[12:25:43.684][info] [#0:script\workspace\loading.lua:100]: Preload file at: file:///c%3A/Users/downloader/AppData/Local/nvim-data/mason/packages/lua-language-server/meta/3rd/Cocos4.0/library/ccs/FrameData.lua , size = 0.312 KB
[12:25:43.685][info] [#0:script\workspace\loading.lua:100]: Preload file at: file:///c%3A/Users/downloader/AppData/Local/nvim-data/mason/packages/lua-language-server/meta/3rd/Cocos4.0/library/ccs/GUIReader.lua , size = 0.678 KB
[12:25:43.685][info] [#0:script\workspace\loading.lua:100]: Preload file at: file:///c%3A/Users/downloader/AppData/Local/nvim-data/mason/packages/lua-language-server/meta/3rd/Cocos4.0/library/ccs/InnerActionFrame.lua , size = 1.269 KB
[12:25:43.686][info] [#0:script\workspace\loading.lua:100]: Preload file at: file:///c%3A/Users/downloader/AppData/Local/nvim-data/mason/packages/lua-language-server/meta/3rd/Cocos4.0/library/ccs/MovementBoneData.lua , size = 0.536 KB
[12:25:43.687][info] [#0:script\workspace\loading.lua:100]: Preload file at: file:///c%3A/Users/downloader/AppData/Local/nvim-data/mason/packages/lua-language-server/meta/3rd/Cocos4.0/library/ccs/MovementData.lua , size = 0.479 KB
[12:25:43.687][info] [#0:script\workspace\loading.lua:100]: Preload file at: file:///c%3A/Users/downloader/AppData/Local/nvim-data/mason/packages/lua-language-server/meta/3rd/Cocos4.0/library/ccs/ParticleDisplayData.lua , size = 0.291 KB
[12:25:43.687][info] [#0:script\workspace\loading.lua:100]: Preload file at: file:///c%3A/Users/downloader/AppData/Local/nvim-data/mason/packages/lua-language-server/meta/3rd/Cocos4.0/library/ccs/PlayableFrame.lua , size = 0.466 KB
[12:25:43.688][info] [#0:script\workspace\loading.lua:100]: Preload file at: file:///c%3A/Users/downloader/AppData/Local/nvim-data/mason/packages/lua-language-server/meta/3rd/Cocos4.0/library/ccs/PositionFrame.lua , size = 0.737 KB
[12:25:43.689][info] [#0:script\workspace\loading.lua:100]: Preload file at: file:///c%3A/Users/downloader/AppData/Local/nvim-data/mason/packages/lua-language-server/meta/3rd/Cocos4.0/library/ccs/RotationFrame.lua , size = 0.460 KB
[12:25:43.689][info] [#0:script\workspace\loading.lua:100]: Preload file at: file:///c%3A/Users/downloader/AppData/Local/nvim-data/mason/packages/lua-language-server/meta/3rd/Cocos4.0/library/ccs/RotationSkewFrame.lua , size = 0.334 KB
[12:25:43.689][info] [#0:script\workspace\loading.lua:100]: Preload file at: file:///c%3A/Users/downloader/AppData/Local/nvim-data/mason/packages/lua-language-server/meta/3rd/Cocos4.0/library/ccs/ScaleFrame.lua , size = 0.655 KB
[12:25:43.690][info] [#0:script\workspace\loading.lua:100]: Preload file at: file:///c%3A/Users/downloader/AppData/Local/nvim-data/mason/packages/lua-language-server/meta/3rd/Cocos4.0/library/ccs/SceneReader.lua , size = 0.743 KB
[12:25:43.691][info] [#0:script\workspace\loading.lua:100]: Preload file at: file:///c%3A/Users/downloader/AppData/Local/nvim-data/mason/packages/lua-language-server/meta/3rd/Cocos4.0/library/ccs/SkeletonNode.lua , size = 1.166 KB
[12:25:43.692][info] [#0:script\workspace\loading.lua:100]: Preload file at: file:///c%3A/Users/downloader/AppData/Local/nvim-data/mason/packages/lua-language-server/meta/3rd/Cocos4.0/library/ccs/SkewFrame.lua , size = 0.551 KB
[12:25:43.692][info] [#0:script\workspace\loading.lua:100]: Preload file at: file:///c%3A/Users/downloader/AppData/Local/nvim-data/mason/packages/lua-language-server/meta/3rd/Cocos4.0/library/ccs/Skin.lua , size = 1.240 KB
[12:25:43.693][info] [#0:script\workspace\loading.lua:100]: Preload file at: file:///c%3A/Users/downloader/AppData/Local/nvim-data/mason/packages/lua-language-server/meta/3rd/Cocos4.0/library/ccs/SpriteDisplayData.lua , size = 0.387 KB
[12:25:43.694][info] [#0:script\workspace\loading.lua:100]: Preload file at: file:///c%3A/Users/downloader/AppData/Local/nvim-data/mason/packages/lua-language-server/meta/3rd/Cocos4.0/library/ccs/TextureData.lua , size = 0.499 KB
[12:25:43.694][info] [#0:script\workspace\loading.lua:100]: Preload file at: file:///c%3A/Users/downloader/AppData/Local/nvim-data/mason/packages/lua-language-server/meta/3rd/Cocos4.0/library/ccs/TextureFrame.lua , size = 0.550 KB
[12:25:43.695][info] [#0:script\workspace\loading.lua:100]: Preload file at: file:///c%3A/Users/downloader/AppData/Local/nvim-data/mason/packages/lua-language-server/meta/3rd/Cocos4.0/library/ccs/Timeline.lua , size = 1.259 KB
[12:25:43.696][info] [#0:script\workspace\loading.lua:100]: Preload file at: file:///c%3A/Users/downloader/AppData/Local/nvim-data/mason/packages/lua-language-server/meta/3rd/Cocos4.0/library/ccs/Tween.lua , size = 1.758 KB
[12:25:43.696][info] [#0:script\workspace\loading.lua:100]: Preload file at: file:///c%3A/Users/downloader/AppData/Local/nvim-data/mason/packages/lua-language-server/meta/3rd/Cocos4.0/library/ccs/VisibleFrame.lua , size = 0.449 KB
[12:25:43.697][info] [#0:script\workspace\loading.lua:100]: Preload file at: file:///c%3A/Users/downloader/AppData/Local/nvim-data/mason/packages/lua-language-server/meta/3rd/Cocos4.0/library/ccs/ZOrderFrame.lua , size = 0.429 KB
[12:25:43.697][info] [#0:script\workspace\loading.lua:100]: Preload file at: file:///c%3A/Users/downloader/AppData/Local/nvim-data/mason/packages/lua-language-server/meta/3rd/Cocos4.0/library/ccui/AbstractCheckButton.lua , size = 5.526 KB
[12:25:43.699][info] [#0:script\workspace\loading.lua:100]: Preload file at: file:///c%3A/Users/downloader/AppData/Local/nvim-data/mason/packages/lua-language-server/meta/3rd/Cocos4.0/library/ccui/Button.lua , size = 7.765 KB
[12:25:43.703][info] [#0:script\workspace\loading.lua:100]: Preload file at: file:///c%3A/Users/downloader/AppData/Local/nvim-data/mason/packages/lua-language-server/meta/3rd/Cocos4.0/library/ccui/CheckBox.lua , size = 1.091 KB
[12:25:43.704][info] [#0:script\workspace\loading.lua:100]: Preload file at: file:///c%3A/Users/downloader/AppData/Local/nvim-data/mason/packages/lua-language-server/meta/3rd/Cocos4.0/library/ccui/EditBox.lua , size = 12.176 KB
[12:25:43.709][info] [#0:script\workspace\loading.lua:100]: Preload file at: file:///c%3A/Users/downloader/AppData/Local/nvim-data/mason/packages/lua-language-server/meta/3rd/Cocos4.0/library/ccui/HBox.lua , size = 0.467 KB
[12:25:43.709][info] [#0:script\workspace\loading.lua:100]: Preload file at: file:///c%3A/Users/downloader/AppData/Local/nvim-data/mason/packages/lua-language-server/meta/3rd/Cocos4.0/library/ccui/Helper.lua , size = 2.931 KB
[12:25:43.710][info] [#0:script\workspace\loading.lua:100]: Preload file at: file:///c%3A/Users/downloader/AppData/Local/nvim-data/mason/packages/lua-language-server/meta/3rd/Cocos4.0/library/ccui/ImageView.lua , size = 3.063 KB
[12:25:43.711][info] [#0:script\workspace\loading.lua:100]: Preload file at: file:///c%3A/Users/downloader/AppData/Local/nvim-data/mason/packages/lua-language-server/meta/3rd/Cocos4.0/library/ccui/Layout.lua , size = 8.603 KB
[12:25:43.715][info] [#0:script\workspace\loading.lua:100]: Preload file at: file:///c%3A/Users/downloader/AppData/Local/nvim-data/mason/packages/lua-language-server/meta/3rd/Cocos4.0/library/ccui/LayoutComponent.lua , size = 9.974 KB
[12:25:43.718][info] [#0:script\workspace\loading.lua:100]: Preload file at: file:///c%3A/Users/downloader/AppData/Local/nvim-data/mason/packages/lua-language-server/meta/3rd/Cocos4.0/library/ccui/LayoutParameter.lua , size = 1.082 KB
[12:25:43.719][info] [#0:script\workspace\loading.lua:100]: Preload file at: file:///c%3A/Users/downloader/AppData/Local/nvim-data/mason/packages/lua-language-server/meta/3rd/Cocos4.0/library/ccui/LinearLayoutParameter.lua , size = 1.078 KB
[12:25:43.719][info] [#0:script\workspace\loading.lua:100]: Preload file at: file:///c%3A/Users/downloader/AppData/Local/nvim-data/mason/packages/lua-language-server/meta/3rd/Cocos4.0/library/ccui/ListView.lua , size = 11.141 KB
[12:25:43.724][info] [#0:script\workspace\loading.lua:100]: Preload file at: file:///c%3A/Users/downloader/AppData/Local/nvim-data/mason/packages/lua-language-server/meta/3rd/Cocos4.0/library/ccui/LoadingBar.lua , size = 2.822 KB
[12:25:43.727][info] [#0:script\workspace\loading.lua:100]: Preload file at: file:///c%3A/Users/downloader/AppData/Local/nvim-data/mason/packages/lua-language-server/meta/3rd/Cocos4.0/library/ccui/PageView.lua , size = 6.586 KB
[12:25:43.729][info] [#0:script\workspace\loading.lua:100]: Preload file at: file:///c%3A/Users/downloader/AppData/Local/nvim-data/mason/packages/lua-language-server/meta/3rd/Cocos4.0/library/ccui/RadioButton.lua , size = 1.127 KB
[12:25:43.730][info] [#0:script\workspace\loading.lua:100]: Preload file at: file:///c%3A/Users/downloader/AppData/Local/nvim-data/mason/packages/lua-language-server/meta/3rd/Cocos4.0/library/ccui/RadioButtonGroup.lua , size = 2.867 KB
[12:25:43.731][info] [#0:script\workspace\loading.lua:100]: Preload file at: file:///c%3A/Users/downloader/AppData/Local/nvim-data/mason/packages/lua-language-server/meta/3rd/Cocos4.0/library/ccui/RelativeBox.lua , size = 0.529 KB
[12:25:43.732][info] [#0:script\workspace\loading.lua:100]: Preload file at: file:///c%3A/Users/downloader/AppData/Local/nvim-data/mason/packages/lua-language-server/meta/3rd/Cocos4.0/library/ccui/RelativeLayoutParameter.lua , size = 1.841 KB
[12:25:43.733][info] [#0:script\workspace\loading.lua:100]: Preload file at: file:///c%3A/Users/downloader/AppData/Local/nvim-data/mason/packages/lua-language-server/meta/3rd/Cocos4.0/library/ccui/RichElement.lua , size = 0.821 KB
[12:25:43.733][info] [#0:script\workspace\loading.lua:100]: Preload file at: file:///c%3A/Users/downloader/AppData/Local/nvim-data/mason/packages/lua-language-server/meta/3rd/Cocos4.0/library/ccui/RichElementCustomNode.lua , size = 1.293 KB
[12:25:43.734][info] [#0:script\workspace\loading.lua:100]: Preload file at: file:///c%3A/Users/downloader/AppData/Local/nvim-data/mason/packages/lua-language-server/meta/3rd/Cocos4.0/library/ccui/RichElementImage.lua , size = 1.857 KB
[12:25:43.735][info] [#0:script\workspace\loading.lua:100]: Preload file at: file:///c%3A/Users/downloader/AppData/Local/nvim-data/mason/packages/lua-language-server/meta/3rd/Cocos4.0/library/ccui/RichElementNewLine.lua , size = 0.670 KB
[12:25:43.735][info] [#0:script\workspace\loading.lua:100]: Preload file at: file:///c%3A/Users/downloader/AppData/Local/nvim-data/mason/packages/lua-language-server/meta/3rd/Cocos4.0/library/ccui/RichElementText.lua , size = 3.143 KB
[12:25:43.736][info] [#0:script\workspace\loading.lua:100]: Preload file at: file:///c%3A/Users/downloader/AppData/Local/nvim-data/mason/packages/lua-language-server/meta/3rd/Cocos4.0/library/ccui/RichText.lua , size = 5.501 KB
[12:25:43.740][info] [#0:script\workspace\loading.lua:100]: Preload file at: file:///c%3A/Users/downloader/AppData/Local/nvim-data/mason/packages/lua-language-server/meta/3rd/Cocos4.0/library/ccui/Scale9Sprite.lua , size = 9.388 KB
[12:25:43.743][info] [#0:script\workspace\loading.lua:100]: Preload file at: file:///c%3A/Users/downloader/AppData/Local/nvim-data/mason/packages/lua-language-server/meta/3rd/Cocos4.0/library/ccui/ScrollView.lua , size = 15.220 KB
[12:25:43.749][info] [#0:script\workspace\loading.lua:100]: Preload file at: file:///c%3A/Users/downloader/AppData/Local/nvim-data/mason/packages/lua-language-server/meta/3rd/Cocos4.0/library/ccui/Slider.lua , size = 6.434 KB
[12:25:43.751][info] [#0:script\workspace\loading.lua:100]: Preload file at: file:///c%3A/Users/downloader/AppData/Local/nvim-data/mason/packages/lua-language-server/meta/3rd/Cocos4.0/library/ccui/TabControl.lua , size = 3.744 KB
[12:25:43.753][info] [#0:script\workspace\loading.lua:100]: Preload file at: file:///c%3A/Users/downloader/AppData/Local/nvim-data/mason/packages/lua-language-server/meta/3rd/Cocos4.0/library/ccui/TabHeader.lua , size = 2.285 KB
[12:25:43.754][info] [#0:script\workspace\loading.lua:100]: Preload file at: file:///c%3A/Users/downloader/AppData/Local/nvim-data/mason/packages/lua-language-server/meta/3rd/Cocos4.0/library/ccui/Text.lua , size = 7.091 KB
[12:25:43.757][info] [#0:script\workspace\loading.lua:100]: Preload file at: file:///c%3A/Users/downloader/AppData/Local/nvim-data/mason/packages/lua-language-server/meta/3rd/Cocos4.0/library/ccui/TextAtlas.lua , size = 2.279 KB
[12:25:43.758][info] [#0:script\workspace\loading.lua:100]: Preload file at: file:///c%3A/Users/downloader/AppData/Local/nvim-data/mason/packages/lua-language-server/meta/3rd/Cocos4.0/library/ccui/TextBMFont.lua , size = 1.554 KB
[12:25:43.759][info] [#0:script\workspace\loading.lua:100]: Preload file at: file:///c%3A/Users/downloader/AppData/Local/nvim-data/mason/packages/lua-language-server/meta/3rd/Cocos4.0/library/ccui/TextField.lua , size = 8.775 KB
[12:25:43.763][info] [#0:script\workspace\loading.lua:100]: Preload file at: file:///c%3A/Users/downloader/AppData/Local/nvim-data/mason/packages/lua-language-server/meta/3rd/Cocos4.0/library/ccui/VBox.lua , size = 0.467 KB
[12:25:43.763][info] [#0:script\workspace\loading.lua:100]: Preload file at: file:///c%3A/Users/downloader/AppData/Local/nvim-data/mason/packages/lua-language-server/meta/3rd/Cocos4.0/library/ccui/VideoPlayer.lua , size = 4.055 KB
[12:25:43.765][info] [#0:script\workspace\loading.lua:100]: Preload file at: file:///c%3A/Users/downloader/AppData/Local/nvim-data/mason/packages/lua-language-server/meta/3rd/Cocos4.0/library/ccui/WebView.lua , size = 2.810 KB
[12:25:43.766][info] [#0:script\workspace\loading.lua:100]: Preload file at: file:///c%3A/Users/downloader/AppData/Local/nvim-data/mason/packages/lua-language-server/meta/3rd/Cocos4.0/library/ccui/Widget.lua , size = 16.388 KB
[12:25:43.772][info] [#0:script\workspace\loading.lua:100]: Preload file at: file:///c%3A/Users/downloader/AppData/Local/nvim-data/mason/packages/lua-language-server/meta/3rd/Cocos4.0/library/global.lua , size = 2.995 KB
[12:25:43.774][info] [#0:script\workspace\loading.lua:100]: Preload file at: file:///c%3A/Users/downloader/AppData/Local/nvim-data/mason/packages/lua-language-server/meta/3rd/Cocos4.0/library/sp/SkeletonAnimation.lua , size = 3.323 KB
[12:25:43.776][info] [#0:script\workspace\loading.lua:100]: Preload file at: file:///c%3A/Users/downloader/AppData/Local/nvim-data/mason/packages/lua-language-server/meta/3rd/Cocos4.0/library/sp/SkeletonRenderer.lua , size = 3.792 KB
[12:25:43.778][info] [#0:script\workspace\loading.lua:100]: Preload file at: file:///c%3A/Users/downloader/AppData/Local/nvim-data/mason/packages/lua-language-server/meta/3rd/Defold/library/base.lua , size = 1.863 KB
[12:25:43.779][info] [#0:script\workspace\loading.lua:100]: Preload file at: file:///c%3A/Users/downloader/AppData/Local/nvim-data/mason/packages/lua-language-server/meta/3rd/Defold/library/buffer.lua , size = 2.778 KB
[12:25:43.781][info] [#0:script\workspace\loading.lua:100]: Preload file at: file:///c%3A/Users/downloader/AppData/Local/nvim-data/mason/packages/lua-language-server/meta/3rd/Defold/library/built-ins.lua , size = 0.815 KB
[12:25:43.781][info] [#0:script\workspace\loading.lua:100]: Preload file at: file:///c%3A/Users/downloader/AppData/Local/nvim-data/mason/packages/lua-language-server/meta/3rd/Defold/library/collection_factory.lua , size = 3.343 KB
[12:25:43.782][info] [#0:script\workspace\loading.lua:100]: Preload file at: file:///c%3A/Users/downloader/AppData/Local/nvim-data/mason/packages/lua-language-server/meta/3rd/Defold/library/collection_proxy.lua , size = 0.248 KB
[12:25:43.783][info] [#0:script\workspace\loading.lua:100]: Preload file at: file:///c%3A/Users/downloader/AppData/Local/nvim-data/mason/packages/lua-language-server/meta/3rd/Defold/library/collision_object.lua , size = 8.824 KB
[12:25:43.785][info] [#0:script\workspace\loading.lua:100]: Preload file at: file:///c%3A/Users/downloader/AppData/Local/nvim-data/mason/packages/lua-language-server/meta/3rd/Defold/library/factory.lua , size = 2.875 KB
[12:25:43.786][info] [#0:script\workspace\loading.lua:100]: Preload file at: file:///c%3A/Users/downloader/AppData/Local/nvim-data/mason/packages/lua-language-server/meta/3rd/Defold/library/game_object.lua , size = 19.338 KB
[12:25:43.791][info] [#0:script\workspace\loading.lua:100]: Preload file at: file:///c%3A/Users/downloader/AppData/Local/nvim-data/mason/packages/lua-language-server/meta/3rd/Defold/library/gui.lua , size = 38.539 KB
[12:25:43.802][info] [#0:script\workspace\loading.lua:100]: Preload file at: file:///c%3A/Users/downloader/AppData/Local/nvim-data/mason/packages/lua-language-server/meta/3rd/Defold/library/html5.lua , size = 1.084 KB
[12:25:43.802][info] [#0:script\workspace\loading.lua:100]: Preload file at: file:///c%3A/Users/downloader/AppData/Local/nvim-data/mason/packages/lua-language-server/meta/3rd/Defold/library/http.lua , size = 0.794 KB
[12:25:43.803][info] [#0:script\workspace\loading.lua:100]: Preload file at: file:///c%3A/Users/downloader/AppData/Local/nvim-data/mason/packages/lua-language-server/meta/3rd/Defold/library/image.lua , size = 0.568 KB
[12:25:43.803][info] [#0:script\workspace\loading.lua:100]: Preload file at: file:///c%3A/Users/downloader/AppData/Local/nvim-data/mason/packages/lua-language-server/meta/3rd/Defold/library/json.lua , size = 0.492 KB
[12:25:43.804][info] [#0:script\workspace\loading.lua:100]: Preload file at: file:///c%3A/Users/downloader/AppData/Local/nvim-data/mason/packages/lua-language-server/meta/3rd/Defold/library/label.lua , size = 0.634 KB
[12:25:43.804][info] [#0:script\workspace\loading.lua:100]: Preload file at: file:///c%3A/Users/downloader/AppData/Local/nvim-data/mason/packages/lua-language-server/meta/3rd/Defold/library/luasocket.lua , size = 38.866 KB
[12:25:43.812][info] [#0:script\workspace\loading.lua:100]: Preload file at: file:///c%3A/Users/downloader/AppData/Local/nvim-data/mason/packages/lua-language-server/meta/3rd/Defold/library/message.lua , size = 1.936 KB
[12:25:43.813][info] [#0:script\workspace\loading.lua:100]: Preload file at: file:///c%3A/Users/downloader/AppData/Local/nvim-data/mason/packages/lua-language-server/meta/3rd/Defold/library/model.lua , size = 1.952 KB
[12:25:43.813][info] [#0:script\workspace\loading.lua:100]: Preload file at: file:///c%3A/Users/downloader/AppData/Local/nvim-data/mason/packages/lua-language-server/meta/3rd/Defold/library/particle_effects.lua , size = 2.768 KB
[12:25:43.814][info] [#0:script\workspace\loading.lua:100]: Preload file at: file:///c%3A/Users/downloader/AppData/Local/nvim-data/mason/packages/lua-language-server/meta/3rd/Defold/library/profiler.lua , size = 4.311 KB
[12:25:43.815][info] [#0:script\workspace\loading.lua:100]: Preload file at: file:///c%3A/Users/downloader/AppData/Local/nvim-data/mason/packages/lua-language-server/meta/3rd/Defold/library/render.lua , size = 22.109 KB
[12:25:43.820][info] [#0:script\workspace\loading.lua:100]: Preload file at: file:///c%3A/Users/downloader/AppData/Local/nvim-data/mason/packages/lua-language-server/meta/3rd/Defold/library/resource.lua , size = 7.904 KB
[12:25:43.822][info] [#0:script\workspace\loading.lua:100]: Preload file at: file:///c%3A/Users/downloader/AppData/Local/nvim-data/mason/packages/lua-language-server/meta/3rd/Defold/library/sound.lua , size = 5.805 KB
[12:25:43.824][info] [#0:script\workspace\loading.lua:100]: Preload file at: file:///c%3A/Users/downloader/AppData/Local/nvim-data/mason/packages/lua-language-server/meta/3rd/Defold/library/sprite.lua , size = 1.680 KB
[12:25:43.824][info] [#0:script\workspace\loading.lua:100]: Preload file at: file:///c%3A/Users/downloader/AppData/Local/nvim-data/mason/packages/lua-language-server/meta/3rd/Defold/library/system.lua , size = 8.721 KB
[12:25:43.827][info] [#0:script\workspace\loading.lua:100]: Preload file at: file:///c%3A/Users/downloader/AppData/Local/nvim-data/mason/packages/lua-language-server/meta/3rd/Defold/library/tilemap.lua , size = 3.480 KB
[12:25:43.828][info] [#0:script\workspace\loading.lua:100]: Preload file at: file:///c%3A/Users/downloader/AppData/Local/nvim-data/mason/packages/lua-language-server/meta/3rd/Defold/library/timer.lua , size = 1.799 KB
[12:25:43.829][info] [#0:script\workspace\loading.lua:100]: Preload file at: file:///c%3A/Users/downloader/AppData/Local/nvim-data/mason/packages/lua-language-server/meta/3rd/Defold/library/vector_math.lua , size = 17.291 KB
[12:25:43.834][info] [#0:script\workspace\loading.lua:100]: Preload file at: file:///c%3A/Users/downloader/AppData/Local/nvim-data/mason/packages/lua-language-server/meta/3rd/Defold/library/window.lua , size = 2.395 KB
[12:25:43.835][info] [#0:script\workspace\loading.lua:100]: Preload file at: file:///c%3A/Users/downloader/AppData/Local/nvim-data/mason/packages/lua-language-server/meta/3rd/Defold/library/zlib.lua , size = 0.441 KB
[12:25:43.835][info] [#0:script\workspace\loading.lua:100]: Preload file at: file:///c%3A/Users/downloader/AppData/Local/nvim-data/mason/packages/lua-language-server/meta/3rd/example/library/love.lua , size = 0.080 KB
[12:25:43.835][info] [#0:script\workspace\loading.lua:100]: Preload file at: file:///c%3A/Users/downloader/AppData/Local/nvim-data/mason/packages/lua-language-server/meta/3rd/example/plugin.lua , size = 0.383 KB
[12:25:43.836][info] [#0:script\workspace\loading.lua:100]: Preload file at: file:///c%3A/Users/downloader/AppData/Local/nvim-data/mason/packages/lua-language-server/meta/3rd/ffi-reflect/library/reflect.lua , size = 2.618 KB
[12:25:43.837][info] [#0:script\workspace\loading.lua:100]: Preload file at: file:///c%3A/Users/downloader/AppData/Local/nvim-data/mason/packages/lua-language-server/meta/3rd/Jass/library/jass/common.lua , size = 450.329 KB
[12:25:44.342][warn] [#0:script\files.lua:708]: Compile [file:///c%3A/Users/downloader/AppData/Local/nvim-data/mason/packages/lua-language-server/meta/3rd/Jass/library/jass/common.lua] takes [0.505] sec, size [461.137] kb.
[12:25:44.482][info] [#0:script\workspace\loading.lua:100]: Preload file at: file:///c%3A/Users/downloader/AppData/Local/nvim-data/mason/packages/lua-language-server/meta/3rd/lfs/library/lfs.lua , size = 7.538 KB
[12:25:44.486][info] [#0:script\workspace\loading.lua:100]: Preload file at: file:///c%3A/Users/downloader/AppData/Local/nvim-data/mason/packages/lua-language-server/meta/3rd/love2d/library/love/audio.lua , size = 34.365 KB
[12:25:44.497][info] [#0:script\workspace\loading.lua:100]: Preload file at: file:///c%3A/Users/downloader/AppData/Local/nvim-data/mason/packages/lua-language-server/meta/3rd/love2d/library/love/data.lua , size = 9.907 KB
[12:25:44.500][info] [#0:script\workspace\loading.lua:100]: Preload file at: file:///c%3A/Users/downloader/AppData/Local/nvim-data/mason/packages/lua-language-server/meta/3rd/love2d/library/love/event.lua , size = 4.802 KB
[12:25:44.502][info] [#0:script\workspace\loading.lua:100]: Preload file at: file:///c%3A/Users/downloader/AppData/Local/nvim-data/mason/packages/lua-language-server/meta/3rd/love2d/library/love/filesystem.lua , size = 23.353 KB
[12:25:44.508][info] [#0:script\workspace\loading.lua:100]: Preload file at: file:///c%3A/Users/downloader/AppData/Local/nvim-data/mason/packages/lua-language-server/meta/3rd/love2d/library/love/font.lua , size = 7.861 KB
[12:25:44.512][info] [#0:script\workspace\loading.lua:100]: Preload file at: file:///c%3A/Users/downloader/AppData/Local/nvim-data/mason/packages/lua-language-server/meta/3rd/love2d/library/love/graphics.lua , size = 163.901 KB
[12:25:44.557][info] [#0:script\workspace\loading.lua:100]: Preload file at: file:///c%3A/Users/downloader/AppData/Local/nvim-data/mason/packages/lua-language-server/meta/3rd/love2d/library/love/image.lua , size = 22.051 KB
[12:25:44.562][info] [#0:script\workspace\loading.lua:100]: Preload file at: file:///c%3A/Users/downloader/AppData/Local/nvim-data/mason/packages/lua-language-server/meta/3rd/love2d/library/love/joystick.lua , size = 14.644 KB
[12:25:44.566][info] [#0:script\workspace\loading.lua:100]: Preload file at: file:///c%3A/Users/downloader/AppData/Local/nvim-data/mason/packages/lua-language-server/meta/3rd/love2d/library/love/keyboard.lua , size = 24.166 KB
[12:25:44.572][info] [#0:script\workspace\loading.lua:100]: Preload file at: file:///c%3A/Users/downloader/AppData/Local/nvim-data/mason/packages/lua-language-server/meta/3rd/love2d/library/love/math.lua , size = 30.448 KB
[12:25:44.581][info] [#0:script\workspace\loading.lua:100]: Preload file at: file:///c%3A/Users/downloader/AppData/Local/nvim-data/mason/packages/lua-language-server/meta/3rd/love2d/library/love/mouse.lua , size = 9.033 KB
[12:25:44.583][info] [#0:script\workspace\loading.lua:100]: Preload file at: file:///c%3A/Users/downloader/AppData/Local/nvim-data/mason/packages/lua-language-server/meta/3rd/love2d/library/love/physics.lua , size = 112.549 KB
[12:25:44.622][info] [#0:script\workspace\loading.lua:100]: Preload file at: file:///c%3A/Users/downloader/AppData/Local/nvim-data/mason/packages/lua-language-server/meta/3rd/love2d/library/love/sound.lua , size = 5.992 KB
[12:25:44.624][info] [#0:script\workspace\loading.lua:100]: Preload file at: file:///c%3A/Users/downloader/AppData/Local/nvim-data/mason/packages/lua-language-server/meta/3rd/love2d/library/love/system.lua , size = 3.716 KB
[12:25:44.625][info] [#0:script\workspace\loading.lua:100]: Preload file at: file:///c%3A/Users/downloader/AppData/Local/nvim-data/mason/packages/lua-language-server/meta/3rd/love2d/library/love/thread.lua , size = 7.288 KB
[12:25:44.627][info] [#0:script\workspace\loading.lua:100]: Preload file at: file:///c%3A/Users/downloader/AppData/Local/nvim-data/mason/packages/lua-language-server/meta/3rd/love2d/library/love/timer.lua , size = 1.793 KB
[12:25:44.628][info] [#0:script\workspace\loading.lua:100]: Preload file at: file:///c%3A/Users/downloader/AppData/Local/nvim-data/mason/packages/lua-language-server/meta/3rd/love2d/library/love/touch.lua , size = 1.495 KB
[12:25:44.629][info] [#0:script\workspace\loading.lua:100]: Preload file at: file:///c%3A/Users/downloader/AppData/Local/nvim-data/mason/packages/lua-language-server/meta/3rd/love2d/library/love/video.lua , size = 2.432 KB
[12:25:44.643][info] [#0:script\workspace\loading.lua:100]: Preload file at: file:///c%3A/Users/downloader/AppData/Local/nvim-data/mason/packages/lua-language-server/meta/3rd/love2d/library/love/window.lua , size = 18.382 KB
[12:25:44.651][info] [#0:script\workspace\loading.lua:100]: Preload file at: file:///c%3A/Users/downloader/AppData/Local/nvim-data/mason/packages/lua-language-server/meta/3rd/love2d/library/love.lua , size = 11.151 KB
[12:25:44.655][info] [#0:script\workspace\loading.lua:100]: Preload file at: file:///c%3A/Users/downloader/AppData/Local/nvim-data/mason/packages/lua-language-server/meta/3rd/lovr/library/callback.lua , size = 9.060 KB
[12:25:44.657][info] [#0:script\workspace\loading.lua:100]: Preload file at: file:///c%3A/Users/downloader/AppData/Local/nvim-data/mason/packages/lua-language-server/meta/3rd/lovr/library/lovr/audio.lua , size = 28.629 KB
[12:25:44.665][info] [#0:script\workspace\loading.lua:100]: Preload file at: file:///c%3A/Users/downloader/AppData/Local/nvim-data/mason/packages/lua-language-server/meta/3rd/lovr/library/lovr/data.lua , size = 52.182 KB
[12:25:44.681][info] [#0:script\workspace\loading.lua:100]: Preload file at: file:///c%3A/Users/downloader/AppData/Local/nvim-data/mason/packages/lua-language-server/meta/3rd/lovr/library/lovr/event.lua , size = 6.337 KB
[12:25:44.683][info] [#0:script\workspace\loading.lua:100]: Preload file at: file:///c%3A/Users/downloader/AppData/Local/nvim-data/mason/packages/lua-language-server/meta/3rd/lovr/library/lovr/filesystem.lua , size = 10.675 KB
[12:25:44.686][info] [#0:script\workspace\loading.lua:100]: Preload file at: file:///c%3A/Users/downloader/AppData/Local/nvim-data/mason/packages/lua-language-server/meta/3rd/lovr/library/lovr/graphics.lua , size = 133.160 KB
[12:25:44.724][info] [#0:script\workspace\loading.lua:100]: Preload file at: file:///c%3A/Users/downloader/AppData/Local/nvim-data/mason/packages/lua-language-server/meta/3rd/lovr/library/lovr/headset.lua , size = 24.106 KB
[12:25:44.730][info] [#0:script\workspace\loading.lua:100]: Preload file at: file:///c%3A/Users/downloader/AppData/Local/nvim-data/mason/packages/lua-language-server/meta/3rd/lovr/library/lovr/math.lua , size = 46.059 KB
[12:25:44.748][info] [#0:script\workspace\loading.lua:100]: Preload file at: file:///c%3A/Users/downloader/AppData/Local/nvim-data/mason/packages/lua-language-server/meta/3rd/lovr/library/lovr/physics.lua , size = 62.741 KB
[12:25:44.770][info] [#0:script\workspace\loading.lua:100]: Preload file at: file:///c%3A/Users/downloader/AppData/Local/nvim-data/mason/packages/lua-language-server/meta/3rd/lovr/library/lovr/system.lua , size = 3.297 KB
[12:25:44.771][info] [#0:script\workspace\loading.lua:100]: Preload file at: file:///c%3A/Users/downloader/AppData/Local/nvim-data/mason/packages/lua-language-server/meta/3rd/lovr/library/lovr/thread.lua , size = 6.229 KB
[12:25:44.773][info] [#0:script\workspace\loading.lua:100]: Preload file at: file:///c%3A/Users/downloader/AppData/Local/nvim-data/mason/packages/lua-language-server/meta/3rd/lovr/library/lovr/timer.lua , size = 1.785 KB
[12:25:44.773][info] [#0:script\workspace\loading.lua:100]: Preload file at: file:///c%3A/Users/downloader/AppData/Local/nvim-data/mason/packages/lua-language-server/meta/3rd/lovr/library/lovr.lua , size = 1.465 KB
[12:25:44.774][info] [#0:script\workspace\loading.lua:100]: Preload file at: file:///c%3A/Users/downloader/AppData/Local/nvim-data/mason/packages/lua-language-server/meta/3rd/luaecs/library/ecs.lua , size = 11.347 KB
[12:25:44.779][info] [#0:script\workspace\loading.lua:100]: Preload file at: file:///c%3A/Users/downloader/AppData/Local/nvim-data/mason/packages/lua-language-server/meta/3rd/luassert/library/luassert/array.lua , size = 0.341 KB
[12:25:44.788][info] [#0:script\workspace\loading.lua:100]: Preload file at: file:///c%3A/Users/downloader/AppData/Local/nvim-data/mason/packages/lua-language-server/meta/3rd/luassert/library/luassert/match.lua , size = 12.243 KB
[12:25:44.795][info] [#0:script\workspace\loading.lua:100]: Preload file at: file:///c%3A/Users/downloader/AppData/Local/nvim-data/mason/packages/lua-language-server/meta/3rd/luassert/library/luassert/mock.lua , size = 1.178 KB
[12:25:44.795][info] [#0:script\workspace\loading.lua:100]: Preload file at: file:///c%3A/Users/downloader/AppData/Local/nvim-data/mason/packages/lua-language-server/meta/3rd/luassert/library/luassert/spy.d.lua , size = 4.344 KB
[12:25:44.797][info] [#0:script\workspace\loading.lua:100]: Preload file at: file:///c%3A/Users/downloader/AppData/Local/nvim-data/mason/packages/lua-language-server/meta/3rd/luassert/library/luassert/spy.lua , size = 2.357 KB
[12:25:44.797][info] [#0:script\workspace\loading.lua:100]: Preload file at: file:///c%3A/Users/downloader/AppData/Local/nvim-data/mason/packages/lua-language-server/meta/3rd/luassert/library/luassert/stub.lua , size = 1.914 KB
[12:25:44.798][info] [#0:script\workspace\loading.lua:100]: Preload file at: file:///c%3A/Users/downloader/AppData/Local/nvim-data/mason/packages/lua-language-server/meta/3rd/luassert/library/luassert.lua , size = 14.611 KB
[12:25:44.802][info] [#0:script\workspace\loading.lua:100]: Preload file at: file:///c%3A/Users/downloader/AppData/Local/nvim-data/mason/packages/lua-language-server/meta/3rd/luv/library/errors.lua , size = 15.420 KB
[12:25:44.806][info] [#0:script\workspace\loading.lua:100]: Preload file at: file:///c%3A/Users/downloader/AppData/Local/nvim-data/mason/packages/lua-language-server/meta/3rd/luv/library/luv_dir_t.lua , size = 1.088 KB
[12:25:44.807][info] [#0:script\workspace\loading.lua:100]: Preload file at: file:///c%3A/Users/downloader/AppData/Local/nvim-data/mason/packages/lua-language-server/meta/3rd/luv/library/luv_thread_t.lua , size = 0.519 KB
[12:25:44.807][info] [#0:script\workspace\loading.lua:100]: Preload file at: file:///c%3A/Users/downloader/AppData/Local/nvim-data/mason/packages/lua-language-server/meta/3rd/luv/library/luv_work_ctx_t.lua , size = 0.546 KB
[12:25:44.808][info] [#0:script\workspace\loading.lua:100]: Preload file at: file:///c%3A/Users/downloader/AppData/Local/nvim-data/mason/packages/lua-language-server/meta/3rd/luv/library/types.lua , size = 17.645 KB
[12:25:44.814][info] [#0:script\workspace\loading.lua:100]: Preload file at: file:///c%3A/Users/downloader/AppData/Local/nvim-data/mason/packages/lua-language-server/meta/3rd/luv/library/uv.lua , size = 101.130 KB
[12:25:44.843][info] [#0:script\workspace\loading.lua:100]: Preload file at: file:///c%3A/Users/downloader/AppData/Local/nvim-data/mason/packages/lua-language-server/meta/3rd/luv/library/uv_async_t.lua , size = 1.091 KB
[12:25:44.844][info] [#0:script\workspace\loading.lua:100]: Preload file at: file:///c%3A/Users/downloader/AppData/Local/nvim-data/mason/packages/lua-language-server/meta/3rd/luv/library/uv_check_t.lua , size = 0.722 KB
[12:25:44.844][info] [#0:script\workspace\loading.lua:100]: Preload file at: file:///c%3A/Users/downloader/AppData/Local/nvim-data/mason/packages/lua-language-server/meta/3rd/luv/library/uv_fs_event_t.lua , size = 1.064 KB
[12:25:44.846][info] [#0:script\workspace\loading.lua:100]: Preload file at: file:///c%3A/Users/downloader/AppData/Local/nvim-data/mason/packages/lua-language-server/meta/3rd/luv/library/uv_fs_poll_t.lua , size = 1.173 KB
[12:25:44.846][info] [#0:script\workspace\loading.lua:100]: Preload file at: file:///c%3A/Users/downloader/AppData/Local/nvim-data/mason/packages/lua-language-server/meta/3rd/luv/library/uv_handle_t.lua , size = 5.257 KB
[12:25:44.848][info] [#0:script\workspace\loading.lua:100]: Preload file at: file:///c%3A/Users/downloader/AppData/Local/nvim-data/mason/packages/lua-language-server/meta/3rd/luv/library/uv_idle_t.lua , size = 1.110 KB
[12:25:44.849][info] [#0:script\workspace\loading.lua:100]: Preload file at: file:///c%3A/Users/downloader/AppData/Local/nvim-data/mason/packages/lua-language-server/meta/3rd/luv/library/uv_pipe_t.lua , size = 3.088 KB
[12:25:44.850][info] [#0:script\workspace\loading.lua:100]: Preload file at: file:///c%3A/Users/downloader/AppData/Local/nvim-data/mason/packages/lua-language-server/meta/3rd/luv/library/uv_poll_t.lua , size = 2.700 KB
[12:25:44.850][info] [#0:script\workspace\loading.lua:100]: Preload file at: file:///c%3A/Users/downloader/AppData/Local/nvim-data/mason/packages/lua-language-server/meta/3rd/luv/library/uv_prepare_t.lua , size = 0.744 KB
[12:25:44.851][info] [#0:script\workspace\loading.lua:100]: Preload file at: file:///c%3A/Users/downloader/AppData/Local/nvim-data/mason/packages/lua-language-server/meta/3rd/luv/library/uv_process_t.lua , size = 0.638 KB
[12:25:44.852][info] [#0:script\workspace\loading.lua:100]: Preload file at: file:///c%3A/Users/downloader/AppData/Local/nvim-data/mason/packages/lua-language-server/meta/3rd/luv/library/uv_req_t.lua , size = 0.729 KB
[12:25:44.852][info] [#0:script\workspace\loading.lua:100]: Preload file at: file:///c%3A/Users/downloader/AppData/Local/nvim-data/mason/packages/lua-language-server/meta/3rd/luv/library/uv_signal_t.lua , size = 3.063 KB
[12:25:44.853][info] [#0:script\workspace\loading.lua:100]: Preload file at: file:///c%3A/Users/downloader/AppData/Local/nvim-data/mason/packages/lua-language-server/meta/3rd/luv/library/uv_stream_t.lua , size = 6.074 KB
[12:25:44.855][info] [#0:script\workspace\loading.lua:100]: Preload file at: file:///c%3A/Users/downloader/AppData/Local/nvim-data/mason/packages/lua-language-server/meta/3rd/luv/library/uv_tcp_t.lua , size = 4.031 KB
[12:25:44.856][info] [#0:script\workspace\loading.lua:100]: Preload file at: file:///c%3A/Users/downloader/AppData/Local/nvim-data/mason/packages/lua-language-server/meta/3rd/luv/library/uv_timer_t.lua , size = 2.052 KB
[12:25:44.857][info] [#0:script\workspace\loading.lua:100]: Preload file at: file:///c%3A/Users/downloader/AppData/Local/nvim-data/mason/packages/lua-language-server/meta/3rd/luv/library/uv_tty_t.lua , size = 1.177 KB
[12:25:44.858][info] [#0:script\workspace\loading.lua:100]: Preload file at: file:///c%3A/Users/downloader/AppData/Local/nvim-data/mason/packages/lua-language-server/meta/3rd/luv/library/uv_udp_t.lua , size = 6.140 KB
[12:25:44.860][info] [#0:script\workspace\loading.lua:100]: Preload file at: file:///c%3A/Users/downloader/AppData/Local/nvim-data/mason/packages/lua-language-server/meta/3rd/OpenResty/library/cjson/safe.lua , size = 1.192 KB
[12:25:44.861][info] [#0:script\workspace\loading.lua:100]: Preload file at: file:///c%3A/Users/downloader/AppData/Local/nvim-data/mason/packages/lua-language-server/meta/3rd/OpenResty/library/cjson.lua , size = 16.728 KB
[12:25:44.864][info] [#0:script\workspace\loading.lua:100]: Preload file at: file:///c%3A/Users/downloader/AppData/Local/nvim-data/mason/packages/lua-language-server/meta/3rd/OpenResty/library/jit.lua , size = 1.152 KB
[12:25:44.865][info] [#0:script\workspace\loading.lua:100]: Preload file at: file:///c%3A/Users/downloader/AppData/Local/nvim-data/mason/packages/lua-language-server/meta/3rd/OpenResty/library/ndk.lua , size = 0.049 KB
[12:25:44.865][info] [#0:script\workspace\loading.lua:100]: Preload file at: file:///c%3A/Users/downloader/AppData/Local/nvim-data/mason/packages/lua-language-server/meta/3rd/OpenResty/library/ngx/balancer.lua , size = 5.499 KB
[12:25:44.866][info] [#0:script\workspace\loading.lua:100]: Preload file at: file:///c%3A/Users/downloader/AppData/Local/nvim-data/mason/packages/lua-language-server/meta/3rd/OpenResty/library/ngx/base64.lua , size = 0.563 KB
[12:25:44.866][info] [#0:script\workspace\loading.lua:100]: Preload file at: file:///c%3A/Users/downloader/AppData/Local/nvim-data/mason/packages/lua-language-server/meta/3rd/OpenResty/library/ngx/errlog.lua , size = 4.562 KB
[12:25:44.867][info] [#0:script\workspace\loading.lua:100]: Preload file at: file:///c%3A/Users/downloader/AppData/Local/nvim-data/mason/packages/lua-language-server/meta/3rd/OpenResty/library/ngx/ocsp.lua , size = 3.503 KB
[12:25:44.868][info] [#0:script\workspace\loading.lua:100]: Preload file at: file:///c%3A/Users/downloader/AppData/Local/nvim-data/mason/packages/lua-language-server/meta/3rd/OpenResty/library/ngx/pipe.lua , size = 13.427 KB
[12:25:44.871][info] [#0:script\workspace\loading.lua:100]: Preload file at: file:///c%3A/Users/downloader/AppData/Local/nvim-data/mason/packages/lua-language-server/meta/3rd/OpenResty/library/ngx/process.lua , size = 1.907 KB
[12:25:44.872][info] [#0:script\workspace\loading.lua:100]: Preload file at: file:///c%3A/Users/downloader/AppData/Local/nvim-data/mason/packages/lua-language-server/meta/3rd/OpenResty/library/ngx/re.lua , size = 3.763 KB
[12:25:44.873][info] [#0:script\workspace\loading.lua:100]: Preload file at: file:///c%3A/Users/downloader/AppData/Local/nvim-data/mason/packages/lua-language-server/meta/3rd/OpenResty/library/ngx/req.lua , size = 0.770 KB
[12:25:44.873][info] [#0:script\workspace\loading.lua:100]: Preload file at: file:///c%3A/Users/downloader/AppData/Local/nvim-data/mason/packages/lua-language-server/meta/3rd/OpenResty/library/ngx/resp.lua , size = 0.710 KB
[12:25:44.874][info] [#0:script\workspace\loading.lua:100]: Preload file at: file:///c%3A/Users/downloader/AppData/Local/nvim-data/mason/packages/lua-language-server/meta/3rd/OpenResty/library/ngx/semaphore.lua , size = 2.278 KB
[12:25:44.874][info] [#0:script\workspace\loading.lua:100]: Preload file at: file:///c%3A/Users/downloader/AppData/Local/nvim-data/mason/packages/lua-language-server/meta/3rd/OpenResty/library/ngx/ssl/clienthello.lua , size = 3.587 KB
[12:25:44.875][info] [#0:script\workspace\loading.lua:100]: Preload file at: file:///c%3A/Users/downloader/AppData/Local/nvim-data/mason/packages/lua-language-server/meta/3rd/OpenResty/library/ngx/ssl/session.lua , size = 2.059 KB
[12:25:44.876][info] [#0:script\workspace\loading.lua:100]: Preload file at: file:///c%3A/Users/downloader/AppData/Local/nvim-data/mason/packages/lua-language-server/meta/3rd/OpenResty/library/ngx/ssl.lua , size = 11.606 KB
[12:25:44.878][info] [#0:script\workspace\loading.lua:100]: Preload file at: file:///c%3A/Users/downloader/AppData/Local/nvim-data/mason/packages/lua-language-server/meta/3rd/OpenResty/library/ngx/upstream.lua , size = 0.288 KB
[12:25:44.879][info] [#0:script\workspace\loading.lua:100]: Preload file at: file:///c%3A/Users/downloader/AppData/Local/nvim-data/mason/packages/lua-language-server/meta/3rd/OpenResty/library/prometheus.lua , size = 10.576 KB
[12:25:44.882][info] [#0:script\workspace\loading.lua:100]: Preload file at: file:///c%3A/Users/downloader/AppData/Local/nvim-data/mason/packages/lua-language-server/meta/3rd/OpenResty/library/ngx.lua , size = 179.197 KB
[12:25:44.915][info] [#0:script\workspace\loading.lua:100]: Preload file at: file:///c%3A/Users/downloader/AppData/Local/nvim-data/mason/packages/lua-language-server/meta/3rd/OpenResty/library/resty/aes.lua , size = 1.950 KB
[12:25:44.917][info] [#0:script\workspace\loading.lua:100]: Preload file at: file:///c%3A/Users/downloader/AppData/Local/nvim-data/mason/packages/lua-language-server/meta/3rd/OpenResty/library/resty/core/base.lua , size = 1.207 KB
[12:25:44.917][info] [#0:script\workspace\loading.lua:100]: Preload file at: file:///c%3A/Users/downloader/AppData/Local/nvim-data/mason/packages/lua-language-server/meta/3rd/OpenResty/library/resty/core/base64.lua , size = 0.127 KB
[12:25:44.917][info] [#0:script\workspace\loading.lua:100]: Preload file at: file:///c%3A/Users/downloader/AppData/Local/nvim-data/mason/packages/lua-language-server/meta/3rd/OpenResty/library/resty/core/ctx.lua , size = 0.209 KB
[12:25:44.918][info] [#0:script\workspace\loading.lua:100]: Preload file at: file:///c%3A/Users/downloader/AppData/Local/nvim-data/mason/packages/lua-language-server/meta/3rd/OpenResty/library/resty/core/exit.lua , size = 0.121 KB
[12:25:44.918][info] [#0:script\workspace\loading.lua:100]: Preload file at: file:///c%3A/Users/downloader/AppData/Local/nvim-data/mason/packages/lua-language-server/meta/3rd/OpenResty/library/resty/core/hash.lua , size = 0.121 KB
[12:25:44.918][info] [#0:script\workspace\loading.lua:100]: Preload file at: file:///c%3A/Users/downloader/AppData/Local/nvim-data/mason/packages/lua-language-server/meta/3rd/OpenResty/library/resty/core/misc.lua , size = 0.243 KB
[12:25:44.919][info] [#0:script\workspace\loading.lua:100]: Preload file at: file:///c%3A/Users/downloader/AppData/Local/nvim-data/mason/packages/lua-language-server/meta/3rd/OpenResty/library/resty/core/ndk.lua , size = 0.118 KB
[12:25:44.919][info] [#0:script\workspace\loading.lua:100]: Preload file at: file:///c%3A/Users/downloader/AppData/Local/nvim-data/mason/packages/lua-language-server/meta/3rd/OpenResty/library/resty/core/phase.lua , size = 0.124 KB
[12:25:44.919][info] [#0:script\workspace\loading.lua:100]: Preload file at: file:///c%3A/Users/downloader/AppData/Local/nvim-data/mason/packages/lua-language-server/meta/3rd/OpenResty/library/resty/core/regex.lua , size = 1.793 KB
[12:25:44.920][info] [#0:script\workspace\loading.lua:100]: Preload file at: file:///c%3A/Users/downloader/AppData/Local/nvim-data/mason/packages/lua-language-server/meta/3rd/OpenResty/library/resty/core/request.lua , size = 0.199 KB
[12:25:44.920][info] [#0:script\workspace\loading.lua:100]: Preload file at: file:///c%3A/Users/downloader/AppData/Local/nvim-data/mason/packages/lua-language-server/meta/3rd/OpenResty/library/resty/core/response.lua , size = 0.184 KB
[12:25:44.920][info] [#0:script\workspace\loading.lua:100]: Preload file at: file:///c%3A/Users/downloader/AppData/Local/nvim-data/mason/packages/lua-language-server/meta/3rd/OpenResty/library/resty/core/shdict.lua , size = 0.127 KB
[12:25:44.921][info] [#0:script\workspace\loading.lua:100]: Preload file at: file:///c%3A/Users/downloader/AppData/Local/nvim-data/mason/packages/lua-language-server/meta/3rd/OpenResty/library/resty/core/time.lua , size = 0.121 KB
[12:25:44.921][info] [#0:script\workspace\loading.lua:100]: Preload file at: file:///c%3A/Users/downloader/AppData/Local/nvim-data/mason/packages/lua-language-server/meta/3rd/OpenResty/library/resty/core/uri.lua , size = 0.118 KB
[12:25:44.921][info] [#0:script\workspace\loading.lua:100]: Preload file at: file:///c%3A/Users/downloader/AppData/Local/nvim-data/mason/packages/lua-language-server/meta/3rd/OpenResty/library/resty/core/utils.lua , size = 0.280 KB
[12:25:44.921][info] [#0:script\workspace\loading.lua:100]: Preload file at: file:///c%3A/Users/downloader/AppData/Local/nvim-data/mason/packages/lua-language-server/meta/3rd/OpenResty/library/resty/core/worker.lua , size = 0.128 KB
[12:25:44.922][info] [#0:script\workspace\loading.lua:100]: Preload file at: file:///c%3A/Users/downloader/AppData/Local/nvim-data/mason/packages/lua-language-server/meta/3rd/OpenResty/library/resty/core/var.lua , size = 0.118 KB
[12:25:44.922][info] [#0:script\workspace\loading.lua:100]: Preload file at: file:///c%3A/Users/downloader/AppData/Local/nvim-data/mason/packages/lua-language-server/meta/3rd/OpenResty/library/resty/core.lua , size = 0.106 KB
[12:25:44.922][info] [#0:script\workspace\loading.lua:100]: Preload file at: file:///c%3A/Users/downloader/AppData/Local/nvim-data/mason/packages/lua-language-server/meta/3rd/OpenResty/library/resty/dns/resolver.lua , size = 15.945 KB
[12:25:44.926][info] [#0:script\workspace\loading.lua:100]: Preload file at: file:///c%3A/Users/downloader/AppData/Local/nvim-data/mason/packages/lua-language-server/meta/3rd/OpenResty/library/resty/limit/conn.lua , size = 0.489 KB
[12:25:44.927][info] [#0:script\workspace\loading.lua:100]: Preload file at: file:///c%3A/Users/downloader/AppData/Local/nvim-data/mason/packages/lua-language-server/meta/3rd/OpenResty/library/resty/limit/count.lua , size = 0.265 KB
[12:25:44.927][info] [#0:script\workspace\loading.lua:100]: Preload file at: file:///c%3A/Users/downloader/AppData/Local/nvim-data/mason/packages/lua-language-server/meta/3rd/OpenResty/library/resty/limit/req.lua , size = 0.353 KB
[12:25:44.927][info] [#0:script\workspace\loading.lua:100]: Preload file at: file:///c%3A/Users/downloader/AppData/Local/nvim-data/mason/packages/lua-language-server/meta/3rd/OpenResty/library/resty/limit/traffic.lua , size = 0.165 KB
[12:25:44.928][info] [#0:script\workspace\loading.lua:100]: Preload file at: file:///c%3A/Users/downloader/AppData/Local/nvim-data/mason/packages/lua-language-server/meta/3rd/OpenResty/library/resty/lock.lua , size = 5.086 KB
[12:25:44.929][info] [#0:script\workspace\loading.lua:100]: Preload file at: file:///c%3A/Users/downloader/AppData/Local/nvim-data/mason/packages/lua-language-server/meta/3rd/OpenResty/library/resty/lrucache/pureffi.lua , size = 0.855 KB
[12:25:44.929][info] [#0:script\workspace\loading.lua:100]: Preload file at: file:///c%3A/Users/downloader/AppData/Local/nvim-data/mason/packages/lua-language-server/meta/3rd/OpenResty/library/resty/lrucache.lua , size = 3.401 KB
[12:25:44.930][info] [#0:script\workspace\loading.lua:100]: Preload file at: file:///c%3A/Users/downloader/AppData/Local/nvim-data/mason/packages/lua-language-server/meta/3rd/OpenResty/library/resty/md5.lua , size = 0.368 KB
[12:25:44.931][info] [#0:script\workspace\loading.lua:100]: Preload file at: file:///c%3A/Users/downloader/AppData/Local/nvim-data/mason/packages/lua-language-server/meta/3rd/OpenResty/library/resty/memcached.lua , size = 1.217 KB
[12:25:44.931][info] [#0:script\workspace\loading.lua:100]: Preload file at: file:///c%3A/Users/downloader/AppData/Local/nvim-data/mason/packages/lua-language-server/meta/3rd/OpenResty/library/resty/mysql.lua , size = 0.574 KB
[12:25:44.932][info] [#0:script\workspace\loading.lua:100]: Preload file at: file:///c%3A/Users/downloader/AppData/Local/nvim-data/mason/packages/lua-language-server/meta/3rd/OpenResty/library/resty/random.lua , size = 0.180 KB
[12:25:44.932][info] [#0:script\workspace\loading.lua:100]: Preload file at: file:///c%3A/Users/downloader/AppData/Local/nvim-data/mason/packages/lua-language-server/meta/3rd/OpenResty/library/resty/redis.lua , size = 2.021 KB
[12:25:44.933][info] [#0:script\workspace\loading.lua:100]: Preload file at: file:///c%3A/Users/downloader/AppData/Local/nvim-data/mason/packages/lua-language-server/meta/3rd/OpenResty/library/resty/sha.lua , size = 0.103 KB
[12:25:44.933][info] [#0:script\workspace\loading.lua:100]: Preload file at: file:///c%3A/Users/downloader/AppData/Local/nvim-data/mason/packages/lua-language-server/meta/3rd/OpenResty/library/resty/sha1.lua , size = 0.176 KB
[12:25:44.934][info] [#0:script\workspace\loading.lua:100]: Preload file at: file:///c%3A/Users/downloader/AppData/Local/nvim-data/mason/packages/lua-language-server/meta/3rd/OpenResty/library/resty/sha224.lua , size = 0.188 KB
[12:25:44.934][info] [#0:script\workspace\loading.lua:100]: Preload file at: file:///c%3A/Users/downloader/AppData/Local/nvim-data/mason/packages/lua-language-server/meta/3rd/OpenResty/library/resty/sha256.lua , size = 0.188 KB
[12:25:44.934][info] [#0:script\workspace\loading.lua:100]: Preload file at: file:///c%3A/Users/downloader/AppData/Local/nvim-data/mason/packages/lua-language-server/meta/3rd/OpenResty/library/resty/sha384.lua , size = 0.188 KB
[12:25:44.935][info] [#0:script\workspace\loading.lua:100]: Preload file at: file:///c%3A/Users/downloader/AppData/Local/nvim-data/mason/packages/lua-language-server/meta/3rd/OpenResty/library/resty/sha512.lua , size = 0.188 KB
[12:25:44.935][info] [#0:script\workspace\loading.lua:100]: Preload file at: file:///c%3A/Users/downloader/AppData/Local/nvim-data/mason/packages/lua-language-server/meta/3rd/OpenResty/library/resty/shell.lua , size = 2.462 KB
[12:25:44.935][info] [#0:script\workspace\loading.lua:100]: Preload file at: file:///c%3A/Users/downloader/AppData/Local/nvim-data/mason/packages/lua-language-server/meta/3rd/OpenResty/library/resty/signal.lua , size = 1.698 KB
[12:25:44.936][info] [#0:script\workspace\loading.lua:100]: Preload file at: file:///c%3A/Users/downloader/AppData/Local/nvim-data/mason/packages/lua-language-server/meta/3rd/OpenResty/library/resty/string.lua , size = 1.542 KB
[12:25:44.937][info] [#0:script\workspace\loading.lua:100]: Preload file at: file:///c%3A/Users/downloader/AppData/Local/nvim-data/mason/packages/lua-language-server/meta/3rd/OpenResty/library/resty/upload.lua , size = 0.232 KB
[12:25:44.937][info] [#0:script\workspace\loading.lua:100]: Preload file at: file:///c%3A/Users/downloader/AppData/Local/nvim-data/mason/packages/lua-language-server/meta/3rd/OpenResty/library/resty/upstream/healthcheck.lua , size = 0.234 KB
[12:25:44.937][info] [#0:script\workspace\loading.lua:100]: Preload file at: file:///c%3A/Users/downloader/AppData/Local/nvim-data/mason/packages/lua-language-server/meta/3rd/OpenResty/library/resty/websocket/client.lua , size = 2.782 KB
[12:25:44.938][info] [#0:script\workspace\loading.lua:100]: Preload file at: file:///c%3A/Users/downloader/AppData/Local/nvim-data/mason/packages/lua-language-server/meta/3rd/OpenResty/library/resty/websocket/protocol.lua , size = 6.081 KB
[12:25:44.941][info] [#0:script\workspace\loading.lua:100]: Preload file at: file:///c%3A/Users/downloader/AppData/Local/nvim-data/mason/packages/lua-language-server/meta/3rd/OpenResty/library/resty/websocket/server.lua , size = 0.471 KB
[12:25:44.941][info] [#0:script\workspace\loading.lua:100]: Preload file at: file:///c%3A/Users/downloader/AppData/Local/nvim-data/mason/packages/lua-language-server/meta/3rd/OpenResty/library/table/clone.lua , size = 0.579 KB
[12:25:44.941][info] [#0:script\workspace\loading.lua:100]: Preload file at: file:///c%3A/Users/downloader/AppData/Local/nvim-data/mason/packages/lua-language-server/meta/3rd/OpenResty/library/table/isarray.lua , size = 0.491 KB
[12:25:44.942][info] [#0:script\workspace\loading.lua:100]: Preload file at: file:///c%3A/Users/downloader/AppData/Local/nvim-data/mason/packages/lua-language-server/meta/3rd/OpenResty/library/table/isempty.lua , size = 0.559 KB
[12:25:44.942][info] [#0:script\workspace\loading.lua:100]: Preload file at: file:///c%3A/Users/downloader/AppData/Local/nvim-data/mason/packages/lua-language-server/meta/3rd/OpenResty/library/table/nkeys.lua , size = 0.518 KB
[12:25:44.942][info] [#0:script\workspace\loading.lua:100]: Preload file at: file:///c%3A/Users/downloader/AppData/Local/nvim-data/mason/packages/lua-language-server/meta/3rd/OpenResty/library/tablepool.lua , size = 1.758 KB
[12:25:44.943][info] [#0:script\workspace\loading.lua:100]: Preload file at: file:///c%3A/Users/downloader/AppData/Local/nvim-data/mason/packages/lua-language-server/meta/3rd/OpenResty/library/thread/exdata.lua , size = 1.359 KB
[12:25:44.943][info] [#0:script\workspace\loading.lua:100]: Preload file at: file:///c%3A/Users/downloader/AppData/Local/nvim-data/mason/packages/lua-language-server/meta/3rd/OpenResty/library/thread/exdata2.lua , size = 0.188 KB
[12:25:44.943][info] [#0:script\workspace\loading.lua:100]: Preload file at: file:///c%3A/Users/downloader/AppData/Local/nvim-data/mason/packages/lua-language-server/meta/3rd/skynet/library/skynet/cluster.lua , size = 2.422 KB
[12:25:44.944][info] [#0:script\workspace\loading.lua:100]: Preload file at: file:///c%3A/Users/downloader/AppData/Local/nvim-data/mason/packages/lua-language-server/meta/3rd/skynet/library/skynet/crypt.lua , size = 1.826 KB
[12:25:44.945][info] [#0:script\workspace\loading.lua:100]: Preload file at: file:///c%3A/Users/downloader/AppData/Local/nvim-data/mason/packages/lua-language-server/meta/3rd/skynet/library/skynet/db/mongo.lua , size = 5.520 KB
[12:25:44.948][info] [#0:script\workspace\loading.lua:100]: Preload file at: file:///c%3A/Users/downloader/AppData/Local/nvim-data/mason/packages/lua-language-server/meta/3rd/skynet/library/skynet/db/mysql.lua , size = 1.185 KB
[12:25:44.949][info] [#0:script\workspace\loading.lua:100]: Preload file at: file:///c%3A/Users/downloader/AppData/Local/nvim-data/mason/packages/lua-language-server/meta/3rd/skynet/library/skynet/db/redis.lua , size = 1.937 KB
[12:25:44.950][info] [#0:script\workspace\loading.lua:100]: Preload file at: file:///c%3A/Users/downloader/AppData/Local/nvim-data/mason/packages/lua-language-server/meta/3rd/skynet/library/skynet/debug.lua , size = 0.285 KB
[12:25:44.950][info] [#0:script\workspace\loading.lua:100]: Preload file at: file:///c%3A/Users/downloader/AppData/Local/nvim-data/mason/packages/lua-language-server/meta/3rd/skynet/library/skynet/habor.lua , size = 1.154 KB
[12:25:44.951][info] [#0:script\workspace\loading.lua:100]: Preload file at: file:///c%3A/Users/downloader/AppData/Local/nvim-data/mason/packages/lua-language-server/meta/3rd/skynet/library/skynet/muliticast.lua , size = 0.722 KB
[12:25:44.951][info] [#0:script\workspace\loading.lua:100]: Preload file at: file:///c%3A/Users/downloader/AppData/Local/nvim-data/mason/packages/lua-language-server/meta/3rd/skynet/library/skynet/netpack.lua , size = 2.395 KB
[12:25:44.952][info] [#0:script\workspace\loading.lua:100]: Preload file at: file:///c%3A/Users/downloader/AppData/Local/nvim-data/mason/packages/lua-language-server/meta/3rd/skynet/library/skynet/profile.lua , size = 1.146 KB
[12:25:44.952][info] [#0:script\workspace\loading.lua:100]: Preload file at: file:///c%3A/Users/downloader/AppData/Local/nvim-data/mason/packages/lua-language-server/meta/3rd/skynet/library/skynet/sharedata.lua , size = 1.975 KB
[12:25:44.953][info] [#0:script\workspace\loading.lua:100]: Preload file at: file:///c%3A/Users/downloader/AppData/Local/nvim-data/mason/packages/lua-language-server/meta/3rd/skynet/library/skynet/sharemap.lua , size = 1.607 KB
[12:25:44.954][info] [#0:script\workspace\loading.lua:100]: Preload file at: file:///c%3A/Users/downloader/AppData/Local/nvim-data/mason/packages/lua-language-server/meta/3rd/skynet/library/skynet/sharetable.lua , size = 1.465 KB
[12:25:44.954][info] [#0:script\workspace\loading.lua:100]: Preload file at: file:///c%3A/Users/downloader/AppData/Local/nvim-data/mason/packages/lua-language-server/meta/3rd/skynet/library/skynet/socket.lua , size = 5.771 KB
[12:25:44.956][info] [#0:script\workspace\loading.lua:100]: Preload file at: file:///c%3A/Users/downloader/AppData/Local/nvim-data/mason/packages/lua-language-server/meta/3rd/skynet/library/skynet/socketchannel.lua , size = 2.671 KB
[12:25:44.956][info] [#0:script\workspace\loading.lua:100]: Preload file at: file:///c%3A/Users/downloader/AppData/Local/nvim-data/mason/packages/lua-language-server/meta/3rd/skynet/library/skynet/socketdriver.lua , size = 6.142 KB
[12:25:44.958][info] [#0:script\workspace\loading.lua:100]: Preload file at: file:///c%3A/Users/downloader/AppData/Local/nvim-data/mason/packages/lua-language-server/meta/3rd/skynet/library/skynet/stm.lua , size = 1.549 KB
[12:25:44.959][info] [#0:script\workspace\loading.lua:100]: Preload file at: file:///c%3A/Users/downloader/AppData/Local/nvim-data/mason/packages/lua-language-server/meta/3rd/skynet/library/skynet.lua , size = 20.663 KB
[12:25:44.964][info] [#0:script\workspace\loading.lua:100]: Preload file at: file:///c%3A/Users/downloader/AppData/Local/nvim-data/mason/packages/lua-language-server/meta/default%20utf8/CS.lua , size = 644.007 KB
[12:25:44.964][info] [#0:script\client.lua:112]: ShowMessage	Info	Too large file: mason\packages\lua-language-server\meta\default utf8\CS.lua skipped. The currently set size limit is: 500 KB, and the file size is: 659.463 KB.
[12:25:44.964][info] [#0:script\workspace\loading.lua:100]: Preload file at: file:///c%3A/Users/downloader/AppData/Local/nvim-data/mason/packages/lua-language-server/meta/default%20utf8/System.CodeDom.Compiler.lua , size = 26.997 KB
[12:25:44.976][info] [#0:script\workspace\loading.lua:100]: Preload file at: file:///c%3A/Users/downloader/AppData/Local/nvim-data/mason/packages/lua-language-server/meta/default%20utf8/System.CodeDom.lua , size = 46.845 KB
[12:25:44.994][info] [#0:script\workspace\loading.lua:100]: Preload file at: file:///c%3A/Users/downloader/AppData/Local/nvim-data/mason/packages/lua-language-server/meta/default%20utf8/System.Collections.Concurrent.lua , size = 17.661 KB
[12:25:45.002][info] [#0:script\workspace\loading.lua:100]: Preload file at: file:///c%3A/Users/downloader/AppData/Local/nvim-data/mason/packages/lua-language-server/meta/default%20utf8/System.Collections.Generic.lua , size = 39.646 KB
[12:25:45.022][info] [#0:script\workspace\loading.lua:100]: Preload file at: file:///c%3A/Users/downloader/AppData/Local/nvim-data/mason/packages/lua-language-server/meta/default%20utf8/System.Collections.lua , size = 23.941 KB
[12:25:45.034][info] [#0:script\workspace\loading.lua:100]: Preload file at: file:///c%3A/Users/downloader/AppData/Local/nvim-data/mason/packages/lua-language-server/meta/default%20utf8/System.Collections.ObjectModel.lua , size = 5.798 KB
[12:25:45.037][info] [#0:script\workspace\loading.lua:100]: Preload file at: file:///c%3A/Users/downloader/AppData/Local/nvim-data/mason/packages/lua-language-server/meta/default%20utf8/System.Collections.Specialized.lua , size = 18.693 KB
[12:25:45.045][info] [#0:script\workspace\loading.lua:100]: Preload file at: file:///c%3A/Users/downloader/AppData/Local/nvim-data/mason/packages/lua-language-server/meta/default%20utf8/System.ComponentModel.Design.lua , size = 56.153 KB
[12:25:45.066][info] [#0:script\workspace\loading.lua:100]: Preload file at: file:///c%3A/Users/downloader/AppData/Local/nvim-data/mason/packages/lua-language-server/meta/default%20utf8/System.ComponentModel.Design.Serialization.lua , size = 16.526 KB
[12:25:45.073][info] [#0:script\workspace\loading.lua:100]: Preload file at: file:///c%3A/Users/downloader/AppData/Local/nvim-data/mason/packages/lua-language-server/meta/default%20utf8/System.ComponentModel.lua , size = 161.355 KB
[12:25:45.139][info] [#0:script\workspace\loading.lua:100]: Preload file at: file:///c%3A/Users/downloader/AppData/Local/nvim-data/mason/packages/lua-language-server/meta/default%20utf8/System.Configuration.Assemblies.lua , size = 2.307 KB
[12:25:45.141][info] [#0:script\workspace\loading.lua:100]: Preload file at: file:///c%3A/Users/downloader/AppData/Local/nvim-data/mason/packages/lua-language-server/meta/default%20utf8/System.Configuration.lua , size = 30.104 KB
[12:25:45.152][info] [#0:script\workspace\loading.lua:100]: Preload file at: file:///c%3A/Users/downloader/AppData/Local/nvim-data/mason/packages/lua-language-server/meta/default%20utf8/System.Data.Common.lua , size = 56.171 KB
[12:25:45.177][info] [#0:script\workspace\loading.lua:100]: Preload file at: file:///c%3A/Users/downloader/AppData/Local/nvim-data/mason/packages/lua-language-server/meta/default%20utf8/System.Data.lua , size = 108.626 KB
[12:25:45.223][info] [#0:script\workspace\loading.lua:100]: Preload file at: file:///c%3A/Users/downloader/AppData/Local/nvim-data/mason/packages/lua-language-server/meta/default%20utf8/System.Data.Odbc.lua , size = 28.487 KB
[12:25:45.236][info] [#0:script\workspace\loading.lua:100]: Preload file at: file:///c%3A/Users/downloader/AppData/Local/nvim-data/mason/packages/lua-language-server/meta/default%20utf8/System.Data.OleDb.lua , size = 36.748 KB
[12:25:45.252][info] [#0:script\workspace\loading.lua:100]: Preload file at: file:///c%3A/Users/downloader/AppData/Local/nvim-data/mason/packages/lua-language-server/meta/default%20utf8/System.Data.Sql.lua , size = 0.710 KB
[12:25:45.253][info] [#0:script\workspace\loading.lua:100]: Preload file at: file:///c%3A/Users/downloader/AppData/Local/nvim-data/mason/packages/lua-language-server/meta/default%20utf8/System.Data.SqlClient.lua , size = 65.225 KB
[12:25:45.280][info] [#0:script\workspace\loading.lua:100]: Preload file at: file:///c%3A/Users/downloader/AppData/Local/nvim-data/mason/packages/lua-language-server/meta/default%20utf8/System.Deployment.Internal.lua , size = 1.848 KB
[12:25:45.281][info] [#0:script\workspace\loading.lua:100]: Preload file at: file:///c%3A/Users/downloader/AppData/Local/nvim-data/mason/packages/lua-language-server/meta/default%20utf8/System.Data.SqlTypes.lua , size = 122.720 KB
[12:25:45.352][info] [#0:script\workspace\loading.lua:100]: Preload file at: file:///c%3A/Users/downloader/AppData/Local/nvim-data/mason/packages/lua-language-server/meta/default%20utf8/System.Diagnostics.CodeAnalysis.lua , size = 0.703 KB
[12:25:45.353][info] [#0:script\workspace\loading.lua:100]: Preload file at: file:///c%3A/Users/downloader/AppData/Local/nvim-data/mason/packages/lua-language-server/meta/default%20utf8/System.Diagnostics.Contracts.Internal.lua , size = 0.908 KB
[12:25:45.354][info] [#0:script\workspace\loading.lua:100]: Preload file at: file:///c%3A/Users/downloader/AppData/Local/nvim-data/mason/packages/lua-language-server/meta/default%20utf8/System.Diagnostics.Contracts.lua , size = 8.239 KB
[12:25:45.357][info] [#0:script\workspace\loading.lua:100]: Preload file at: file:///c%3A/Users/downloader/AppData/Local/nvim-data/mason/packages/lua-language-server/meta/default%20utf8/System.Diagnostics.Eventing.lua , size = 6.302 KB
[12:25:45.360][info] [#0:script\workspace\loading.lua:100]: Preload file at: file:///c%3A/Users/downloader/AppData/Local/nvim-data/mason/packages/lua-language-server/meta/default%20utf8/System.Diagnostics.Eventing.Reader.lua , size = 26.731 KB
[12:25:45.370][info] [#0:script\workspace\loading.lua:100]: Preload file at: file:///c%3A/Users/downloader/AppData/Local/nvim-data/mason/packages/lua-language-server/meta/default%20utf8/System.Diagnostics.lua , size = 98.948 KB
[12:25:45.412][info] [#0:script\workspace\loading.lua:100]: Preload file at: file:///c%3A/Users/downloader/AppData/Local/nvim-data/mason/packages/lua-language-server/meta/default%20utf8/System.Diagnostics.PerformanceData.lua , size = 6.790 KB
[12:25:45.414][info] [#0:script\workspace\loading.lua:100]: Preload file at: file:///c%3A/Users/downloader/AppData/Local/nvim-data/mason/packages/lua-language-server/meta/default%20utf8/System.Diagnostics.SymbolStore.lua , size = 16.163 KB
[12:25:45.421][info] [#0:script\workspace\loading.lua:100]: Preload file at: file:///c%3A/Users/downloader/AppData/Local/nvim-data/mason/packages/lua-language-server/meta/default%20utf8/System.Diagnostics.Tracing.lua , size = 21.189 KB
[12:25:45.429][info] [#0:script\workspace\loading.lua:100]: Preload file at: file:///c%3A/Users/downloader/AppData/Local/nvim-data/mason/packages/lua-language-server/meta/default%20utf8/System.Dynamic.lua , size = 23.368 KB
[12:25:45.438][info] [#0:script\workspace\loading.lua:100]: Preload file at: file:///c%3A/Users/downloader/AppData/Local/nvim-data/mason/packages/lua-language-server/meta/default%20utf8/System.Globalization.lua , size = 88.709 KB
[12:25:45.480][info] [#0:script\workspace\loading.lua:100]: Preload file at: file:///c%3A/Users/downloader/AppData/Local/nvim-data/mason/packages/lua-language-server/meta/default%20utf8/System.IO.Compression.lua , size = 7.517 KB
[12:25:45.483][info] [#0:script\workspace\loading.lua:100]: Preload file at: file:///c%3A/Users/downloader/AppData/Local/nvim-data/mason/packages/lua-language-server/meta/default%20utf8/System.IO.IsolatedStorage.lua , size = 13.610 KB
[12:25:45.489][info] [#0:script\workspace\loading.lua:100]: Preload file at: file:///c%3A/Users/downloader/AppData/Local/nvim-data/mason/packages/lua-language-server/meta/default%20utf8/System.IO.lua , size = 80.052 KB
[12:25:45.532][info] [#0:script\workspace\loading.lua:100]: Preload file at: file:///c%3A/Users/downloader/AppData/Local/nvim-data/mason/packages/lua-language-server/meta/default%20utf8/System.IO.MemoryMappedFiles.lua , size = 12.125 KB
[12:25:45.537][info] [#0:script\workspace\loading.lua:100]: Preload file at: file:///c%3A/Users/downloader/AppData/Local/nvim-data/mason/packages/lua-language-server/meta/default%20utf8/System.IO.Pipes.lua , size = 13.634 KB
[12:25:45.542][info] [#0:script\workspace\loading.lua:100]: Preload file at: file:///c%3A/Users/downloader/AppData/Local/nvim-data/mason/packages/lua-language-server/meta/default%20utf8/System.IO.Ports.lua , size = 10.580 KB
[12:25:45.548][info] [#0:script\workspace\loading.lua:100]: Preload file at: file:///c%3A/Users/downloader/AppData/Local/nvim-data/mason/packages/lua-language-server/meta/default%20utf8/System.Linq.Expressions.lua , size = 123.213 KB
[12:25:45.601][info] [#0:script\workspace\loading.lua:100]: Preload file at: file:///c%3A/Users/downloader/AppData/Local/nvim-data/mason/packages/lua-language-server/meta/default%20utf8/System.Linq.lua , size = 90.836 KB
[12:25:45.645][info] [#0:script\workspace\loading.lua:100]: Preload file at: file:///c%3A/Users/downloader/AppData/Local/nvim-data/mason/packages/lua-language-server/meta/default%20utf8/System.lua , size = 418.521 KB
[12:25:45.845][warn] [#0:script\files.lua:560]: Parse LuaDoc of [file:///c%3A/Users/downloader/AppData/Local/nvim-data/mason/packages/lua-language-server/meta/default%20utf8/System.lua] takes [0.143] sec, size [428.566] kb.
[12:25:45.966][info] [#0:script\workspace\loading.lua:100]: Preload file at: file:///c%3A/Users/downloader/AppData/Local/nvim-data/mason/packages/lua-language-server/meta/default%20utf8/System.Management.Instrumentation.lua , size = 6.796 KB
[12:25:45.968][info] [#0:script\workspace\loading.lua:100]: Preload file at: file:///c%3A/Users/downloader/AppData/Local/nvim-data/mason/packages/lua-language-server/meta/default%20utf8/System.Media.lua , size = 2.497 KB
[12:25:45.969][info] [#0:script\workspace\loading.lua:100]: Preload file at: file:///c%3A/Users/downloader/AppData/Local/nvim-data/mason/packages/lua-language-server/meta/default%20utf8/System.Net.Cache.lua , size = 3.527 KB
[12:25:45.987][info] [#0:script\workspace\loading.lua:100]: Preload file at: file:///c%3A/Users/downloader/AppData/Local/nvim-data/mason/packages/lua-language-server/meta/default%20utf8/System.Net.Configuration.lua , size = 20.063 KB
[12:25:45.995][info] [#0:script\workspace\loading.lua:100]: Preload file at: file:///c%3A/Users/downloader/AppData/Local/nvim-data/mason/packages/lua-language-server/meta/default%20utf8/System.Net.Http.lua , size = 17.795 KB
[12:25:46.003][info] [#0:script\workspace\loading.lua:100]: Preload file at: file:///c%3A/Users/downloader/AppData/Local/nvim-data/mason/packages/lua-language-server/meta/default%20utf8/System.Net.Http.Headers.lua , size = 33.340 KB
[12:25:46.020][info] [#0:script\workspace\loading.lua:100]: Preload file at: file:///c%3A/Users/downloader/AppData/Local/nvim-data/mason/packages/lua-language-server/meta/default%20utf8/System.Net.lua , size = 105.698 KB
[12:25:46.074][info] [#0:script\workspace\loading.lua:100]: Preload file at: file:///c%3A/Users/downloader/AppData/Local/nvim-data/mason/packages/lua-language-server/meta/default%20utf8/System.Net.Mail.lua , size = 18.069 KB
[12:25:46.082][info] [#0:script\workspace\loading.lua:100]: Preload file at: file:///c%3A/Users/downloader/AppData/Local/nvim-data/mason/packages/lua-language-server/meta/default%20utf8/System.Net.Mime.lua , size = 3.519 KB
[12:25:46.084][info] [#0:script\workspace\loading.lua:100]: Preload file at: file:///c%3A/Users/downloader/AppData/Local/nvim-data/mason/packages/lua-language-server/meta/default%20utf8/System.Net.NetworkInformation.lua , size = 51.652 KB
[12:25:46.105][info] [#0:script\workspace\loading.lua:100]: Preload file at: file:///c%3A/Users/downloader/AppData/Local/nvim-data/mason/packages/lua-language-server/meta/default%20utf8/System.Net.Security.lua , size = 27.139 KB
[12:25:46.116][info] [#0:script\workspace\loading.lua:100]: Preload file at: file:///c%3A/Users/downloader/AppData/Local/nvim-data/mason/packages/lua-language-server/meta/default%20utf8/System.Net.Sockets.lua , size = 69.397 KB
[12:25:46.149][info] [#0:script\workspace\loading.lua:100]: Preload file at: file:///c%3A/Users/downloader/AppData/Local/nvim-data/mason/packages/lua-language-server/meta/default%20utf8/System.Net.WebSockets.lua , size = 12.914 KB
[12:25:46.154][info] [#0:script\workspace\loading.lua:100]: Preload file at: file:///c%3A/Users/downloader/AppData/Local/nvim-data/mason/packages/lua-language-server/meta/default%20utf8/System.Numerics.lua , size = 76.475 KB
[12:25:46.204][info] [#0:script\workspace\loading.lua:100]: Preload file at: file:///c%3A/Users/downloader/AppData/Local/nvim-data/mason/packages/lua-language-server/meta/default%20utf8/System.Reflection.Emit.lua , size = 132.136 KB
[12:25:46.269][info] [#0:script\workspace\loading.lua:100]: Preload file at: file:///c%3A/Users/downloader/AppData/Local/nvim-data/mason/packages/lua-language-server/meta/default%20utf8/System.Reflection.lua , size = 92.548 KB
[12:25:46.314][info] [#0:script\workspace\loading.lua:100]: Preload file at: file:///c%3A/Users/downloader/AppData/Local/nvim-data/mason/packages/lua-language-server/meta/default%20utf8/System.Resources.lua , size = 7.785 KB
[12:25:46.318][info] [#0:script\workspace\loading.lua:100]: Preload file at: file:///c%3A/Users/downloader/AppData/Local/nvim-data/mason/packages/lua-language-server/meta/default%20utf8/System.Runtime.CompilerServices.lua , size = 44.095 KB
[12:25:46.336][info] [#0:script\workspace\loading.lua:100]: Preload file at: file:///c%3A/Users/downloader/AppData/Local/nvim-data/mason/packages/lua-language-server/meta/default%20utf8/System.Runtime.ConstrainedExecution.lua , size = 2.079 KB
[12:25:46.337][info] [#0:script\workspace\loading.lua:100]: Preload file at: file:///c%3A/Users/downloader/AppData/Local/nvim-data/mason/packages/lua-language-server/meta/default%20utf8/System.Runtime.DesignerServices.lua , size = 0.981 KB
[12:25:46.337][info] [#0:script\workspace\loading.lua:100]: Preload file at: file:///c%3A/Users/downloader/AppData/Local/nvim-data/mason/packages/lua-language-server/meta/default%20utf8/System.Runtime.ExceptionServices.lua , size = 1.038 KB
[12:25:46.338][info] [#0:script\workspace\loading.lua:100]: Preload file at: file:///c%3A/Users/downloader/AppData/Local/nvim-data/mason/packages/lua-language-server/meta/default%20utf8/System.Runtime.Hosting.lua , size = 1.122 KB
[12:25:46.339][info] [#0:script\workspace\loading.lua:100]: Preload file at: file:///c%3A/Users/downloader/AppData/Local/nvim-data/mason/packages/lua-language-server/meta/default%20utf8/System.Runtime.InteropServices.ComTypes.lua , size = 67.928 KB
[12:25:46.365][info] [#0:script\workspace\loading.lua:100]: Preload file at: file:///c%3A/Users/downloader/AppData/Local/nvim-data/mason/packages/lua-language-server/meta/default%20utf8/System.Runtime.InteropServices.Expando.lua , size = 0.789 KB
[12:25:46.366][info] [#0:script\workspace\loading.lua:100]: Preload file at: file:///c%3A/Users/downloader/AppData/Local/nvim-data/mason/packages/lua-language-server/meta/default%20utf8/System.Runtime.InteropServices.lua , size = 211.883 KB
[12:25:46.460][info] [#0:script\workspace\loading.lua:100]: Preload file at: file:///c%3A/Users/downloader/AppData/Local/nvim-data/mason/packages/lua-language-server/meta/default%20utf8/System.Runtime.InteropServices.WindowsRuntime.lua , size = 8.978 KB
[12:25:46.464][info] [#0:script\workspace\loading.lua:100]: Preload file at: file:///c%3A/Users/downloader/AppData/Local/nvim-data/mason/packages/lua-language-server/meta/default%20utf8/System.Runtime.lua , size = 2.640 KB
[12:25:46.465][info] [#0:script\workspace\loading.lua:100]: Preload file at: file:///c%3A/Users/downloader/AppData/Local/nvim-data/mason/packages/lua-language-server/meta/default%20utf8/System.Runtime.Remoting.Activation.lua , size = 3.042 KB
[12:25:46.467][info] [#0:script\workspace\loading.lua:100]: Preload file at: file:///c%3A/Users/downloader/AppData/Local/nvim-data/mason/packages/lua-language-server/meta/default%20utf8/System.Runtime.Remoting.Channels.lua , size = 20.468 KB
[12:25:46.475][info] [#0:script\workspace\loading.lua:100]: Preload file at: file:///c%3A/Users/downloader/AppData/Local/nvim-data/mason/packages/lua-language-server/meta/default%20utf8/System.Runtime.Remoting.Contexts.lua , size = 11.392 KB
[12:25:46.479][info] [#0:script\workspace\loading.lua:100]: Preload file at: file:///c%3A/Users/downloader/AppData/Local/nvim-data/mason/packages/lua-language-server/meta/default%20utf8/System.Runtime.Remoting.Lifetime.lua , size = 3.589 KB
[12:25:46.481][info] [#0:script\workspace\loading.lua:100]: Preload file at: file:///c%3A/Users/downloader/AppData/Local/nvim-data/mason/packages/lua-language-server/meta/default%20utf8/System.Runtime.Remoting.lua , size = 20.229 KB
[12:25:46.491][info] [#0:script\workspace\loading.lua:100]: Preload file at: file:///c%3A/Users/downloader/AppData/Local/nvim-data/mason/packages/lua-language-server/meta/default%20utf8/System.Runtime.Remoting.Messaging.lua , size = 21.586 KB
[12:25:46.500][info] [#0:script\workspace\loading.lua:100]: Preload file at: file:///c%3A/Users/downloader/AppData/Local/nvim-data/mason/packages/lua-language-server/meta/default%20utf8/System.Runtime.Remoting.Metadata.lua , size = 3.699 KB
[12:25:46.504][info] [#0:script\workspace\loading.lua:100]: Preload file at: file:///c%3A/Users/downloader/AppData/Local/nvim-data/mason/packages/lua-language-server/meta/default%20utf8/System.Runtime.Remoting.Metadata.W3cXsd2001.lua , size = 21.497 KB
[12:25:46.514][info] [#0:script\workspace\loading.lua:100]: Preload file at: file:///c%3A/Users/downloader/AppData/Local/nvim-data/mason/packages/lua-language-server/meta/default%20utf8/System.Runtime.Remoting.Proxies.lua , size = 3.094 KB
[12:25:46.516][info] [#0:script\workspace\loading.lua:100]: Preload file at: file:///c%3A/Users/downloader/AppData/Local/nvim-data/mason/packages/lua-language-server/meta/default%20utf8/System.Runtime.Remoting.Services.lua , size = 2.211 KB
[12:25:46.517][info] [#0:script\workspace\loading.lua:100]: Preload file at: file:///c%3A/Users/downloader/AppData/Local/nvim-data/mason/packages/lua-language-server/meta/default%20utf8/System.Runtime.Serialization.Configuration.lua , size = 8.192 KB
[12:25:46.520][info] [#0:script\workspace\loading.lua:100]: Preload file at: file:///c%3A/Users/downloader/AppData/Local/nvim-data/mason/packages/lua-language-server/meta/default%20utf8/System.Runtime.Serialization.Formatters.Binary.lua , size = 2.783 KB
[12:25:46.521][info] [#0:script\workspace\loading.lua:100]: Preload file at: file:///c%3A/Users/downloader/AppData/Local/nvim-data/mason/packages/lua-language-server/meta/default%20utf8/System.Runtime.Serialization.Formatters.lua , size = 5.704 KB
[12:25:46.524][info] [#0:script\workspace\loading.lua:100]: Preload file at: file:///c%3A/Users/downloader/AppData/Local/nvim-data/mason/packages/lua-language-server/meta/default%20utf8/System.Runtime.Serialization.Json.lua , size = 10.233 KB
[12:25:46.528][info] [#0:script\workspace\loading.lua:100]: Preload file at: file:///c%3A/Users/downloader/AppData/Local/nvim-data/mason/packages/lua-language-server/meta/default%20utf8/System.Runtime.Serialization.lua , size = 57.881 KB
[12:25:46.550][info] [#0:script\workspace\loading.lua:100]: Preload file at: file:///c%3A/Users/downloader/AppData/Local/nvim-data/mason/packages/lua-language-server/meta/default%20utf8/System.Runtime.Versioning.lua , size = 4.865 KB
[12:25:46.552][info] [#0:script\workspace\loading.lua:100]: Preload file at: file:///c%3A/Users/downloader/AppData/Local/nvim-data/mason/packages/lua-language-server/meta/default%20utf8/System.Security.AccessControl.lua , size = 85.320 KB
[12:25:46.580][info] [#0:script\workspace\loading.lua:100]: Preload file at: file:///c%3A/Users/downloader/AppData/Local/nvim-data/mason/packages/lua-language-server/meta/default%20utf8/System.Security.Authentication.ExtendedProtection.Configuration.lua , size = 2.905 KB
[12:25:46.582][info] [#0:script\workspace\loading.lua:100]: Preload file at: file:///c%3A/Users/downloader/AppData/Local/nvim-data/mason/packages/lua-language-server/meta/default%20utf8/System.Security.Authentication.ExtendedProtection.lua , size = 6.107 KB
[12:25:46.584][info] [#0:script\workspace\loading.lua:100]: Preload file at: file:///c%3A/Users/downloader/AppData/Local/nvim-data/mason/packages/lua-language-server/meta/default%20utf8/System.Security.Authentication.lua , size = 3.254 KB
[12:25:46.585][info] [#0:script\workspace\loading.lua:100]: Preload file at: file:///c%3A/Users/downloader/AppData/Local/nvim-data/mason/packages/lua-language-server/meta/default%20utf8/System.Security.Claims.lua , size = 11.056 KB
[12:25:46.590][info] [#0:script\workspace\loading.lua:100]: Preload file at: file:///c%3A/Users/downloader/AppData/Local/nvim-data/mason/packages/lua-language-server/meta/default%20utf8/System.Security.Cryptography.lua , size = 136.015 KB
[12:25:46.645][info] [#0:script\workspace\loading.lua:100]: Preload file at: file:///c%3A/Users/downloader/AppData/Local/nvim-data/mason/packages/lua-language-server/meta/default%20utf8/System.Security.Cryptography.X509Certificates.lua , size = 52.798 KB
[12:25:46.661][info] [#0:script\workspace\loading.lua:100]: Preload file at: file:///c%3A/Users/downloader/AppData/Local/nvim-data/mason/packages/lua-language-server/meta/default%20utf8/System.Security.lua , size = 28.059 KB
[12:25:46.674][info] [#0:script\workspace\loading.lua:100]: Preload file at: file:///c%3A/Users/downloader/AppData/Local/nvim-data/mason/packages/lua-language-server/meta/default%20utf8/System.Security.Permissions.lua , size = 60.844 KB
[12:25:46.695][info] [#0:script\workspace\loading.lua:100]: Preload file at: file:///c%3A/Users/downloader/AppData/Local/nvim-data/mason/packages/lua-language-server/meta/default%20utf8/System.Security.Policy.lua , size = 43.002 KB
[12:25:46.714][info] [#0:script\workspace\loading.lua:100]: Preload file at: file:///c%3A/Users/downloader/AppData/Local/nvim-data/mason/packages/lua-language-server/meta/default%20utf8/System.Security.Principal.lua , size = 22.007 KB
[12:25:46.722][info] [#0:script\workspace\loading.lua:100]: Preload file at: file:///c%3A/Users/downloader/AppData/Local/nvim-data/mason/packages/lua-language-server/meta/default%20utf8/System.Text.lua , size = 45.507 KB
[12:25:46.746][info] [#0:script\workspace\loading.lua:100]: Preload file at: file:///c%3A/Users/downloader/AppData/Local/nvim-data/mason/packages/lua-language-server/meta/default%20utf8/System.Text.RegularExpressions.lua , size = 16.256 KB
[12:25:46.753][info] [#0:script\workspace\loading.lua:100]: Preload file at: file:///c%3A/Users/downloader/AppData/Local/nvim-data/mason/packages/lua-language-server/meta/default%20utf8/System.Threading.lua , size = 76.587 KB
[12:25:46.791][info] [#0:script\workspace\loading.lua:100]: Preload file at: file:///c%3A/Users/downloader/AppData/Local/nvim-data/mason/packages/lua-language-server/meta/default%20utf8/System.Timers.lua , size = 2.220 KB
[12:25:46.792][info] [#0:script\workspace\loading.lua:100]: Preload file at: file:///c%3A/Users/downloader/AppData/Local/nvim-data/mason/packages/lua-language-server/meta/default%20utf8/System.Threading.Tasks.lua , size = 79.859 KB
[12:25:46.826][info] [#0:script\workspace\loading.lua:100]: Preload file at: file:///c%3A/Users/downloader/AppData/Local/nvim-data/mason/packages/lua-language-server/meta/default%20utf8/System.Web.lua , size = 2.355 KB
[12:25:46.827][info] [#0:script\workspace\loading.lua:100]: Preload file at: file:///c%3A/Users/downloader/AppData/Local/nvim-data/mason/packages/lua-language-server/meta/default%20utf8/System.Windows.Input.lua , size = 0.708 KB
[12:25:46.828][info] [#0:script\workspace\loading.lua:100]: Preload file at: file:///c%3A/Users/downloader/AppData/Local/nvim-data/mason/packages/lua-language-server/meta/default%20utf8/System.Windows.Markup.lua , size = 0.304 KB
[12:25:46.828][info] [#0:script\workspace\loading.lua:100]: Preload file at: file:///c%3A/Users/downloader/AppData/Local/nvim-data/mason/packages/lua-language-server/meta/default%20utf8/System.Xml.Linq.lua , size = 39.577 KB
[12:25:46.847][info] [#0:script\workspace\loading.lua:100]: Preload file at: file:///c%3A/Users/downloader/AppData/Local/nvim-data/mason/packages/lua-language-server/meta/default%20utf8/System.Xml.lua , size = 173.105 KB
[12:25:46.930][info] [#0:script\workspace\loading.lua:100]: Preload file at: file:///c%3A/Users/downloader/AppData/Local/nvim-data/mason/packages/lua-language-server/meta/default%20utf8/System.Xml.Resolvers.lua , size = 2.564 KB
[12:25:46.931][info] [#0:script\workspace\loading.lua:100]: Preload file at: file:///c%3A/Users/downloader/AppData/Local/nvim-data/mason/packages/lua-language-server/meta/default%20utf8/System.Xml.Schema.lua , size = 59.300 KB
[12:25:46.953][info] [#0:script\workspace\loading.lua:100]: Preload file at: file:///c%3A/Users/downloader/AppData/Local/nvim-data/mason/packages/lua-language-server/meta/default%20utf8/System.Xml.Serialization.Advanced.lua , size = 4.420 KB
[12:25:46.955][info] [#0:script\workspace\loading.lua:100]: Preload file at: file:///c%3A/Users/downloader/AppData/Local/nvim-data/mason/packages/lua-language-server/meta/default%20utf8/System.Xml.Serialization.Configuration.lua , size = 5.143 KB
[12:25:46.957][info] [#0:script\workspace\loading.lua:100]: Preload file at: file:///c%3A/Users/downloader/AppData/Local/nvim-data/mason/packages/lua-language-server/meta/default%20utf8/System.Xml.Serialization.lua , size = 60.651 KB
[12:25:46.981][info] [#0:script\workspace\loading.lua:100]: Preload file at: file:///c%3A/Users/downloader/AppData/Local/nvim-data/mason/packages/lua-language-server/meta/default%20utf8/System.Xml.XmlConfiguration.lua , size = 0.634 KB
[12:25:46.981][info] [#0:script\workspace\loading.lua:100]: Preload file at: file:///c%3A/Users/downloader/AppData/Local/nvim-data/mason/packages/lua-language-server/meta/default%20utf8/System.Xml.XPath.lua , size = 24.373 KB
[12:25:46.992][info] [#0:script\workspace\loading.lua:100]: Preload file at: file:///c%3A/Users/downloader/AppData/Local/nvim-data/mason/packages/lua-language-server/meta/default%20utf8/System.Xml.Xsl.lua , size = 18.479 KB
[12:25:47.003][info] [#0:script\workspace\loading.lua:100]: Preload file at: file:///c%3A/Users/downloader/AppData/Local/nvim-data/mason/packages/lua-language-server/meta/default%20utf8/UnityEngine.Accessibility.lua , size = 1.033 KB
[12:25:47.004][info] [#0:script\workspace\loading.lua:100]: Preload file at: file:///c%3A/Users/downloader/AppData/Local/nvim-data/mason/packages/lua-language-server/meta/default%20utf8/UnityEngine.AI.lua , size = 45.281 KB
[12:25:47.019][info] [#0:script\workspace\loading.lua:100]: Preload file at: file:///c%3A/Users/downloader/AppData/Local/nvim-data/mason/packages/lua-language-server/meta/default%20utf8/UnityEngine.Analytics.lua , size = 90.617 KB
[12:25:47.048][info] [#0:script\workspace\loading.lua:100]: Preload file at: file:///c%3A/Users/downloader/AppData/Local/nvim-data/mason/packages/lua-language-server/meta/default%20utf8/UnityEngine.Android.lua , size = 22.264 KB
[12:25:47.054][info] [#0:script\workspace\loading.lua:100]: Preload file at: file:///c%3A/Users/downloader/AppData/Local/nvim-data/mason/packages/lua-language-server/meta/default%20utf8/UnityEngine.Animations.lua , size = 105.935 KB
[12:25:47.087][info] [#0:script\workspace\loading.lua:100]: Preload file at: file:///c%3A/Users/downloader/AppData/Local/nvim-data/mason/packages/lua-language-server/meta/default%20utf8/UnityEngine.Apple.lua , size = 2.058 KB
[12:25:47.088][info] [#0:script\workspace\loading.lua:100]: Preload file at: file:///c%3A/Users/downloader/AppData/Local/nvim-data/mason/packages/lua-language-server/meta/default%20utf8/UnityEngine.Apple.ReplayKit.lua , size = 7.503 KB
[12:25:47.090][info] [#0:script\workspace\loading.lua:100]: Preload file at: file:///c%3A/Users/downloader/AppData/Local/nvim-data/mason/packages/lua-language-server/meta/default%20utf8/UnityEngine.Apple.TV.lua , size = 0.445 KB
[12:25:47.091][info] [#0:script\workspace\loading.lua:100]: Preload file at: file:///c%3A/Users/downloader/AppData/Local/nvim-data/mason/packages/lua-language-server/meta/default%20utf8/UnityEngine.Assertions.Comparers.lua , size = 1.718 KB
[12:25:47.092][info] [#0:script\workspace\loading.lua:100]: Preload file at: file:///c%3A/Users/downloader/AppData/Local/nvim-data/mason/packages/lua-language-server/meta/default%20utf8/UnityEngine.Assertions.lua , size = 27.176 KB
[12:25:47.100][info] [#0:script\workspace\loading.lua:100]: Preload file at: file:///c%3A/Users/downloader/AppData/Local/nvim-data/mason/packages/lua-language-server/meta/default%20utf8/UnityEngine.Assertions.Must.lua , size = 4.223 KB
[12:25:47.102][info] [#0:script\workspace\loading.lua:100]: Preload file at: file:///c%3A/Users/downloader/AppData/Local/nvim-data/mason/packages/lua-language-server/meta/default%20utf8/UnityEngine.Audio.lua , size = 11.520 KB
[12:25:47.106][info] [#0:script\workspace\loading.lua:100]: Preload file at: file:///c%3A/Users/downloader/AppData/Local/nvim-data/mason/packages/lua-language-server/meta/default%20utf8/UnityEngine.Build.Pipeline.lua , size = 3.447 KB
[12:25:47.108][info] [#0:script\workspace\loading.lua:100]: Preload file at: file:///c%3A/Users/downloader/AppData/Local/nvim-data/mason/packages/lua-language-server/meta/default%20utf8/UnityEngine.CrashReportHandler.lua , size = 1.337 KB
[12:25:47.109][info] [#0:script\workspace\loading.lua:100]: Preload file at: file:///c%3A/Users/downloader/AppData/Local/nvim-data/mason/packages/lua-language-server/meta/default%20utf8/UnityEngine.Diagnostics.lua , size = 2.951 KB
[12:25:47.110][info] [#0:script\workspace\loading.lua:100]: Preload file at: file:///c%3A/Users/downloader/AppData/Local/nvim-data/mason/packages/lua-language-server/meta/default%20utf8/UnityEngine.Events.lua , size = 12.489 KB
[12:25:47.794][warn] [#0:script\files.lua:708]: Compile [file:///c%3A/Users/downloader/AppData/Local/nvim-data/mason/packages/lua-language-server/meta/default%20utf8/UnityEngine.Events.lua] takes [0.683] sec, size [12.789] kb.
[12:25:47.797][info] [#0:script\workspace\loading.lua:100]: Preload file at: file:///c%3A/Users/downloader/AppData/Local/nvim-data/mason/packages/lua-language-server/meta/default%20utf8/UnityEngine.EventSystems.lua , size = 34.987 KB
[12:25:47.809][info] [#0:script\workspace\loading.lua:100]: Preload file at: file:///c%3A/Users/downloader/AppData/Local/nvim-data/mason/packages/lua-language-server/meta/default%20utf8/UnityEngine.Experimental.AI.lua , size = 15.264 KB
[12:25:47.814][info] [#0:script\workspace\loading.lua:100]: Preload file at: file:///c%3A/Users/downloader/AppData/Local/nvim-data/mason/packages/lua-language-server/meta/default%20utf8/UnityEngine.Experimental.Animations.lua , size = 2.645 KB
[12:25:47.815][info] [#0:script\workspace\loading.lua:100]: Preload file at: file:///c%3A/Users/downloader/AppData/Local/nvim-data/mason/packages/lua-language-server/meta/default%20utf8/UnityEngine.Experimental.AssetBundlePatching.lua , size = 0.479 KB
[12:25:47.816][info] [#0:script\workspace\loading.lua:100]: Preload file at: file:///c%3A/Users/downloader/AppData/Local/nvim-data/mason/packages/lua-language-server/meta/default%20utf8/UnityEngine.Experimental.Audio.lua , size = 9.348 KB
[12:25:47.819][info] [#0:script\workspace\loading.lua:100]: Preload file at: file:///c%3A/Users/downloader/AppData/Local/nvim-data/mason/packages/lua-language-server/meta/default%20utf8/UnityEngine.Experimental.GlobalIllumination.lua , size = 30.305 KB
[12:25:47.828][info] [#0:script\workspace\loading.lua:100]: Preload file at: file:///c%3A/Users/downloader/AppData/Local/nvim-data/mason/packages/lua-language-server/meta/default%20utf8/UnityEngine.Experimental.Playables.lua , size = 7.727 KB
[12:25:47.831][info] [#0:script\workspace\loading.lua:100]: Preload file at: file:///c%3A/Users/downloader/AppData/Local/nvim-data/mason/packages/lua-language-server/meta/default%20utf8/UnityEngine.Experimental.Rendering.lua , size = 98.020 KB
[12:25:47.852][info] [#0:script\workspace\loading.lua:100]: Preload file at: file:///c%3A/Users/downloader/AppData/Local/nvim-data/mason/packages/lua-language-server/meta/default%20utf8/UnityEngine.Experimental.TerrainAPI.lua , size = 31.936 KB
[12:25:47.862][info] [#0:script\workspace\loading.lua:100]: Preload file at: file:///c%3A/Users/downloader/AppData/Local/nvim-data/mason/packages/lua-language-server/meta/default%20utf8/UnityEngine.Experimental.Video.lua , size = 3.693 KB
[12:25:47.864][info] [#0:script\workspace\loading.lua:100]: Preload file at: file:///c%3A/Users/downloader/AppData/Local/nvim-data/mason/packages/lua-language-server/meta/default%20utf8/UnityEngine.Internal.lua , size = 0.736 KB
[12:25:47.864][info] [#0:script\workspace\loading.lua:100]: Preload file at: file:///c%3A/Users/downloader/AppData/Local/nvim-data/mason/packages/lua-language-server/meta/default%20utf8/UnityEngine.iOS.lua , size = 38.598 KB
[12:25:47.877][info] [#0:script\workspace\loading.lua:100]: Preload file at: file:///c%3A/Users/downloader/AppData/Local/nvim-data/mason/packages/lua-language-server/meta/default%20utf8/UnityEngine.Jobs.lua , size = 4.501 KB
[12:25:47.878][info] [#0:script\workspace\loading.lua:100]: Preload file at: file:///c%3A/Users/downloader/AppData/Local/nvim-data/mason/packages/lua-language-server/meta/default%20utf8/UnityEngine.LowLevel.lua , size = 2.970 KB
[12:25:47.883][info] [#0:script\workspace\loading.lua:100]: Preload file at: file:///c%3A/Users/downloader/AppData/Local/nvim-data/mason/packages/lua-language-server/meta/default%20utf8/UnityEngine.Lumin.lua , size = 0.420 KB
[12:25:47.884][info] [#0:script\workspace\loading.lua:88]: Skip loaded file: file:///c%3A/Users/downloader/AppData/Local/nvim-data/mason/packages/lua-language-server/meta/Lua%205.4%20en-us%20utf8/basic.lua
[12:25:47.884][info] [#0:script\workspace\loading.lua:88]: Skip loaded file: file:///c%3A/Users/downloader/AppData/Local/nvim-data/mason/packages/lua-language-server/meta/Lua%205.4%20en-us%20utf8/builtin.lua
[12:25:47.884][info] [#0:script\workspace\loading.lua:88]: Skip loaded file: file:///c%3A/Users/downloader/AppData/Local/nvim-data/mason/packages/lua-language-server/meta/Lua%205.4%20en-us%20utf8/coroutine.lua
[12:25:47.884][info] [#0:script\workspace\loading.lua:88]: Skip loaded file: file:///c%3A/Users/downloader/AppData/Local/nvim-data/mason/packages/lua-language-server/meta/Lua%205.4%20en-us%20utf8/debug.lua
[12:25:47.884][info] [#0:script\workspace\loading.lua:88]: Skip loaded file: file:///c%3A/Users/downloader/AppData/Local/nvim-data/mason/packages/lua-language-server/meta/Lua%205.4%20en-us%20utf8/io.lua
[12:25:47.884][info] [#0:script\workspace\loading.lua:88]: Skip loaded file: file:///c%3A/Users/downloader/AppData/Local/nvim-data/mason/packages/lua-language-server/meta/Lua%205.4%20en-us%20utf8/math.lua
[12:25:47.884][info] [#0:script\workspace\loading.lua:88]: Skip loaded file: file:///c%3A/Users/downloader/AppData/Local/nvim-data/mason/packages/lua-language-server/meta/Lua%205.4%20en-us%20utf8/os.lua
[12:25:47.884][info] [#0:script\workspace\loading.lua:88]: Skip loaded file: file:///c%3A/Users/downloader/AppData/Local/nvim-data/mason/packages/lua-language-server/meta/Lua%205.4%20en-us%20utf8/package.lua
[12:25:47.884][info] [#0:script\workspace\loading.lua:100]: Preload file at: file:///c%3A/Users/downloader/AppData/Local/nvim-data/mason/packages/lua-language-server/meta/default%20utf8/UnityEngine.Networking.lua , size = 104.473 KB
[12:25:47.916][info] [#0:script\workspace\loading.lua:100]: Preload file at: file:///c%3A/Users/downloader/AppData/Local/nvim-data/mason/packages/lua-language-server/meta/default%20utf8/UnityEngine.lua , size = 2462.148 KB
[12:25:47.916][info] [#0:script\workspace\loading.lua:100]: Preload file at: file:///c%3A/Users/downloader/AppData/Local/nvim-data/mason/packages/lua-language-server/meta/default%20utf8/UnityEngine.Networking.Match.lua , size = 9.843 KB
[12:25:47.919][info] [#0:script\workspace\loading.lua:100]: Preload file at: file:///c%3A/Users/downloader/AppData/Local/nvim-data/mason/packages/lua-language-server/meta/default%20utf8/UnityEngine.Networking.PlayerConnection.lua , size = 4.080 KB
[12:25:47.921][info] [#0:script\workspace\loading.lua:100]: Preload file at: file:///c%3A/Users/downloader/AppData/Local/nvim-data/mason/packages/lua-language-server/meta/default%20utf8/UnityEngine.Networking.Types.lua , size = 4.943 KB
[12:25:47.923][info] [#0:script\workspace\loading.lua:100]: Preload file at: file:///c%3A/Users/downloader/AppData/Local/nvim-data/mason/packages/lua-language-server/meta/default%20utf8/UnityEngine.ParticleSystemJobs.lua , size = 7.643 KB
[12:25:47.925][info] [#0:script\workspace\loading.lua:100]: Preload file at: file:///c%3A/Users/downloader/AppData/Local/nvim-data/mason/packages/lua-language-server/meta/default%20utf8/UnityEngine.Playables.lua , size = 53.928 KB
[12:25:47.943][info] [#0:script\workspace\loading.lua:100]: Preload file at: file:///c%3A/Users/downloader/AppData/Local/nvim-data/mason/packages/lua-language-server/meta/default%20utf8/UnityEngine.PlayerLoop.lua , size = 33.623 KB
[12:25:47.953][info] [#0:script\workspace\loading.lua:100]: Preload file at: file:///c%3A/Users/downloader/AppData/Local/nvim-data/mason/packages/lua-language-server/meta/default%20utf8/UnityEngine.Profiling.Experimental.lua , size = 0.731 KB
[12:25:47.953][info] [#0:script\workspace\loading.lua:100]: Preload file at: file:///c%3A/Users/downloader/AppData/Local/nvim-data/mason/packages/lua-language-server/meta/default%20utf8/UnityEngine.Profiling.lua , size = 15.659 KB
[12:25:47.959][info] [#0:script\workspace\loading.lua:100]: Preload file at: file:///c%3A/Users/downloader/AppData/Local/nvim-data/mason/packages/lua-language-server/meta/default%20utf8/UnityEngine.Profiling.Memory.Experimental.lua , size = 3.857 KB
[12:25:47.961][info] [#0:script\workspace\loading.lua:100]: Preload file at: file:///c%3A/Users/downloader/AppData/Local/nvim-data/mason/packages/lua-language-server/meta/default%20utf8/UnityEngine.Rendering.lua , size = 426.643 KB
[12:25:48.094][info] [#0:script\workspace\loading.lua:100]: Preload file at: file:///c%3A/Users/downloader/AppData/Local/nvim-data/mason/packages/lua-language-server/meta/default%20utf8/UnityEngine.Rendering.PostProcessing.lua , size = 98.178 KB
[12:25:48.125][info] [#0:script\workspace\loading.lua:100]: Preload file at: file:///c%3A/Users/downloader/AppData/Local/nvim-data/mason/packages/lua-language-server/meta/default%20utf8/UnityEngine.Rendering.VirtualTexturing.lua , size = 24.665 KB
[12:25:48.133][info] [#0:script\workspace\loading.lua:100]: Preload file at: file:///c%3A/Users/downloader/AppData/Local/nvim-data/mason/packages/lua-language-server/meta/default%20utf8/UnityEngine.SceneManagement.lua , size = 23.765 KB
[12:25:48.141][info] [#0:script\workspace\loading.lua:100]: Preload file at: file:///c%3A/Users/downloader/AppData/Local/nvim-data/mason/packages/lua-language-server/meta/default%20utf8/UnityEngine.Scripting.APIUpdating.lua , size = 0.296 KB
[12:25:48.141][info] [#0:script\workspace\loading.lua:100]: Preload file at: file:///c%3A/Users/downloader/AppData/Local/nvim-data/mason/packages/lua-language-server/meta/default%20utf8/UnityEngine.Scripting.lua , size = 4.674 KB
[12:25:48.142][info] [#0:script\workspace\loading.lua:100]: Preload file at: file:///c%3A/Users/downloader/AppData/Local/nvim-data/mason/packages/lua-language-server/meta/default%20utf8/UnityEngine.SearchService.lua , size = 1.175 KB
[12:25:48.143][info] [#0:script\workspace\loading.lua:100]: Preload file at: file:///c%3A/Users/downloader/AppData/Local/nvim-data/mason/packages/lua-language-server/meta/default%20utf8/UnityEngine.Serialization.lua , size = 1.281 KB
[12:25:48.144][info] [#0:script\workspace\loading.lua:100]: Preload file at: file:///c%3A/Users/downloader/AppData/Local/nvim-data/mason/packages/lua-language-server/meta/default%20utf8/UnityEngine.SocialPlatforms.GameCenter.lua , size = 3.634 KB
[12:25:48.145][info] [#0:script\workspace\loading.lua:100]: Preload file at: file:///c%3A/Users/downloader/AppData/Local/nvim-data/mason/packages/lua-language-server/meta/default%20utf8/UnityEngine.SocialPlatforms.Impl.lua , size = 9.355 KB
[12:25:48.149][info] [#0:script\workspace\loading.lua:100]: Preload file at: file:///c%3A/Users/downloader/AppData/Local/nvim-data/mason/packages/lua-language-server/meta/default%20utf8/UnityEngine.SocialPlatforms.lua , size = 15.120 KB
[12:25:48.157][info] [#0:script\workspace\loading.lua:100]: Preload file at: file:///c%3A/Users/downloader/AppData/Local/nvim-data/mason/packages/lua-language-server/meta/default%20utf8/UnityEngine.Sprites.lua , size = 1.006 KB
[12:25:48.158][info] [#0:script\workspace\loading.lua:100]: Preload file at: file:///c%3A/Users/downloader/AppData/Local/nvim-data/mason/packages/lua-language-server/meta/default%20utf8/UnityEngine.Subsystems.lua , size = 1.105 KB
[12:25:48.158][info] [#0:script\workspace\loading.lua:100]: Preload file at: file:///c%3A/Users/downloader/AppData/Local/nvim-data/mason/packages/lua-language-server/meta/default%20utf8/UnityEngine.SubsystemsImplementation.Extensions.lua , size = 0.854 KB
[12:25:48.159][info] [#0:script\workspace\loading.lua:100]: Preload file at: file:///c%3A/Users/downloader/AppData/Local/nvim-data/mason/packages/lua-language-server/meta/default%20utf8/UnityEngine.SubsystemsImplementation.lua , size = 5.452 KB
[12:25:48.160][info] [#0:script\workspace\loading.lua:100]: Preload file at: file:///c%3A/Users/downloader/AppData/Local/nvim-data/mason/packages/lua-language-server/meta/default%20utf8/UnityEngine.TestTools.lua , size = 4.341 KB
[12:25:48.162][info] [#0:script\workspace\loading.lua:100]: Preload file at: file:///c%3A/Users/downloader/AppData/Local/nvim-data/mason/packages/lua-language-server/meta/default%20utf8/UnityEngine.TextCore.LowLevel.lua , size = 29.067 KB
[12:25:48.169][info] [#0:script\workspace\loading.lua:100]: Preload file at: file:///c%3A/Users/downloader/AppData/Local/nvim-data/mason/packages/lua-language-server/meta/default%20utf8/UnityEngine.TextCore.lua , size = 8.132 KB
[12:25:48.172][info] [#0:script\workspace\loading.lua:100]: Preload file at: file:///c%3A/Users/downloader/AppData/Local/nvim-data/mason/packages/lua-language-server/meta/default%20utf8/UnityEngine.Tilemaps.lua , size = 36.893 KB
[12:25:48.184][info] [#0:script\workspace\loading.lua:100]: Preload file at: file:///c%3A/Users/downloader/AppData/Local/nvim-data/mason/packages/lua-language-server/meta/default%20utf8/UnityEngine.Timeline.lua , size = 48.965 KB
[12:25:48.203][info] [#0:script\workspace\loading.lua:100]: Preload file at: file:///c%3A/Users/downloader/AppData/Local/nvim-data/mason/packages/lua-language-server/meta/default%20utf8/UnityEngine.tvOS.lua , size = 3.779 KB
[12:25:48.204][info] [#0:script\workspace\loading.lua:100]: Preload file at: file:///c%3A/Users/downloader/AppData/Local/nvim-data/mason/packages/lua-language-server/meta/default%20utf8/UnityEngine.U2D.lua , size = 19.168 KB
[12:25:48.210][info] [#0:script\workspace\loading.lua:100]: Preload file at: file:///c%3A/Users/downloader/AppData/Local/nvim-data/mason/packages/lua-language-server/meta/default%20utf8/UnityEngine.UI.lua , size = 90.659 KB
[12:25:48.249][info] [#0:script\workspace\loading.lua:100]: Preload file at: file:///c%3A/Users/downloader/AppData/Local/nvim-data/mason/packages/lua-language-server/meta/default%20utf8/UnityEngine.UIElements.Experimental.lua , size = 19.990 KB
[12:25:48.257][info] [#0:script\workspace\loading.lua:100]: Preload file at: file:///c%3A/Users/downloader/AppData/Local/nvim-data/mason/packages/lua-language-server/meta/default%20utf8/UnityEngine.UIElements.lua , size = 298.350 KB
[12:25:48.354][info] [#0:script\workspace\loading.lua:100]: Preload file at: file:///c%3A/Users/downloader/AppData/Local/nvim-data/mason/packages/lua-language-server/meta/default%20utf8/UnityEngine.VFX.lua , size = 85.528 KB
[12:25:48.379][info] [#0:script\workspace\loading.lua:100]: Preload file at: file:///c%3A/Users/downloader/AppData/Local/nvim-data/mason/packages/lua-language-server/meta/default%20utf8/UnityEngine.Video.lua , size = 28.498 KB
[12:25:48.388][info] [#0:script\workspace\loading.lua:100]: Preload file at: file:///c%3A/Users/downloader/AppData/Local/nvim-data/mason/packages/lua-language-server/meta/default%20utf8/UnityEngine.Windows.lua , size = 4.466 KB
[12:25:48.390][info] [#0:script\workspace\loading.lua:100]: Preload file at: file:///c%3A/Users/downloader/AppData/Local/nvim-data/mason/packages/lua-language-server/meta/default%20utf8/UnityEngine.Windows.Speech.lua , size = 24.016 KB
[12:25:48.397][info] [#0:script\workspace\loading.lua:100]: Preload file at: file:///c%3A/Users/downloader/AppData/Local/nvim-data/mason/packages/lua-language-server/meta/default%20utf8/UnityEngine.Windows.WebCam.lua , size = 26.911 KB
[12:25:48.406][info] [#0:script\workspace\loading.lua:100]: Preload file at: file:///c%3A/Users/downloader/AppData/Local/nvim-data/mason/packages/lua-language-server/meta/default%20utf8/UnityEngine.WSA.lua , size = 33.145 KB
[12:25:48.417][info] [#0:script\workspace\loading.lua:100]: Preload file at: file:///c%3A/Users/downloader/AppData/Local/nvim-data/mason/packages/lua-language-server/meta/default%20utf8/UnityEngine.XR.lua , size = 91.891 KB
[12:25:48.447][info] [#0:script\workspace\loading.lua:100]: Preload file at: file:///c%3A/Users/downloader/AppData/Local/nvim-data/mason/packages/lua-language-server/meta/default%20utf8/UnityEngine.XR.Provider.lua , size = 0.463 KB
[12:25:48.448][info] [#0:script\workspace\loading.lua:100]: Preload file at: file:///c%3A/Users/downloader/AppData/Local/nvim-data/mason/packages/lua-language-server/meta/default%20utf8/UnityEngine.XR.WSA.lua , size = 0.511 KB
[12:25:48.448][info] [#0:script\workspace\loading.lua:100]: Preload file at: file:///c%3A/Users/downloader/AppData/Local/nvim-data/mason/packages/lua-language-server/meta/default%20utf8/UnityEngineInternal.lua , size = 5.821 KB
[12:25:48.450][info] [#0:script\workspace\loading.lua:100]: Preload file at: file:///c%3A/Users/downloader/AppData/Local/nvim-data/mason/packages/lua-language-server/meta/default%20utf8/UnityEngineInternal.XR.WSA.lua , size = 0.493 KB
[12:25:48.451][info] [#0:script\workspace\loading.lua:100]: Preload file at: file:///c%3A/Users/downloader/AppData/Local/nvim-data/mason/packages/lua-language-server/meta/Lua%205.4%20en-us%20utf8/bit.lua , size = 1.243 KB
[12:25:48.452][info] [#0:script\workspace\loading.lua:100]: Preload file at: file:///c%3A/Users/downloader/AppData/Local/nvim-data/mason/packages/lua-language-server/meta/Lua%205.4%20en-us%20utf8/bit32.lua , size = 3.927 KB
[12:25:48.454][info] [#0:script\workspace\loading.lua:100]: Preload file at: file:///c%3A/Users/downloader/AppData/Local/nvim-data/mason/packages/lua-language-server/meta/Lua%205.4%20en-us%20utf8/ffi.lua , size = 2.529 KB
[12:25:48.455][info] [#0:script\workspace\loading.lua:100]: Preload file at: file:///c%3A/Users/downloader/AppData/Local/nvim-data/mason/packages/lua-language-server/meta/Lua%205.4%20en-us%20utf8/jit/profile.lua , size = 0.348 KB
[12:25:48.456][info] [#0:script\workspace\loading.lua:100]: Preload file at: file:///c%3A/Users/downloader/AppData/Local/nvim-data/mason/packages/lua-language-server/meta/Lua%205.4%20en-us%20utf8/jit/util.lua , size = 1.984 KB
[12:25:48.457][info] [#0:script\workspace\loading.lua:100]: Preload file at: file:///c%3A/Users/downloader/AppData/Local/nvim-data/mason/packages/lua-language-server/meta/Lua%205.4%20en-us%20utf8/jit.lua , size = 0.884 KB
[12:25:48.458][info] [#0:script\workspace\loading.lua:100]: Preload file at: file:///c%3A/Users/downloader/AppData/Local/nvim-data/mason/packages/lua-language-server/meta/Lua%205.4%20en-us%20utf8/string/buffer.lua , size = 18.057 KB
[12:25:48.461][info] [#0:script\workspace\loading.lua:88]: Skip loaded file: file:///c%3A/Users/downloader/AppData/Local/nvim-data/mason/packages/lua-language-server/meta/Lua%205.4%20en-us%20utf8/string.lua
[12:25:48.464][info] [#0:script\workspace\loading.lua:88]: Skip loaded file: file:///c%3A/Users/downloader/AppData/Local/nvim-data/mason/packages/lua-language-server/meta/Lua%205.4%20en-us%20utf8/table.lua
[12:25:48.464][info] [#0:script\workspace\loading.lua:88]: Skip loaded file: file:///c%3A/Users/downloader/AppData/Local/nvim-data/mason/packages/lua-language-server/meta/Lua%205.4%20en-us%20utf8/utf8.lua
[12:25:48.464][info] [#0:script\workspace\loading.lua:100]: Preload file at: file:///c%3A/Users/downloader/AppData/Local/nvim-data/mason/packages/lua-language-server/meta/Lua%205.4%20en-us%20utf8/table/clear.lua , size = 0.797 KB
[12:25:48.464][info] [#0:script\workspace\loading.lua:100]: Preload file at: file:///c%3A/Users/downloader/AppData/Local/nvim-data/mason/packages/lua-language-server/meta/Lua%205.4%20en-us%20utf8/table/new.lua , size = 0.642 KB
[12:25:48.464][info] [#0:script\workspace\loading.lua:100]: Preload file at: file:///c%3A/Users/downloader/AppData/Local/nvim-data/mason/packages/lua-language-server/meta/Lua%205.4%20zh-cn%20utf8/basic.lua , size = 17.474 KB
[12:25:48.470][info] [#0:script\workspace\loading.lua:100]: Preload file at: file:///c%3A/Users/downloader/AppData/Local/nvim-data/mason/packages/lua-language-server/meta/Lua%205.4%20zh-cn%20utf8/bit.lua , size = 1.243 KB
[12:25:48.471][info] [#0:script\workspace\loading.lua:100]: Preload file at: file:///c%3A/Users/downloader/AppData/Local/nvim-data/mason/packages/lua-language-server/meta/Lua%205.4%20zh-cn%20utf8/bit32.lua , size = 3.697 KB
[12:25:48.473][info] [#0:script\workspace\loading.lua:100]: Preload file at: file:///c%3A/Users/downloader/AppData/Local/nvim-data/mason/packages/lua-language-server/meta/Lua%205.4%20zh-cn%20utf8/builtin.lua , size = 0.302 KB
[12:25:48.473][info] [#0:script\workspace\loading.lua:100]: Preload file at: file:///c%3A/Users/downloader/AppData/Local/nvim-data/mason/packages/lua-language-server/meta/Lua%205.4%20zh-cn%20utf8/coroutine.lua , size = 2.712 KB
[12:25:48.474][info] [#0:script\workspace\loading.lua:100]: Preload file at: file:///c%3A/Users/downloader/AppData/Local/nvim-data/mason/packages/lua-language-server/meta/Lua%205.4%20zh-cn%20utf8/debug.lua , size = 7.489 KB
[12:25:48.478][info] [#0:script\workspace\loading.lua:100]: Preload file at: file:///c%3A/Users/downloader/AppData/Local/nvim-data/mason/packages/lua-language-server/meta/Lua%205.4%20zh-cn%20utf8/ffi.lua , size = 2.529 KB
[12:25:48.479][info] [#0:script\workspace\loading.lua:100]: Preload file at: file:///c%3A/Users/downloader/AppData/Local/nvim-data/mason/packages/lua-language-server/meta/Lua%205.4%20zh-cn%20utf8/io.lua , size = 6.633 KB
[12:25:48.482][info] [#0:script\workspace\loading.lua:100]: Preload file at: file:///c%3A/Users/downloader/AppData/Local/nvim-data/mason/packages/lua-language-server/meta/Lua%205.4%20zh-cn%20utf8/jit/profile.lua , size = 0.348 KB
[12:25:48.483][info] [#0:script\workspace\loading.lua:100]: Preload file at: file:///c%3A/Users/downloader/AppData/Local/nvim-data/mason/packages/lua-language-server/meta/Lua%205.4%20zh-cn%20utf8/jit/util.lua , size = 1.984 KB
[12:25:48.484][info] [#0:script\workspace\loading.lua:100]: Preload file at: file:///c%3A/Users/downloader/AppData/Local/nvim-data/mason/packages/lua-language-server/meta/Lua%205.4%20zh-cn%20utf8/jit.lua , size = 0.884 KB
[12:25:48.485][info] [#0:script\workspace\loading.lua:100]: Preload file at: file:///c%3A/Users/downloader/AppData/Local/nvim-data/mason/packages/lua-language-server/meta/Lua%205.4%20zh-cn%20utf8/math.lua , size = 8.716 KB
[12:25:48.488][info] [#0:script\workspace\loading.lua:100]: Preload file at: file:///c%3A/Users/downloader/AppData/Local/nvim-data/mason/packages/lua-language-server/meta/Lua%205.4%20zh-cn%20utf8/os.lua , size = 5.698 KB
[12:25:48.491][info] [#0:script\workspace\loading.lua:100]: Preload file at: file:///c%3A/Users/downloader/AppData/Local/nvim-data/mason/packages/lua-language-server/meta/Lua%205.4%20zh-cn%20utf8/package.lua , size = 2.858 KB
[12:25:48.492][info] [#0:script\workspace\loading.lua:100]: Preload file at: file:///c%3A/Users/downloader/AppData/Local/nvim-data/mason/packages/lua-language-server/meta/Lua%205.4%20zh-cn%20utf8/string/buffer.lua , size = 18.057 KB
[12:25:48.495][info] [#0:script\workspace\loading.lua:100]: Preload file at: file:///c%3A/Users/downloader/AppData/Local/nvim-data/mason/packages/lua-language-server/meta/Lua%205.4%20zh-cn%20utf8/string.lua , size = 6.671 KB
[12:25:48.497][info] [#0:script\workspace\loading.lua:88]: Skip loaded file: file:///c%3A/Users/downloader/AppData/Local/nvim-data/mason/packages/lua-language-server/meta/LuaJIT%20en-us%20utf8/basic.lua
[12:25:48.497][info] [#0:script\workspace\loading.lua:88]: Skip loaded file: file:///c%3A/Users/downloader/AppData/Local/nvim-data/mason/packages/lua-language-server/meta/LuaJIT%20en-us%20utf8/bit.lua
[12:25:48.497][info] [#0:script\workspace\loading.lua:100]: Preload file at: file:///c%3A/Users/downloader/AppData/Local/nvim-data/mason/packages/lua-language-server/meta/Lua%205.4%20zh-cn%20utf8/table/clear.lua , size = 0.715 KB
[12:25:48.498][info] [#0:script\workspace\loading.lua:100]: Preload file at: file:///c%3A/Users/downloader/AppData/Local/nvim-data/mason/packages/lua-language-server/meta/Lua%205.4%20zh-cn%20utf8/table/new.lua , size = 0.634 KB
[12:25:48.498][info] [#0:script\workspace\loading.lua:100]: Preload file at: file:///c%3A/Users/downloader/AppData/Local/nvim-data/mason/packages/lua-language-server/meta/Lua%205.4%20zh-cn%20utf8/table.lua , size = 4.780 KB
[12:25:48.500][info] [#0:script\workspace\loading.lua:100]: Preload file at: file:///c%3A/Users/downloader/AppData/Local/nvim-data/mason/packages/lua-language-server/meta/Lua%205.4%20zh-cn%20utf8/utf8.lua , size = 2.369 KB
[12:25:48.501][info] [#0:script\workspace\loading.lua:88]: Skip loaded file: file:///c%3A/Users/downloader/AppData/Local/nvim-data/mason/packages/lua-language-server/meta/LuaJIT%20en-us%20utf8/builtin.lua
[12:25:48.501][info] [#0:script\workspace\loading.lua:88]: Skip loaded file: file:///c%3A/Users/downloader/AppData/Local/nvim-data/mason/packages/lua-language-server/meta/LuaJIT%20en-us%20utf8/coroutine.lua
[12:25:48.501][info] [#0:script\workspace\loading.lua:88]: Skip loaded file: file:///c%3A/Users/downloader/AppData/Local/nvim-data/mason/packages/lua-language-server/meta/LuaJIT%20en-us%20utf8/debug.lua
[12:25:48.501][info] [#0:script\workspace\loading.lua:88]: Skip loaded file: file:///c%3A/Users/downloader/AppData/Local/nvim-data/mason/packages/lua-language-server/meta/LuaJIT%20en-us%20utf8/ffi.lua
[12:25:48.502][info] [#0:script\workspace\loading.lua:88]: Skip loaded file: file:///c%3A/Users/downloader/AppData/Local/nvim-data/mason/packages/lua-language-server/meta/LuaJIT%20en-us%20utf8/io.lua
[12:25:48.502][info] [#0:script\workspace\loading.lua:88]: Skip loaded file: file:///c%3A/Users/downloader/AppData/Local/nvim-data/mason/packages/lua-language-server/meta/LuaJIT%20en-us%20utf8/jit/profile.lua
[12:25:48.502][info] [#0:script\workspace\loading.lua:100]: Preload file at: file:///c%3A/Users/downloader/AppData/Local/nvim-data/mason/packages/lua-language-server/meta/LuaJIT%20en-us%20utf8/bit32.lua , size = 3.927 KB
[12:25:48.503][info] [#0:script\workspace\loading.lua:88]: Skip loaded file: file:///c%3A/Users/downloader/AppData/Local/nvim-data/mason/packages/lua-language-server/meta/LuaJIT%20en-us%20utf8/jit/util.lua
[12:25:48.503][info] [#0:script\workspace\loading.lua:88]: Skip loaded file: file:///c%3A/Users/downloader/AppData/Local/nvim-data/mason/packages/lua-language-server/meta/LuaJIT%20en-us%20utf8/jit.lua
[12:25:48.503][info] [#0:script\workspace\loading.lua:88]: Skip loaded file: file:///c%3A/Users/downloader/AppData/Local/nvim-data/mason/packages/lua-language-server/meta/LuaJIT%20en-us%20utf8/math.lua
[12:25:48.503][info] [#0:script\workspace\loading.lua:88]: Skip loaded file: file:///c%3A/Users/downloader/AppData/Local/nvim-data/mason/packages/lua-language-server/meta/LuaJIT%20en-us%20utf8/os.lua
[12:25:48.503][info] [#0:script\workspace\loading.lua:88]: Skip loaded file: file:///c%3A/Users/downloader/AppData/Local/nvim-data/mason/packages/lua-language-server/meta/LuaJIT%20en-us%20utf8/package.lua
[12:25:48.503][info] [#0:script\workspace\loading.lua:88]: Skip loaded file: file:///c%3A/Users/downloader/AppData/Local/nvim-data/mason/packages/lua-language-server/meta/LuaJIT%20en-us%20utf8/string/buffer.lua
[12:25:48.503][info] [#0:script\workspace\loading.lua:88]: Skip loaded file: file:///c%3A/Users/downloader/AppData/Local/nvim-data/mason/packages/lua-language-server/meta/LuaJIT%20en-us%20utf8/string.lua
[12:25:48.503][info] [#0:script\workspace\loading.lua:88]: Skip loaded file: file:///c%3A/Users/downloader/AppData/Local/nvim-data/mason/packages/lua-language-server/meta/LuaJIT%20en-us%20utf8/table/clear.lua
[12:25:48.503][info] [#0:script\workspace\loading.lua:88]: Skip loaded file: file:///c%3A/Users/downloader/AppData/Local/nvim-data/mason/packages/lua-language-server/meta/LuaJIT%20en-us%20utf8/table/new.lua
[12:25:48.503][info] [#0:script\workspace\loading.lua:88]: Skip loaded file: file:///c%3A/Users/downloader/AppData/Local/nvim-data/mason/packages/lua-language-server/meta/LuaJIT%20en-us%20utf8/table.lua
[12:25:48.503][info] [#0:script\workspace\loading.lua:100]: Preload file at: file:///c%3A/Users/downloader/AppData/Local/nvim-data/mason/packages/lua-language-server/meta/LuaJIT%20en-us%20utf8/utf8.lua , size = 2.304 KB
[12:25:48.504][info] [#0:script\workspace\loading.lua:100]: Preload file at: file:///c%3A/Users/downloader/AppData/Local/nvim-data/mason/packages/lua-language-server/meta/LuaJIT%20zh-cn%20utf8/basic.lua , size = 16.927 KB
[12:25:48.510][info] [#0:script\workspace\loading.lua:100]: Preload file at: file:///c%3A/Users/downloader/AppData/Local/nvim-data/mason/packages/lua-language-server/meta/LuaJIT%20zh-cn%20utf8/bit.lua , size = 1.243 KB
[12:25:48.511][info] [#0:script\workspace\loading.lua:100]: Preload file at: file:///c%3A/Users/downloader/AppData/Local/nvim-data/mason/packages/lua-language-server/meta/LuaJIT%20zh-cn%20utf8/bit32.lua , size = 3.697 KB
[12:25:48.512][info] [#0:script\workspace\loading.lua:100]: Preload file at: file:///c%3A/Users/downloader/AppData/Local/nvim-data/mason/packages/lua-language-server/meta/LuaJIT%20zh-cn%20utf8/builtin.lua , size = 0.302 KB
[12:25:48.513][info] [#0:script\workspace\loading.lua:100]: Preload file at: file:///c%3A/Users/downloader/AppData/Local/nvim-data/mason/packages/lua-language-server/meta/LuaJIT%20zh-cn%20utf8/coroutine.lua , size = 2.678 KB
[12:25:48.514][info] [#0:script\workspace\loading.lua:100]: Preload file at: file:///c%3A/Users/downloader/AppData/Local/nvim-data/mason/packages/lua-language-server/meta/LuaJIT%20zh-cn%20utf8/debug.lua , size = 7.242 KB
[12:25:48.517][info] [#0:script\workspace\loading.lua:100]: Preload file at: file:///c%3A/Users/downloader/AppData/Local/nvim-data/mason/packages/lua-language-server/meta/LuaJIT%20zh-cn%20utf8/ffi.lua , size = 2.529 KB
[12:25:48.519][info] [#0:script\workspace\loading.lua:100]: Preload file at: file:///c%3A/Users/downloader/AppData/Local/nvim-data/mason/packages/lua-language-server/meta/LuaJIT%20zh-cn%20utf8/io.lua , size = 6.633 KB
[12:25:48.522][info] [#0:script\workspace\loading.lua:100]: Preload file at: file:///c%3A/Users/downloader/AppData/Local/nvim-data/mason/packages/lua-language-server/meta/LuaJIT%20zh-cn%20utf8/jit/profile.lua , size = 0.348 KB
[12:25:48.522][info] [#0:script\workspace\loading.lua:100]: Preload file at: file:///c%3A/Users/downloader/AppData/Local/nvim-data/mason/packages/lua-language-server/meta/LuaJIT%20zh-cn%20utf8/jit/util.lua , size = 1.984 KB
[12:25:48.524][info] [#0:script\workspace\loading.lua:100]: Preload file at: file:///c%3A/Users/downloader/AppData/Local/nvim-data/mason/packages/lua-language-server/meta/LuaJIT%20zh-cn%20utf8/jit.lua , size = 0.884 KB
[12:25:48.524][info] [#0:script\workspace\loading.lua:100]: Preload file at: file:///c%3A/Users/downloader/AppData/Local/nvim-data/mason/packages/lua-language-server/meta/LuaJIT%20zh-cn%20utf8/math.lua , size = 8.180 KB
[12:25:48.528][info] [#0:script\workspace\loading.lua:100]: Preload file at: file:///c%3A/Users/downloader/AppData/Local/nvim-data/mason/packages/lua-language-server/meta/LuaJIT%20zh-cn%20utf8/os.lua , size = 5.698 KB
[12:25:48.530][info] [#0:script\workspace\loading.lua:100]: Preload file at: file:///c%3A/Users/downloader/AppData/Local/nvim-data/mason/packages/lua-language-server/meta/LuaJIT%20zh-cn%20utf8/package.lua , size = 2.706 KB
[12:25:48.531][info] [#0:script\workspace\loading.lua:100]: Preload file at: file:///c%3A/Users/downloader/AppData/Local/nvim-data/mason/packages/lua-language-server/meta/LuaJIT%20zh-cn%20utf8/string/buffer.lua , size = 18.057 KB
[12:25:48.534][info] [#0:script\workspace\loading.lua:100]: Preload file at: file:///c%3A/Users/downloader/AppData/Local/nvim-data/mason/packages/lua-language-server/meta/LuaJIT%20zh-cn%20utf8/string.lua , size = 6.653 KB
[12:25:48.537][info] [#0:script\workspace\loading.lua:100]: Preload file at: file:///c%3A/Users/downloader/AppData/Local/nvim-data/mason/packages/lua-language-server/meta/LuaJIT%20zh-cn%20utf8/table/clear.lua , size = 0.715 KB
[12:25:48.537][info] [#0:script\workspace\loading.lua:100]: Preload file at: file:///c%3A/Users/downloader/AppData/Local/nvim-data/mason/packages/lua-language-server/meta/LuaJIT%20zh-cn%20utf8/table/new.lua , size = 0.634 KB
[12:25:48.538][info] [#0:script\workspace\loading.lua:100]: Preload file at: file:///c%3A/Users/downloader/AppData/Local/nvim-data/mason/packages/lua-language-server/meta/LuaJIT%20zh-cn%20utf8/table.lua , size = 4.780 KB
[12:25:48.540][info] [#0:script\workspace\loading.lua:100]: Preload file at: file:///c%3A/Users/downloader/AppData/Local/nvim-data/mason/packages/lua-language-server/meta/LuaJIT%20zh-cn%20utf8/utf8.lua , size = 2.287 KB
[12:25:48.541][info] [#0:script\workspace\loading.lua:100]: Preload file at: file:///c%3A/Users/downloader/AppData/Local/nvim-data/mason/packages/lua-language-server/meta/template/basic.lua , size = 8.248 KB
[12:25:48.546][info] [#0:script\workspace\loading.lua:100]: Preload file at: file:///c%3A/Users/downloader/AppData/Local/nvim-data/mason/packages/lua-language-server/meta/template/bit.lua , size = 1.352 KB
[12:25:48.547][info] [#0:script\workspace\loading.lua:100]: Preload file at: file:///c%3A/Users/downloader/AppData/Local/nvim-data/mason/packages/lua-language-server/meta/template/bit32.lua , size = 1.678 KB
[12:25:48.549][info] [#0:script\workspace\loading.lua:100]: Preload file at: file:///c%3A/Users/downloader/AppData/Local/nvim-data/mason/packages/lua-language-server/meta/template/builtin.lua , size = 0.317 KB
[12:25:48.549][info] [#0:script\workspace\loading.lua:100]: Preload file at: file:///c%3A/Users/downloader/AppData/Local/nvim-data/mason/packages/lua-language-server/meta/template/coroutine.lua , size = 1.515 KB
[12:25:48.550][info] [#0:script\workspace\loading.lua:100]: Preload file at: file:///c%3A/Users/downloader/AppData/Local/nvim-data/mason/packages/lua-language-server/meta/template/debug.lua , size = 5.660 KB
[12:25:48.553][info] [#0:script\workspace\loading.lua:100]: Preload file at: file:///c%3A/Users/downloader/AppData/Local/nvim-data/mason/packages/lua-language-server/meta/template/ffi.lua , size = 2.682 KB
[12:25:48.555][info] [#0:script\workspace\loading.lua:100]: Preload file at: file:///c%3A/Users/downloader/AppData/Local/nvim-data/mason/packages/lua-language-server/meta/template/io.lua , size = 3.809 KB
[12:25:48.557][info] [#0:script\workspace\loading.lua:100]: Preload file at: file:///c%3A/Users/downloader/AppData/Local/nvim-data/mason/packages/lua-language-server/meta/template/jit.lua , size = 0.959 KB
[12:25:48.558][info] [#0:script\workspace\loading.lua:100]: Preload file at: file:///c%3A/Users/downloader/AppData/Local/nvim-data/mason/packages/lua-language-server/meta/template/jit.profile.lua , size = 0.399 KB
[12:25:48.558][info] [#0:script\workspace\loading.lua:100]: Preload file at: file:///c%3A/Users/downloader/AppData/Local/nvim-data/mason/packages/lua-language-server/meta/template/jit.util.lua , size = 2.135 KB
[12:25:48.560][info] [#0:script\workspace\loading.lua:100]: Preload file at: file:///c%3A/Users/downloader/AppData/Local/nvim-data/mason/packages/lua-language-server/meta/template/math.lua , size = 4.606 KB
[12:25:48.563][info] [#0:script\workspace\loading.lua:100]: Preload file at: file:///c%3A/Users/downloader/AppData/Local/nvim-data/mason/packages/lua-language-server/meta/template/os.lua , size = 2.898 KB
[12:25:48.564][info] [#0:script\workspace\loading.lua:100]: Preload file at: file:///c%3A/Users/downloader/AppData/Local/nvim-data/mason/packages/lua-language-server/meta/template/package.lua , size = 1.287 KB
[12:25:48.565][info] [#0:script\workspace\loading.lua:100]: Preload file at: file:///c%3A/Users/downloader/AppData/Local/nvim-data/mason/packages/lua-language-server/meta/template/string.buffer.lua , size = 18.436 KB
[12:25:48.569][info] [#0:script\workspace\loading.lua:100]: Preload file at: file:///c%3A/Users/downloader/AppData/Local/nvim-data/mason/packages/lua-language-server/meta/template/string.lua , size = 3.512 KB
[12:25:48.571][info] [#0:script\workspace\loading.lua:100]: Preload file at: file:///c%3A/Users/downloader/AppData/Local/nvim-data/mason/packages/lua-language-server/meta/template/table.lua , size = 2.329 KB
[12:25:48.573][info] [#0:script\workspace\loading.lua:100]: Preload file at: file:///c%3A/Users/downloader/AppData/Local/nvim-data/mason/packages/lua-language-server/meta/template/table.clear.lua , size = 0.163 KB
[12:25:48.573][info] [#0:script\workspace\loading.lua:100]: Preload file at: file:///c%3A/Users/downloader/AppData/Local/nvim-data/mason/packages/lua-language-server/meta/template/table.new.lua , size = 0.212 KB
[12:25:48.574][info] [#0:script\workspace\loading.lua:100]: Preload file at: file:///c%3A/Users/downloader/AppData/Local/nvim-data/mason/packages/lua-language-server/meta/template/utf8.lua , size = 1.651 KB
[12:25:48.575][info] [#0:script\workspace\loading.lua:100]: Preload file at: file:///c%3A/Users/downloader/AppData/Local/nvim-data/mason/packages/lua-language-server/meta/whimsical/basic.lua , size = 1.560 KB
[12:25:48.575][info] [#0:script\workspace\loading.lua:100]: Preload file at: file:///c%3A/Users/downloader/AppData/Local/nvim-data/mason/packages/lua-language-server/meta/whimsical/builtin.lua , size = 0.431 KB
[12:25:48.576][info] [#0:script\workspace\loading.lua:100]: Preload file at: file:///c%3A/Users/downloader/AppData/Local/nvim-data/mason/packages/lua-language-server/meta/whimsical/rule.lua , size = 3.226 KB
[12:25:48.578][info] [#0:script\workspace\loading.lua:100]: Preload file at: file:///c%3A/Users/downloader/AppData/Local/nvim-data/mason/packages/lua-language-server/script/await.lua , size = 6.167 KB
[12:25:48.581][info] [#0:script\workspace\loading.lua:100]: Preload file at: file:///c%3A/Users/downloader/AppData/Local/nvim-data/mason/packages/lua-language-server/script/brave/brave.lua , size = 2.080 KB
[12:25:48.582][info] [#0:script\workspace\loading.lua:100]: Preload file at: file:///c%3A/Users/downloader/AppData/Local/nvim-data/mason/packages/lua-language-server/script/brave/init.lua , size = 0.073 KB
[12:25:48.582][info] [#0:script\workspace\loading.lua:100]: Preload file at: file:///c%3A/Users/downloader/AppData/Local/nvim-data/mason/packages/lua-language-server/script/brave/log.lua , size = 1.107 KB
[12:25:48.583][info] [#0:script\workspace\loading.lua:100]: Preload file at: file:///c%3A/Users/downloader/AppData/Local/nvim-data/mason/packages/lua-language-server/script/brave/work.lua , size = 3.206 KB
[12:25:48.584][info] [#0:script\workspace\loading.lua:100]: Preload file at: file:///c%3A/Users/downloader/AppData/Local/nvim-data/mason/packages/lua-language-server/script/cli/check.lua , size = 3.749 KB
[12:25:48.586][info] [#0:script\workspace\loading.lua:100]: Preload file at: file:///c%3A/Users/downloader/AppData/Local/nvim-data/mason/packages/lua-language-server/script/cli/check_worker.lua , size = 8.940 KB
[12:25:48.590][info] [#0:script\workspace\loading.lua:100]: Preload file at: file:///c%3A/Users/downloader/AppData/Local/nvim-data/mason/packages/lua-language-server/script/cli/doc/export.lua , size = 13.174 KB
[12:25:48.595][info] [#0:script\workspace\loading.lua:100]: Preload file at: file:///c%3A/Users/downloader/AppData/Local/nvim-data/mason/packages/lua-language-server/script/cli/doc/init.lua , size = 8.677 KB
[12:25:48.599][info] [#0:script\workspace\loading.lua:100]: Preload file at: file:///c%3A/Users/downloader/AppData/Local/nvim-data/mason/packages/lua-language-server/script/cli/help.lua , size = 5.393 KB
[12:25:48.600][info] [#0:script\workspace\loading.lua:100]: Preload file at: file:///c%3A/Users/downloader/AppData/Local/nvim-data/mason/packages/lua-language-server/script/cli/init.lua , size = 0.625 KB
[12:25:48.601][info] [#0:script\workspace\loading.lua:100]: Preload file at: file:///c%3A/Users/downloader/AppData/Local/nvim-data/mason/packages/lua-language-server/script/cli/version.lua , size = 0.062 KB
[12:25:48.601][info] [#0:script\workspace\loading.lua:100]: Preload file at: file:///c%3A/Users/downloader/AppData/Local/nvim-data/mason/packages/lua-language-server/script/cli/visualize.lua , size = 2.558 KB
[12:25:48.602][info] [#0:script\workspace\loading.lua:100]: Preload file at: file:///c%3A/Users/downloader/AppData/Local/nvim-data/mason/packages/lua-language-server/script/client.lua , size = 19.160 KB
[12:25:48.610][info] [#0:script\workspace\loading.lua:100]: Preload file at: file:///c%3A/Users/downloader/AppData/Local/nvim-data/mason/packages/lua-language-server/script/config/config.lua , size = 6.945 KB
[12:25:48.614][info] [#0:script\workspace\loading.lua:100]: Preload file at: file:///c%3A/Users/downloader/AppData/Local/nvim-data/mason/packages/lua-language-server/script/config/env.lua , size = 1.471 KB
[12:25:48.615][info] [#0:script\workspace\loading.lua:100]: Preload file at: file:///c%3A/Users/downloader/AppData/Local/nvim-data/mason/packages/lua-language-server/script/config/init.lua , size = 0.056 KB
[12:25:48.615][info] [#0:script\workspace\loading.lua:100]: Preload file at: file:///c%3A/Users/downloader/AppData/Local/nvim-data/mason/packages/lua-language-server/script/config/loader.lua , size = 3.663 KB
[12:25:48.616][info] [#0:script\workspace\loading.lua:100]: Preload file at: file:///c%3A/Users/downloader/AppData/Local/nvim-data/mason/packages/lua-language-server/script/config/template.lua , size = 20.646 KB
[12:25:48.621][info] [#0:script\workspace\loading.lua:100]: Preload file at: file:///c%3A/Users/downloader/AppData/Local/nvim-data/mason/packages/lua-language-server/script/core/code-action.lua , size = 23.171 KB
[12:25:48.628][info] [#0:script\workspace\loading.lua:100]: Preload file at: file:///c%3A/Users/downloader/AppData/Local/nvim-data/mason/packages/lua-language-server/script/core/code-lens.lua , size = 3.961 KB
[12:25:48.630][info] [#0:script\workspace\loading.lua:100]: Preload file at: file:///c%3A/Users/downloader/AppData/Local/nvim-data/mason/packages/lua-language-server/script/core/color.lua , size = 2.453 KB
[12:25:48.632][info] [#0:script\workspace\loading.lua:100]: Preload file at: file:///c%3A/Users/downloader/AppData/Local/nvim-data/mason/packages/lua-language-server/script/core/command/autoRequire.lua , size = 4.442 KB
[12:25:48.634][info] [#0:script\workspace\loading.lua:100]: Preload file at: file:///c%3A/Users/downloader/AppData/Local/nvim-data/mason/packages/lua-language-server/script/core/command/exportDocument.lua , size = 0.543 KB
[12:25:48.634][info] [#0:script\workspace\loading.lua:100]: Preload file at: file:///c%3A/Users/downloader/AppData/Local/nvim-data/mason/packages/lua-language-server/script/core/command/getConfig.lua , size = 0.294 KB
[12:25:48.635][info] [#0:script\workspace\loading.lua:100]: Preload file at: file:///c%3A/Users/downloader/AppData/Local/nvim-data/mason/packages/lua-language-server/script/core/command/jsonToLua.lua , size = 1.785 KB
[12:25:48.636][info] [#0:script\workspace\loading.lua:100]: Preload file at: file:///c%3A/Users/downloader/AppData/Local/nvim-data/mason/packages/lua-language-server/script/core/command/reloadFFIMeta.lua , size = 1.479 KB
[12:25:48.636][info] [#0:script\workspace\loading.lua:100]: Preload file at: file:///c%3A/Users/downloader/AppData/Local/nvim-data/mason/packages/lua-language-server/script/core/command/removeSpace.lua , size = 1.770 KB
[12:25:48.637][info] [#0:script\workspace\loading.lua:100]: Preload file at: file:///c%3A/Users/downloader/AppData/Local/nvim-data/mason/packages/lua-language-server/script/core/command/setConfig.lua , size = 0.240 KB
[12:25:48.638][info] [#0:script\workspace\loading.lua:100]: Preload file at: file:///c%3A/Users/downloader/AppData/Local/nvim-data/mason/packages/lua-language-server/script/core/command/solve.lua , size = 2.679 KB
[12:25:48.639][info] [#0:script\workspace\loading.lua:100]: Preload file at: file:///c%3A/Users/downloader/AppData/Local/nvim-data/mason/packages/lua-language-server/script/core/completion/auto-require.lua , size = 5.604 KB
[12:25:48.641][info] [#0:script\workspace\loading.lua:100]: Preload file at: file:///c%3A/Users/downloader/AppData/Local/nvim-data/mason/packages/lua-language-server/script/core/completion/completion.lua , size = 79.362 KB
[12:25:48.669][info] [#0:script\workspace\loading.lua:100]: Preload file at: file:///c%3A/Users/downloader/AppData/Local/nvim-data/mason/packages/lua-language-server/script/core/completion/init.lua , size = 0.044 KB
[12:25:48.669][info] [#0:script\workspace\loading.lua:100]: Preload file at: file:///c%3A/Users/downloader/AppData/Local/nvim-data/mason/packages/lua-language-server/script/core/completion/keyword.lua , size = 12.956 KB
[12:25:48.673][info] [#0:script\workspace\loading.lua:100]: Preload file at: file:///c%3A/Users/downloader/AppData/Local/nvim-data/mason/packages/lua-language-server/script/core/completion/postfix.lua , size = 13.284 KB
[12:25:48.677][info] [#0:script\workspace\loading.lua:100]: Preload file at: file:///c%3A/Users/downloader/AppData/Local/nvim-data/mason/packages/lua-language-server/script/core/definition.lua , size = 6.319 KB
[12:25:48.680][info] [#0:script\workspace\loading.lua:100]: Preload file at: file:///c%3A/Users/downloader/AppData/Local/nvim-data/mason/packages/lua-language-server/script/core/diagnostics/ambiguity-1.lua , size = 2.341 KB
[12:25:48.681][info] [#0:script\workspace\loading.lua:100]: Preload file at: file:///c%3A/Users/downloader/AppData/Local/nvim-data/mason/packages/lua-language-server/script/core/diagnostics/assign-type-mismatch.lua , size = 3.208 KB
[12:25:48.682][info] [#0:script\workspace\loading.lua:100]: Preload file at: file:///c%3A/Users/downloader/AppData/Local/nvim-data/mason/packages/lua-language-server/script/core/diagnostics/await-in-sync.lua , size = 0.818 KB
[12:25:48.682][info] [#0:script\workspace\loading.lua:100]: Preload file at: file:///c%3A/Users/downloader/AppData/Local/nvim-data/mason/packages/lua-language-server/script/core/diagnostics/cast-local-type.lua , size = 1.731 KB
[12:25:48.683][info] [#0:script\workspace\loading.lua:100]: Preload file at: file:///c%3A/Users/downloader/AppData/Local/nvim-data/mason/packages/lua-language-server/script/core/diagnostics/cast-type-mismatch.lua , size = 1.683 KB
[12:25:48.684][info] [#0:script\workspace\loading.lua:100]: Preload file at: file:///c%3A/Users/downloader/AppData/Local/nvim-data/mason/packages/lua-language-server/script/core/diagnostics/circle-doc-class.lua , size = 1.942 KB
[12:25:48.685][info] [#0:script\workspace\loading.lua:100]: Preload file at: file:///c%3A/Users/downloader/AppData/Local/nvim-data/mason/packages/lua-language-server/script/core/diagnostics/close-non-object.lua , size = 1.176 KB
[12:25:48.685][info] [#0:script\workspace\loading.lua:100]: Preload file at: file:///c%3A/Users/downloader/AppData/Local/nvim-data/mason/packages/lua-language-server/script/core/diagnostics/code-after-break.lua , size = 1.076 KB
[12:25:48.686][info] [#0:script\workspace\loading.lua:100]: Preload file at: file:///c%3A/Users/downloader/AppData/Local/nvim-data/mason/packages/lua-language-server/script/core/diagnostics/codestyle-check.lua , size = 1.064 KB
[12:25:48.687][info] [#0:script\workspace\loading.lua:100]: Preload file at: file:///c%3A/Users/downloader/AppData/Local/nvim-data/mason/packages/lua-language-server/script/core/diagnostics/count-down-loop.lua , size = 1.831 KB
[12:25:48.687][info] [#0:script\workspace\loading.lua:100]: Preload file at: file:///c%3A/Users/downloader/AppData/Local/nvim-data/mason/packages/lua-language-server/script/core/diagnostics/deprecated.lua , size = 2.449 KB
[12:25:48.688][info] [#0:script\workspace\loading.lua:100]: Preload file at: file:///c%3A/Users/downloader/AppData/Local/nvim-data/mason/packages/lua-language-server/script/core/diagnostics/different-requires.lua , size = 1.660 KB
[12:25:48.689][info] [#0:script\workspace\loading.lua:100]: Preload file at: file:///c%3A/Users/downloader/AppData/Local/nvim-data/mason/packages/lua-language-server/script/core/diagnostics/discard-returns.lua , size = 0.810 KB
[12:25:48.689][info] [#0:script\workspace\loading.lua:100]: Preload file at: file:///c%3A/Users/downloader/AppData/Local/nvim-data/mason/packages/lua-language-server/script/core/diagnostics/doc-field-no-class.lua , size = 0.987 KB
[12:25:48.690][info] [#0:script\workspace\loading.lua:100]: Preload file at: file:///c%3A/Users/downloader/AppData/Local/nvim-data/mason/packages/lua-language-server/script/core/diagnostics/duplicate-doc-alias.lua , size = 1.780 KB
[12:25:48.691][info] [#0:script\workspace\loading.lua:100]: Preload file at: file:///c%3A/Users/downloader/AppData/Local/nvim-data/mason/packages/lua-language-server/script/core/diagnostics/duplicate-doc-field.lua , size = 2.504 KB
[12:25:48.692][info] [#0:script\workspace\loading.lua:100]: Preload file at: file:///c%3A/Users/downloader/AppData/Local/nvim-data/mason/packages/lua-language-server/script/core/diagnostics/duplicate-doc-param.lua , size = 0.983 KB
[12:25:48.692][info] [#0:script\workspace\loading.lua:100]: Preload file at: file:///c%3A/Users/downloader/AppData/Local/nvim-data/mason/packages/lua-language-server/script/core/diagnostics/duplicate-index.lua , size = 2.223 KB
[12:25:48.693][info] [#0:script\workspace\loading.lua:100]: Preload file at: file:///c%3A/Users/downloader/AppData/Local/nvim-data/mason/packages/lua-language-server/script/core/diagnostics/duplicate-set-field.lua , size = 2.576 KB
[12:25:48.694][info] [#0:script\workspace\loading.lua:100]: Preload file at: file:///c%3A/Users/downloader/AppData/Local/nvim-data/mason/packages/lua-language-server/script/core/diagnostics/empty-block.lua , size = 1.527 KB
[12:25:48.695][info] [#0:script\workspace\loading.lua:100]: Preload file at: file:///c%3A/Users/downloader/AppData/Local/nvim-data/mason/packages/lua-language-server/script/core/diagnostics/global-element.lua , size = 2.276 KB
[12:25:48.696][info] [#0:script\workspace\loading.lua:100]: Preload file at: file:///c%3A/Users/downloader/AppData/Local/nvim-data/mason/packages/lua-language-server/script/core/diagnostics/global-in-nil-env.lua , size = 1.123 KB
[12:25:48.696][info] [#0:script\workspace\loading.lua:100]: Preload file at: file:///c%3A/Users/downloader/AppData/Local/nvim-data/mason/packages/lua-language-server/script/core/diagnostics/helper/missing-doc-helper.lua , size = 2.194 KB
[12:25:48.697][info] [#0:script\workspace\loading.lua:100]: Preload file at: file:///c%3A/Users/downloader/AppData/Local/nvim-data/mason/packages/lua-language-server/script/core/diagnostics/incomplete-signature-doc.lua , size = 2.980 KB
[12:25:48.698][info] [#0:script\workspace\loading.lua:100]: Preload file at: file:///c%3A/Users/downloader/AppData/Local/nvim-data/mason/packages/lua-language-server/script/core/diagnostics/init.lua , size = 5.634 KB
[12:25:48.701][info] [#0:script\workspace\loading.lua:100]: Preload file at: file:///c%3A/Users/downloader/AppData/Local/nvim-data/mason/packages/lua-language-server/script/core/diagnostics/inject-field.lua , size = 4.316 KB
[12:25:48.703][info] [#0:script\workspace\loading.lua:100]: Preload file at: file:///c%3A/Users/downloader/AppData/Local/nvim-data/mason/packages/lua-language-server/script/core/diagnostics/invisible.lua , size = 2.405 KB
[12:25:48.703][info] [#0:script\workspace\loading.lua:100]: Preload file at: file:///c%3A/Users/downloader/AppData/Local/nvim-data/mason/packages/lua-language-server/script/core/diagnostics/lowercase-global.lua , size = 2.417 KB
[12:25:48.704][info] [#0:script\workspace\loading.lua:100]: Preload file at: file:///c%3A/Users/downloader/AppData/Local/nvim-data/mason/packages/lua-language-server/script/core/diagnostics/missing-fields.lua , size = 4.341 KB
[12:25:48.706][info] [#0:script\workspace\loading.lua:100]: Preload file at: file:///c%3A/Users/downloader/AppData/Local/nvim-data/mason/packages/lua-language-server/script/core/diagnostics/missing-global-doc.lua , size = 0.706 KB
[12:25:48.706][info] [#0:script\workspace\loading.lua:100]: Preload file at: file:///c%3A/Users/downloader/AppData/Local/nvim-data/mason/packages/lua-language-server/script/core/diagnostics/missing-local-export-doc.lua , size = 1.469 KB
[12:25:48.707][info] [#0:script\workspace\loading.lua:100]: Preload file at: file:///c%3A/Users/downloader/AppData/Local/nvim-data/mason/packages/lua-language-server/script/core/diagnostics/missing-parameter.lua , size = 0.819 KB
[12:25:48.707][info] [#0:script\workspace\loading.lua:100]: Preload file at: file:///c%3A/Users/downloader/AppData/Local/nvim-data/mason/packages/lua-language-server/script/core/diagnostics/missing-return-value.lua , size = 1.579 KB
[12:25:48.708][info] [#0:script\workspace\loading.lua:100]: Preload file at: file:///c%3A/Users/downloader/AppData/Local/nvim-data/mason/packages/lua-language-server/script/core/diagnostics/missing-return.lua , size = 1.972 KB
[12:25:48.709][info] [#0:script\workspace\loading.lua:100]: Preload file at: file:///c%3A/Users/downloader/AppData/Local/nvim-data/mason/packages/lua-language-server/script/core/diagnostics/name-style-check.lua , size = 0.963 KB
[12:25:48.710][info] [#0:script\workspace\loading.lua:100]: Preload file at: file:///c%3A/Users/downloader/AppData/Local/nvim-data/mason/packages/lua-language-server/script/core/diagnostics/need-check-nil.lua , size = 1.410 KB
[12:25:48.710][info] [#0:script\workspace\loading.lua:100]: Preload file at: file:///c%3A/Users/downloader/AppData/Local/nvim-data/mason/packages/lua-language-server/script/core/diagnostics/newfield-call.lua , size = 1.529 KB
[12:25:48.711][info] [#0:script\workspace\loading.lua:100]: Preload file at: file:///c%3A/Users/downloader/AppData/Local/nvim-data/mason/packages/lua-language-server/script/core/diagnostics/newline-call.lua , size = 1.536 KB
[12:25:48.712][info] [#0:script\workspace\loading.lua:100]: Preload file at: file:///c%3A/Users/downloader/AppData/Local/nvim-data/mason/packages/lua-language-server/script/core/diagnostics/no-unknown.lua , size = 0.810 KB
[12:25:48.712][info] [#0:script\workspace\loading.lua:100]: Preload file at: file:///c%3A/Users/downloader/AppData/Local/nvim-data/mason/packages/lua-language-server/script/core/diagnostics/not-yieldable.lua , size = 1.856 KB
[12:25:48.713][info] [#0:script\workspace\loading.lua:100]: Preload file at: file:///c%3A/Users/downloader/AppData/Local/nvim-data/mason/packages/lua-language-server/script/core/diagnostics/param-type-mismatch.lua , size = 3.595 KB
[12:25:48.715][info] [#0:script\workspace\loading.lua:100]: Preload file at: file:///c%3A/Users/downloader/AppData/Local/nvim-data/mason/packages/lua-language-server/script/core/diagnostics/redefined-local.lua , size = 1.007 KB
[12:25:48.715][info] [#0:script\workspace\loading.lua:100]: Preload file at: file:///c%3A/Users/downloader/AppData/Local/nvim-data/mason/packages/lua-language-server/script/core/diagnostics/redundant-parameter.lua , size = 2.363 KB
[12:25:48.716][info] [#0:script\workspace\loading.lua:100]: Preload file at: file:///c%3A/Users/downloader/AppData/Local/nvim-data/mason/packages/lua-language-server/script/core/diagnostics/redundant-return-value.lua , size = 1.931 KB
[12:25:48.718][info] [#0:script\workspace\loading.lua:100]: Preload file at: file:///c%3A/Users/downloader/AppData/Local/nvim-data/mason/packages/lua-language-server/script/core/diagnostics/redundant-return.lua , size = 0.790 KB
[12:25:48.719][info] [#0:script\workspace\loading.lua:100]: Preload file at: file:///c%3A/Users/downloader/AppData/Local/nvim-data/mason/packages/lua-language-server/script/core/diagnostics/redundant-value.lua , size = 0.774 KB
[12:25:48.719][info] [#0:script\workspace\loading.lua:100]: Preload file at: file:///c%3A/Users/downloader/AppData/Local/nvim-data/mason/packages/lua-language-server/script/core/diagnostics/return-type-mismatch.lua , size = 2.935 KB
[12:25:48.721][info] [#0:script\workspace\loading.lua:100]: Preload file at: file:///c%3A/Users/downloader/AppData/Local/nvim-data/mason/packages/lua-language-server/script/core/diagnostics/spell-check.lua , size = 0.949 KB
[12:25:48.721][info] [#0:script\workspace\loading.lua:100]: Preload file at: file:///c%3A/Users/downloader/AppData/Local/nvim-data/mason/packages/lua-language-server/script/core/diagnostics/trailing-space.lua , size = 1.745 KB
[12:25:48.722][info] [#0:script\workspace\loading.lua:100]: Preload file at: file:///c%3A/Users/downloader/AppData/Local/nvim-data/mason/packages/lua-language-server/script/core/diagnostics/unbalanced-assignments.lua , size = 1.145 KB
[12:25:48.723][info] [#0:script\workspace\loading.lua:100]: Preload file at: file:///c%3A/Users/downloader/AppData/Local/nvim-data/mason/packages/lua-language-server/script/core/diagnostics/undefined-doc-class.lua , size = 1.501 KB
[12:25:48.723][info] [#0:script\workspace\loading.lua:100]: Preload file at: file:///c%3A/Users/downloader/AppData/Local/nvim-data/mason/packages/lua-language-server/script/core/diagnostics/undefined-doc-name.lua , size = 0.966 KB
[12:25:48.724][info] [#0:script\workspace\loading.lua:100]: Preload file at: file:///c%3A/Users/downloader/AppData/Local/nvim-data/mason/packages/lua-language-server/script/core/diagnostics/undefined-doc-param.lua , size = 0.592 KB
[12:25:48.724][info] [#0:script\workspace\loading.lua:100]: Preload file at: file:///c%3A/Users/downloader/AppData/Local/nvim-data/mason/packages/lua-language-server/script/core/diagnostics/undefined-env-child.lua , size = 1.158 KB
[12:25:48.725][info] [#0:script\workspace\loading.lua:100]: Preload file at: file:///c%3A/Users/downloader/AppData/Local/nvim-data/mason/packages/lua-language-server/script/core/diagnostics/undefined-field.lua , size = 2.605 KB
[12:25:48.726][info] [#0:script\workspace\loading.lua:100]: Preload file at: file:///c%3A/Users/downloader/AppData/Local/nvim-data/mason/packages/lua-language-server/script/core/diagnostics/undefined-global.lua , size = 1.056 KB
[12:25:48.726][info] [#0:script\workspace\loading.lua:100]: Preload file at: file:///c%3A/Users/downloader/AppData/Local/nvim-data/mason/packages/lua-language-server/script/core/diagnostics/unknown-cast-variable.lua , size = 0.812 KB
[12:25:48.727][info] [#0:script\workspace\loading.lua:100]: Preload file at: file:///c%3A/Users/downloader/AppData/Local/nvim-data/mason/packages/lua-language-server/script/core/diagnostics/unknown-diag-code.lua , size = 0.914 KB
[12:25:48.727][info] [#0:script\workspace\loading.lua:100]: Preload file at: file:///c%3A/Users/downloader/AppData/Local/nvim-data/mason/packages/lua-language-server/script/core/diagnostics/unknown-operator.lua , size = 0.905 KB
[12:25:48.728][info] [#0:script\workspace\loading.lua:100]: Preload file at: file:///c%3A/Users/downloader/AppData/Local/nvim-data/mason/packages/lua-language-server/script/core/diagnostics/unnecessary-assert.lua , size = 0.890 KB
[12:25:48.728][info] [#0:script\workspace\loading.lua:100]: Preload file at: file:///c%3A/Users/downloader/AppData/Local/nvim-data/mason/packages/lua-language-server/script/core/diagnostics/unreachable-code.lua , size = 2.323 KB
[12:25:48.729][info] [#0:script\workspace\loading.lua:100]: Preload file at: file:///c%3A/Users/downloader/AppData/Local/nvim-data/mason/packages/lua-language-server/script/core/diagnostics/unused-function.lua , size = 3.395 KB
[12:25:48.731][info] [#0:script\workspace\loading.lua:100]: Preload file at: file:///c%3A/Users/downloader/AppData/Local/nvim-data/mason/packages/lua-language-server/script/core/diagnostics/unused-label.lua , size = 0.631 KB
[12:25:48.731][info] [#0:script\workspace\loading.lua:100]: Preload file at: file:///c%3A/Users/downloader/AppData/Local/nvim-data/mason/packages/lua-language-server/script/core/diagnostics/unused-local.lua , size = 3.340 KB
[12:25:48.732][info] [#0:script\workspace\loading.lua:100]: Preload file at: file:///c%3A/Users/downloader/AppData/Local/nvim-data/mason/packages/lua-language-server/script/core/diagnostics/unused-vararg.lua , size = 1.037 KB
[12:25:48.733][info] [#0:script\workspace\loading.lua:100]: Preload file at: file:///c%3A/Users/downloader/AppData/Local/nvim-data/mason/packages/lua-language-server/script/core/document-symbol.lua , size = 14.052 KB
[12:25:48.738][info] [#0:script\workspace\loading.lua:100]: Preload file at: file:///c%3A/Users/downloader/AppData/Local/nvim-data/mason/packages/lua-language-server/script/core/find-source.lua , size = 0.947 KB
[12:25:48.739][info] [#0:script\workspace\loading.lua:100]: Preload file at: file:///c%3A/Users/downloader/AppData/Local/nvim-data/mason/packages/lua-language-server/script/core/fix-indent.lua , size = 5.119 KB
[12:25:48.741][info] [#0:script\workspace\loading.lua:100]: Preload file at: file:///c%3A/Users/downloader/AppData/Local/nvim-data/mason/packages/lua-language-server/script/core/folding.lua , size = 5.669 KB
[12:25:48.743][info] [#0:script\workspace\loading.lua:100]: Preload file at: file:///c%3A/Users/downloader/AppData/Local/nvim-data/mason/packages/lua-language-server/script/core/formatting.lua , size = 0.762 KB
[12:25:48.744][info] [#0:script\workspace\loading.lua:100]: Preload file at: file:///c%3A/Users/downloader/AppData/Local/nvim-data/mason/packages/lua-language-server/script/core/highlight.lua , size = 11.793 KB
[12:25:48.748][info] [#0:script\workspace\loading.lua:100]: Preload file at: file:///c%3A/Users/downloader/AppData/Local/nvim-data/mason/packages/lua-language-server/script/core/hint.lua , size = 9.564 KB
[12:25:48.751][info] [#0:script\workspace\loading.lua:100]: Preload file at: file:///c%3A/Users/downloader/AppData/Local/nvim-data/mason/packages/lua-language-server/script/core/hover/args.lua , size = 2.763 KB
[12:25:48.752][info] [#0:script\workspace\loading.lua:100]: Preload file at: file:///c%3A/Users/downloader/AppData/Local/nvim-data/mason/packages/lua-language-server/script/core/hover/description.lua , size = 16.369 KB
[12:25:48.759][info] [#0:script\workspace\loading.lua:100]: Preload file at: file:///c%3A/Users/downloader/AppData/Local/nvim-data/mason/packages/lua-language-server/script/core/hover/init.lua , size = 4.732 KB
[12:25:48.761][info] [#0:script\workspace\loading.lua:100]: Preload file at: file:///c%3A/Users/downloader/AppData/Local/nvim-data/mason/packages/lua-language-server/script/core/hover/label.lua , size = 6.846 KB
[12:25:48.764][info] [#0:script\workspace\loading.lua:100]: Preload file at: file:///c%3A/Users/downloader/AppData/Local/nvim-data/mason/packages/lua-language-server/script/core/hover/name.lua , size = 2.704 KB
[12:25:48.765][info] [#0:script\workspace\loading.lua:100]: Preload file at: file:///c%3A/Users/downloader/AppData/Local/nvim-data/mason/packages/lua-language-server/script/core/hover/return.lua , size = 2.241 KB
[12:25:48.766][info] [#0:script\workspace\loading.lua:100]: Preload file at: file:///c%3A/Users/downloader/AppData/Local/nvim-data/mason/packages/lua-language-server/script/core/hover/table.lua , size = 6.438 KB
[12:25:48.769][info] [#0:script\workspace\loading.lua:100]: Preload file at: file:///c%3A/Users/downloader/AppData/Local/nvim-data/mason/packages/lua-language-server/script/core/implementation.lua , size = 4.357 KB
[12:25:48.770][info] [#0:script\workspace\loading.lua:100]: Preload file at: file:///c%3A/Users/downloader/AppData/Local/nvim-data/mason/packages/lua-language-server/script/core/jump-source.lua , size = 2.018 KB
[12:25:48.771][info] [#0:script\workspace\loading.lua:100]: Preload file at: file:///c%3A/Users/downloader/AppData/Local/nvim-data/mason/packages/lua-language-server/script/core/look-backward.lua , size = 2.377 KB
[12:25:48.773][info] [#0:script\workspace\loading.lua:100]: Preload file at: file:///c%3A/Users/downloader/AppData/Local/nvim-data/mason/packages/lua-language-server/script/core/matchkey.lua , size = 2.026 KB
[12:25:48.774][info] [#0:script\workspace\loading.lua:100]: Preload file at: file:///c%3A/Users/downloader/AppData/Local/nvim-data/mason/packages/lua-language-server/script/core/modifyRequirePath.lua , size = 2.131 KB
[12:25:48.775][info] [#0:script\workspace\loading.lua:100]: Preload file at: file:///c%3A/Users/downloader/AppData/Local/nvim-data/mason/packages/lua-language-server/script/core/rangeformatting.lua , size = 0.909 KB
[12:25:48.775][info] [#0:script\workspace\loading.lua:100]: Preload file at: file:///c%3A/Users/downloader/AppData/Local/nvim-data/mason/packages/lua-language-server/script/core/reference.lua , size = 4.304 KB
[12:25:48.777][info] [#0:script\workspace\loading.lua:100]: Preload file at: file:///c%3A/Users/downloader/AppData/Local/nvim-data/mason/packages/lua-language-server/script/core/rename.lua , size = 13.655 KB
[12:25:48.782][info] [#0:script\workspace\loading.lua:100]: Preload file at: file:///c%3A/Users/downloader/AppData/Local/nvim-data/mason/packages/lua-language-server/script/core/semantic-tokens.lua , size = 31.605 KB
[12:25:48.791][info] [#0:script\workspace\loading.lua:100]: Preload file at: file:///c%3A/Users/downloader/AppData/Local/nvim-data/mason/packages/lua-language-server/script/core/signature.lua , size = 6.986 KB
[12:25:48.794][info] [#0:script\workspace\loading.lua:100]: Preload file at: file:///c%3A/Users/downloader/AppData/Local/nvim-data/mason/packages/lua-language-server/script/core/substring.lua , size = 0.341 KB
[12:25:48.794][info] [#0:script\workspace\loading.lua:100]: Preload file at: file:///c%3A/Users/downloader/AppData/Local/nvim-data/mason/packages/lua-language-server/script/core/type-definition.lua , size = 4.578 KB
[12:25:48.796][info] [#0:script\workspace\loading.lua:100]: Preload file at: file:///c%3A/Users/downloader/AppData/Local/nvim-data/mason/packages/lua-language-server/script/core/type-formatting.lua , size = 1.420 KB
[12:25:48.797][info] [#0:script\workspace\loading.lua:100]: Preload file at: file:///c%3A/Users/downloader/AppData/Local/nvim-data/mason/packages/lua-language-server/script/core/view/psi-select.lua , size = 0.354 KB
[12:25:48.797][info] [#0:script\workspace\loading.lua:100]: Preload file at: file:///c%3A/Users/downloader/AppData/Local/nvim-data/mason/packages/lua-language-server/script/core/view/psi-view.lua , size = 2.707 KB
[12:25:48.799][info] [#0:script\workspace\loading.lua:100]: Preload file at: file:///c%3A/Users/downloader/AppData/Local/nvim-data/mason/packages/lua-language-server/script/core/workspace-symbol.lua , size = 4.682 KB
[12:25:48.800][info] [#0:script\workspace\loading.lua:100]: Preload file at: file:///c%3A/Users/downloader/AppData/Local/nvim-data/mason/packages/lua-language-server/script/doctor.lua , size = 17.775 KB
[12:25:48.807][info] [#0:script\workspace\loading.lua:100]: Preload file at: file:///c%3A/Users/downloader/AppData/Local/nvim-data/mason/packages/lua-language-server/script/encoder/ansi.lua , size = 0.389 KB
[12:25:48.807][info] [#0:script\workspace\loading.lua:100]: Preload file at: file:///c%3A/Users/downloader/AppData/Local/nvim-data/mason/packages/lua-language-server/script/encoder/init.lua , size = 3.257 KB
[12:25:48.809][info] [#0:script\workspace\loading.lua:100]: Preload file at: file:///c%3A/Users/downloader/AppData/Local/nvim-data/mason/packages/lua-language-server/script/encoder/utf16.lua , size = 4.350 KB
[12:25:48.811][info] [#0:script\workspace\loading.lua:100]: Preload file at: file:///c%3A/Users/downloader/AppData/Local/nvim-data/mason/packages/lua-language-server/script/file-uri.lua , size = 2.812 KB
[12:25:48.812][info] [#0:script\workspace\loading.lua:100]: Preload file at: file:///c%3A/Users/downloader/AppData/Local/nvim-data/mason/packages/lua-language-server/script/files.lua , size = 26.461 KB
[12:25:48.824][info] [#0:script\workspace\loading.lua:100]: Preload file at: file:///c%3A/Users/downloader/AppData/Local/nvim-data/mason/packages/lua-language-server/script/filewatch.lua , size = 3.291 KB
[12:25:48.825][info] [#0:script\workspace\loading.lua:100]: Preload file at: file:///c%3A/Users/downloader/AppData/Local/nvim-data/mason/packages/lua-language-server/script/fs-utility.lua , size = 16.996 KB
[12:25:48.833][info] [#0:script\workspace\loading.lua:100]: Preload file at: file:///c%3A/Users/downloader/AppData/Local/nvim-data/mason/packages/lua-language-server/script/gc.lua , size = 3.054 KB
[12:25:48.834][info] [#0:script\workspace\loading.lua:100]: Preload file at: file:///c%3A/Users/downloader/AppData/Local/nvim-data/mason/packages/lua-language-server/script/glob/gitignore.lua , size = 6.890 KB
[12:25:48.838][info] [#0:script\workspace\loading.lua:100]: Preload file at: file:///c%3A/Users/downloader/AppData/Local/nvim-data/mason/packages/lua-language-server/script/glob/glob.lua , size = 3.483 KB
[12:25:48.840][info] [#0:script\workspace\loading.lua:100]: Preload file at: file:///c%3A/Users/downloader/AppData/Local/nvim-data/mason/packages/lua-language-server/script/glob/init.lua , size = 0.087 KB
[12:25:48.840][info] [#0:script\workspace\loading.lua:100]: Preload file at: file:///c%3A/Users/downloader/AppData/Local/nvim-data/mason/packages/lua-language-server/script/glob/matcher.lua , size = 3.651 KB
[12:25:48.842][info] [#0:script\workspace\loading.lua:100]: Preload file at: file:///c%3A/Users/downloader/AppData/Local/nvim-data/mason/packages/lua-language-server/script/global.d.lua , size = 2.640 KB
[12:25:48.843][info] [#0:script\workspace\loading.lua:100]: Preload file at: file:///c%3A/Users/downloader/AppData/Local/nvim-data/mason/packages/lua-language-server/script/inspect.lua , size = 8.601 KB
[12:25:48.847][info] [#0:script\workspace\loading.lua:100]: Preload file at: file:///c%3A/Users/downloader/AppData/Local/nvim-data/mason/packages/lua-language-server/script/json-beautify.lua , size = 4.766 KB
[12:25:48.849][info] [#0:script\workspace\loading.lua:100]: Preload file at: file:///c%3A/Users/downloader/AppData/Local/nvim-data/mason/packages/lua-language-server/script/json-edit.lua , size = 20.838 KB
[12:25:48.857][info] [#0:script\workspace\loading.lua:100]: Preload file at: file:///c%3A/Users/downloader/AppData/Local/nvim-data/mason/packages/lua-language-server/script/json.lua , size = 15.403 KB
[12:25:48.863][info] [#0:script\workspace\loading.lua:100]: Preload file at: file:///c%3A/Users/downloader/AppData/Local/nvim-data/mason/packages/lua-language-server/script/jsonc.lua , size = 10.917 KB
[12:25:48.868][info] [#0:script\workspace\loading.lua:100]: Preload file at: file:///c%3A/Users/downloader/AppData/Local/nvim-data/mason/packages/lua-language-server/script/jsonrpc.lua , size = 1.787 KB
[12:25:48.869][info] [#0:script\workspace\loading.lua:100]: Preload file at: file:///c%3A/Users/downloader/AppData/Local/nvim-data/mason/packages/lua-language-server/script/language.lua , size = 3.742 KB
[12:25:48.870][info] [#0:script\workspace\loading.lua:100]: Preload file at: file:///c%3A/Users/downloader/AppData/Local/nvim-data/mason/packages/lua-language-server/script/lazy-cacher.lua , size = 4.631 KB
[12:25:48.873][info] [#0:script\workspace\loading.lua:100]: Preload file at: file:///c%3A/Users/downloader/AppData/Local/nvim-data/mason/packages/lua-language-server/script/lazytable.lua , size = 8.768 KB
[12:25:48.877][info] [#0:script\workspace\loading.lua:100]: Preload file at: file:///c%3A/Users/downloader/AppData/Local/nvim-data/mason/packages/lua-language-server/script/lclient.lua , size = 6.487 KB
[12:25:48.880][info] [#0:script\workspace\loading.lua:100]: Preload file at: file:///c%3A/Users/downloader/AppData/Local/nvim-data/mason/packages/lua-language-server/script/library.lua , size = 20.880 KB
[12:25:48.887][info] [#0:script\workspace\loading.lua:100]: Preload file at: file:///c%3A/Users/downloader/AppData/Local/nvim-data/mason/packages/lua-language-server/script/linked-table.lua , size = 4.548 KB
[12:25:48.890][info] [#0:script\workspace\loading.lua:100]: Preload file at: file:///c%3A/Users/downloader/AppData/Local/nvim-data/mason/packages/lua-language-server/script/locale-loader.lua , size = 0.619 KB
[12:25:48.891][info] [#0:script\workspace\loading.lua:100]: Preload file at: file:///c%3A/Users/downloader/AppData/Local/nvim-data/mason/packages/lua-language-server/script/log.lua , size = 3.856 KB
[12:25:48.893][info] [#0:script\workspace\loading.lua:100]: Preload file at: file:///c%3A/Users/downloader/AppData/Local/nvim-data/mason/packages/lua-language-server/script/meta/bee/channel.lua , size = 0.564 KB
[12:25:48.893][info] [#0:script\workspace\loading.lua:100]: Preload file at: file:///c%3A/Users/downloader/AppData/Local/nvim-data/mason/packages/lua-language-server/script/meta/bee/filesystem.lua , size = 2.018 KB
[12:25:48.894][info] [#0:script\workspace\loading.lua:100]: Preload file at: file:///c%3A/Users/downloader/AppData/Local/nvim-data/mason/packages/lua-language-server/script/meta/bee/filewatch.lua , size = 0.554 KB
[12:25:48.895][info] [#0:script\workspace\loading.lua:100]: Preload file at: file:///c%3A/Users/downloader/AppData/Local/nvim-data/mason/packages/lua-language-server/script/meta/bee/select.lua , size = 1.382 KB
[12:25:48.896][info] [#0:script\workspace\loading.lua:100]: Preload file at: file:///c%3A/Users/downloader/AppData/Local/nvim-data/mason/packages/lua-language-server/script/meta/bee/socket.lua , size = 1.414 KB
[12:25:48.897][info] [#0:script\workspace\loading.lua:100]: Preload file at: file:///c%3A/Users/downloader/AppData/Local/nvim-data/mason/packages/lua-language-server/script/meta/bee/sys.lua , size = 0.248 KB
[12:25:48.898][info] [#0:script\workspace\loading.lua:100]: Preload file at: file:///c%3A/Users/downloader/AppData/Local/nvim-data/mason/packages/lua-language-server/script/meta/bee/thread.lua , size = 1.066 KB
[12:25:48.900][info] [#0:script\workspace\loading.lua:100]: Preload file at: file:///c%3A/Users/downloader/AppData/Local/nvim-data/mason/packages/lua-language-server/script/parser/guide.lua , size = 36.649 KB
[12:25:48.912][info] [#0:script\workspace\loading.lua:100]: Preload file at: file:///c%3A/Users/downloader/AppData/Local/nvim-data/mason/packages/lua-language-server/script/parser/compile.lua , size = 129.059 KB
[12:25:48.956][info] [#0:script\workspace\loading.lua:100]: Preload file at: file:///c%3A/Users/downloader/AppData/Local/nvim-data/mason/packages/lua-language-server/script/parser/init.lua , size = 0.205 KB
[12:25:48.956][info] [#0:script\workspace\loading.lua:100]: Preload file at: file:///c%3A/Users/downloader/AppData/Local/nvim-data/mason/packages/lua-language-server/script/parser/lines.lua , size = 0.540 KB
[12:25:48.957][info] [#0:script\workspace\loading.lua:100]: Preload file at: file:///c%3A/Users/downloader/AppData/Local/nvim-data/mason/packages/lua-language-server/script/parser/luadoc.lua , size = 66.346 KB
[12:25:48.977][info] [#0:script\workspace\loading.lua:100]: Preload file at: file:///c%3A/Users/downloader/AppData/Local/nvim-data/mason/packages/lua-language-server/script/parser/relabel.lua , size = 9.999 KB
[12:25:48.982][info] [#0:script\workspace\loading.lua:100]: Preload file at: file:///c%3A/Users/downloader/AppData/Local/nvim-data/mason/packages/lua-language-server/script/parser/tokens.lua , size = 1.302 KB
[12:25:48.983][info] [#0:script\workspace\loading.lua:100]: Preload file at: file:///c%3A/Users/downloader/AppData/Local/nvim-data/mason/packages/lua-language-server/script/plugin.lua , size = 5.312 KB
[12:25:48.985][info] [#0:script\workspace\loading.lua:100]: Preload file at: file:///c%3A/Users/downloader/AppData/Local/nvim-data/mason/packages/lua-language-server/script/plugins/astHelper.lua , size = 2.740 KB
[12:25:48.987][info] [#0:script\workspace\loading.lua:100]: Preload file at: file:///c%3A/Users/downloader/AppData/Local/nvim-data/mason/packages/lua-language-server/script/plugins/ffi/c-parser/c99.lua , size = 26.147 KB
[12:25:48.990][info] [#0:script\workspace\loading.lua:100]: Preload file at: file:///c%3A/Users/downloader/AppData/Local/nvim-data/mason/packages/lua-language-server/script/plugins/ffi/c-parser/cdefines.lua , size = 4.217 KB
[12:25:48.992][info] [#0:script\workspace\loading.lua:100]: Preload file at: file:///c%3A/Users/downloader/AppData/Local/nvim-data/mason/packages/lua-language-server/script/plugins/ffi/c-parser/cdriver.lua , size = 1.557 KB
[12:25:48.993][info] [#0:script\workspace\loading.lua:100]: Preload file at: file:///c%3A/Users/downloader/AppData/Local/nvim-data/mason/packages/lua-language-server/script/plugins/ffi/c-parser/cpp.lua , size = 28.580 KB
[12:25:49.003][info] [#0:script\workspace\loading.lua:100]: Preload file at: file:///c%3A/Users/downloader/AppData/Local/nvim-data/mason/packages/lua-language-server/script/plugins/ffi/c-parser/ctypes.lua , size = 17.174 KB
[12:25:49.010][info] [#0:script\workspace\loading.lua:100]: Preload file at: file:///c%3A/Users/downloader/AppData/Local/nvim-data/mason/packages/lua-language-server/script/plugins/ffi/c-parser/typed.lua , size = 4.283 KB
[12:25:49.012][info] [#0:script\workspace\loading.lua:100]: Preload file at: file:///c%3A/Users/downloader/AppData/Local/nvim-data/mason/packages/lua-language-server/script/plugins/ffi/c-parser/util.lua , size = 0.502 KB
[12:25:49.012][info] [#0:script\workspace\loading.lua:100]: Preload file at: file:///c%3A/Users/downloader/AppData/Local/nvim-data/mason/packages/lua-language-server/script/plugins/ffi/cdefRerence.lua , size = 1.060 KB
[12:25:49.013][info] [#0:script\workspace\loading.lua:100]: Preload file at: file:///c%3A/Users/downloader/AppData/Local/nvim-data/mason/packages/lua-language-server/script/plugins/ffi/init.lua , size = 10.542 KB
[12:25:49.017][info] [#0:script\workspace\loading.lua:100]: Preload file at: file:///c%3A/Users/downloader/AppData/Local/nvim-data/mason/packages/lua-language-server/script/plugins/ffi/searchCode.lua , size = 1.808 KB
[12:25:49.018][info] [#0:script\workspace\loading.lua:100]: Preload file at: file:///c%3A/Users/downloader/AppData/Local/nvim-data/mason/packages/lua-language-server/script/plugins/init.lua , size = 0.021 KB
[12:25:49.018][info] [#0:script\workspace\loading.lua:100]: Preload file at: file:///c%3A/Users/downloader/AppData/Local/nvim-data/mason/packages/lua-language-server/script/plugins/nodeHelper.lua , size = 1.950 KB
[12:25:49.019][info] [#0:script\workspace\loading.lua:100]: Preload file at: file:///c%3A/Users/downloader/AppData/Local/nvim-data/mason/packages/lua-language-server/script/progress.lua , size = 4.203 KB
[12:25:49.021][info] [#0:script\workspace\loading.lua:100]: Preload file at: file:///c%3A/Users/downloader/AppData/Local/nvim-data/mason/packages/lua-language-server/script/proto/converter.lua , size = 6.233 KB
[12:25:49.024][info] [#0:script\workspace\loading.lua:100]: Preload file at: file:///c%3A/Users/downloader/AppData/Local/nvim-data/mason/packages/lua-language-server/script/proto/define.lua , size = 4.329 KB
[12:25:49.026][info] [#0:script\workspace\loading.lua:100]: Preload file at: file:///c%3A/Users/downloader/AppData/Local/nvim-data/mason/packages/lua-language-server/script/proto/diagnostic.lua , size = 6.345 KB
[12:25:49.028][info] [#0:script\workspace\loading.lua:100]: Preload file at: file:///c%3A/Users/downloader/AppData/Local/nvim-data/mason/packages/lua-language-server/script/proto/init.lua , size = 0.054 KB
[12:25:49.028][info] [#0:script\workspace\loading.lua:100]: Preload file at: file:///c%3A/Users/downloader/AppData/Local/nvim-data/mason/packages/lua-language-server/script/proto/proto.lua , size = 7.707 KB
[12:25:49.031][info] [#0:script\workspace\loading.lua:100]: Preload file at: file:///c%3A/Users/downloader/AppData/Local/nvim-data/mason/packages/lua-language-server/script/provider/build-meta.lua , size = 4.453 KB
[12:25:49.034][info] [#0:script\workspace\loading.lua:100]: Preload file at: file:///c%3A/Users/downloader/AppData/Local/nvim-data/mason/packages/lua-language-server/script/provider/capability.lua , size = 2.025 KB
[12:25:49.035][info] [#0:script\workspace\loading.lua:100]: Preload file at: file:///c%3A/Users/downloader/AppData/Local/nvim-data/mason/packages/lua-language-server/script/provider/code-lens.lua , size = 0.712 KB
[12:25:49.035][info] [#0:script\workspace\loading.lua:100]: Preload file at: file:///c%3A/Users/downloader/AppData/Local/nvim-data/mason/packages/lua-language-server/script/provider/completion.lua , size = 2.653 KB
[12:25:49.036][info] [#0:script\workspace\loading.lua:100]: Preload file at: file:///c%3A/Users/downloader/AppData/Local/nvim-data/mason/packages/lua-language-server/script/provider/diagnostic.lua , size = 19.460 KB
[12:25:49.044][info] [#0:script\workspace\loading.lua:100]: Preload file at: file:///c%3A/Users/downloader/AppData/Local/nvim-data/mason/packages/lua-language-server/script/provider/formatting.lua , size = 2.703 KB
[12:25:49.045][info] [#0:script\workspace\loading.lua:100]: Preload file at: file:///c%3A/Users/downloader/AppData/Local/nvim-data/mason/packages/lua-language-server/script/provider/init.lua , size = 0.065 KB
[12:25:49.045][info] [#0:script\workspace\loading.lua:100]: Preload file at: file:///c%3A/Users/downloader/AppData/Local/nvim-data/mason/packages/lua-language-server/script/provider/inlay-hint.lua , size = 0.713 KB
[12:25:49.046][info] [#0:script\workspace\loading.lua:100]: Preload file at: file:///c%3A/Users/downloader/AppData/Local/nvim-data/mason/packages/lua-language-server/script/provider/language-configuration.lua , size = 3.586 KB
[12:25:49.047][info] [#0:script\workspace\loading.lua:100]: Preload file at: file:///c%3A/Users/downloader/AppData/Local/nvim-data/mason/packages/lua-language-server/script/provider/markdown.lua , size = 4.388 KB
[12:25:49.049][info] [#0:script\workspace\loading.lua:100]: Preload file at: file:///c%3A/Users/downloader/AppData/Local/nvim-data/mason/packages/lua-language-server/script/provider/name-style.lua , size = 0.588 KB
[12:25:49.049][info] [#0:script\workspace\loading.lua:100]: Preload file at: file:///c%3A/Users/downloader/AppData/Local/nvim-data/mason/packages/lua-language-server/script/provider/provider.lua , size = 52.449 KB
[12:25:49.066][info] [#0:script\workspace\loading.lua:100]: Preload file at: file:///c%3A/Users/downloader/AppData/Local/nvim-data/mason/packages/lua-language-server/script/provider/semantic-tokens.lua , size = 0.730 KB
[12:25:49.066][info] [#0:script\workspace\loading.lua:100]: Preload file at: file:///c%3A/Users/downloader/AppData/Local/nvim-data/mason/packages/lua-language-server/script/provider/spell.lua , size = 1.340 KB
[12:25:49.067][info] [#0:script\workspace\loading.lua:100]: Preload file at: file:///c%3A/Users/downloader/AppData/Local/nvim-data/mason/packages/lua-language-server/script/pub/init.lua , size = 0.066 KB
[12:25:49.067][info] [#0:script\workspace\loading.lua:100]: Preload file at: file:///c%3A/Users/downloader/AppData/Local/nvim-data/mason/packages/lua-language-server/script/pub/pub.lua , size = 7.806 KB
[12:25:49.070][info] [#0:script\workspace\loading.lua:100]: Preload file at: file:///c%3A/Users/downloader/AppData/Local/nvim-data/mason/packages/lua-language-server/script/pub/report.lua , size = 0.649 KB
[12:25:49.071][info] [#0:script\workspace\loading.lua:100]: Preload file at: file:///c%3A/Users/downloader/AppData/Local/nvim-data/mason/packages/lua-language-server/script/SDBMHash.lua , size = 1.265 KB
[12:25:49.072][info] [#0:script\workspace\loading.lua:100]: Preload file at: file:///c%3A/Users/downloader/AppData/Local/nvim-data/mason/packages/lua-language-server/script/service/init.lua , size = 0.060 KB
[12:25:49.072][info] [#0:script\workspace\loading.lua:100]: Preload file at: file:///c%3A/Users/downloader/AppData/Local/nvim-data/mason/packages/lua-language-server/script/service/net.lua , size = 6.618 KB
[12:25:49.075][info] [#0:script\workspace\loading.lua:100]: Preload file at: file:///c%3A/Users/downloader/AppData/Local/nvim-data/mason/packages/lua-language-server/script/service/service.lua , size = 8.280 KB
[12:25:49.078][info] [#0:script\workspace\loading.lua:100]: Preload file at: file:///c%3A/Users/downloader/AppData/Local/nvim-data/mason/packages/lua-language-server/script/string-merger.lua , size = 4.207 KB
[12:25:49.084][info] [#0:script\workspace\loading.lua:100]: Preload file at: file:///c%3A/Users/downloader/AppData/Local/nvim-data/mason/packages/lua-language-server/script/text-merger.lua , size = 3.113 KB
[12:25:49.085][info] [#0:script\workspace\loading.lua:100]: Preload file at: file:///c%3A/Users/downloader/AppData/Local/nvim-data/mason/packages/lua-language-server/script/timer.lua , size = 5.251 KB
[12:25:49.088][info] [#0:script\workspace\loading.lua:100]: Preload file at: file:///c%3A/Users/downloader/AppData/Local/nvim-data/mason/packages/lua-language-server/script/tracy.lua , size = 0.687 KB
[12:25:49.088][info] [#0:script\workspace\loading.lua:100]: Preload file at: file:///c%3A/Users/downloader/AppData/Local/nvim-data/mason/packages/lua-language-server/script/utility.lua , size = 32.218 KB
[12:25:49.104][info] [#0:script\workspace\loading.lua:100]: Preload file at: file:///c%3A/Users/downloader/AppData/Local/nvim-data/mason/packages/lua-language-server/script/version.lua , size = 0.575 KB
[12:25:49.104][info] [#0:script\workspace\loading.lua:100]: Preload file at: file:///c%3A/Users/downloader/AppData/Local/nvim-data/mason/packages/lua-language-server/script/vm/compiler.lua , size = 78.203 KB
[12:25:49.129][info] [#0:script\workspace\loading.lua:100]: Preload file at: file:///c%3A/Users/downloader/AppData/Local/nvim-data/mason/packages/lua-language-server/script/vm/def.lua , size = 3.701 KB
[12:25:49.131][info] [#0:script\workspace\loading.lua:100]: Preload file at: file:///c%3A/Users/downloader/AppData/Local/nvim-data/mason/packages/lua-language-server/script/vm/doc.lua , size = 14.421 KB
[12:25:49.136][info] [#0:script\workspace\loading.lua:100]: Preload file at: file:///c%3A/Users/downloader/AppData/Local/nvim-data/mason/packages/lua-language-server/script/vm/field.lua , size = 1.518 KB
[12:25:49.137][info] [#0:script\workspace\loading.lua:100]: Preload file at: file:///c%3A/Users/downloader/AppData/Local/nvim-data/mason/packages/lua-language-server/script/vm/function.lua , size = 15.379 KB
[12:25:49.143][info] [#0:script\workspace\loading.lua:100]: Preload file at: file:///c%3A/Users/downloader/AppData/Local/nvim-data/mason/packages/lua-language-server/script/vm/generic.lua , size = 5.108 KB
[12:25:49.146][info] [#0:script\workspace\loading.lua:100]: Preload file at: file:///c%3A/Users/downloader/AppData/Local/nvim-data/mason/packages/lua-language-server/script/vm/global.lua , size = 20.117 KB
[12:25:49.154][info] [#0:script\workspace\loading.lua:100]: Preload file at: file:///c%3A/Users/downloader/AppData/Local/nvim-data/mason/packages/lua-language-server/script/vm/infer.lua , size = 16.951 KB
[12:25:49.162][info] [#0:script\workspace\loading.lua:100]: Preload file at: file:///c%3A/Users/downloader/AppData/Local/nvim-data/mason/packages/lua-language-server/script/vm/init.lua , size = 0.478 KB
[12:25:49.162][info] [#0:script\workspace\loading.lua:100]: Preload file at: file:///c%3A/Users/downloader/AppData/Local/nvim-data/mason/packages/lua-language-server/script/vm/library.lua , size = 0.321 KB
[12:25:49.163][info] [#0:script\workspace\loading.lua:100]: Preload file at: file:///c%3A/Users/downloader/AppData/Local/nvim-data/mason/packages/lua-language-server/script/vm/node.lua , size = 14.133 KB
[12:25:49.169][info] [#0:script\workspace\loading.lua:100]: Preload file at: file:///c%3A/Users/downloader/AppData/Local/nvim-data/mason/packages/lua-language-server/script/vm/precompile.lua , size = 0.490 KB
[12:25:49.170][info] [#0:script\workspace\loading.lua:100]: Preload file at: file:///c%3A/Users/downloader/AppData/Local/nvim-data/mason/packages/lua-language-server/script/vm/operator.lua , size = 14.407 KB
[12:25:49.175][info] [#0:script\workspace\loading.lua:100]: Preload file at: file:///c%3A/Users/downloader/AppData/Local/nvim-data/mason/packages/lua-language-server/script/vm/ref.lua , size = 9.229 KB
[12:25:49.179][info] [#0:script\workspace\loading.lua:100]: Preload file at: file:///c%3A/Users/downloader/AppData/Local/nvim-data/mason/packages/lua-language-server/script/vm/sign.lua , size = 12.037 KB
[12:25:49.183][info] [#0:script\workspace\loading.lua:100]: Preload file at: file:///c%3A/Users/downloader/AppData/Local/nvim-data/mason/packages/lua-language-server/script/vm/tracer.lua , size = 30.799 KB
[12:25:49.195][info] [#0:script\workspace\loading.lua:100]: Preload file at: file:///c%3A/Users/downloader/AppData/Local/nvim-data/mason/packages/lua-language-server/script/vm/type.lua , size = 29.842 KB
[12:25:49.205][info] [#0:script\workspace\loading.lua:100]: Preload file at: file:///c%3A/Users/downloader/AppData/Local/nvim-data/mason/packages/lua-language-server/script/vm/value.lua , size = 5.860 KB
[12:25:49.208][info] [#0:script\workspace\loading.lua:100]: Preload file at: file:///c%3A/Users/downloader/AppData/Local/nvim-data/mason/packages/lua-language-server/script/vm/variable.lua , size = 10.958 KB
[12:25:49.213][info] [#0:script\workspace\loading.lua:100]: Preload file at: file:///c%3A/Users/downloader/AppData/Local/nvim-data/mason/packages/lua-language-server/script/vm/visible.lua , size = 5.927 KB
[12:25:49.215][info] [#0:script\workspace\loading.lua:100]: Preload file at: file:///c%3A/Users/downloader/AppData/Local/nvim-data/mason/packages/lua-language-server/script/vm/vm.lua , size = 2.873 KB
[12:25:49.216][info] [#0:script\workspace\loading.lua:100]: Preload file at: file:///c%3A/Users/downloader/AppData/Local/nvim-data/mason/packages/lua-language-server/script/without-check-nil.lua , size = 2.908 KB
[12:25:49.218][info] [#0:script\workspace\loading.lua:100]: Preload file at: file:///c%3A/Users/downloader/AppData/Local/nvim-data/mason/packages/lua-language-server/script/workspace/init.lua , size = 0.067 KB
[12:25:49.218][info] [#0:script\workspace\loading.lua:100]: Preload file at: file:///c%3A/Users/downloader/AppData/Local/nvim-data/mason/packages/lua-language-server/script/workspace/loading.lua , size = 6.687 KB
[12:25:49.221][info] [#0:script\workspace\loading.lua:100]: Preload file at: file:///c%3A/Users/downloader/AppData/Local/nvim-data/mason/packages/lua-language-server/script/workspace/require-path.lua , size = 10.282 KB
[12:25:49.327][info] [#0:script\workspace\loading.lua:100]: Preload file at: file:///c%3A/Users/downloader/AppData/Local/nvim-data/mason/packages/lua-language-server/script/workspace/scope.lua , size = 5.022 KB
[12:25:49.330][info] [#0:script\workspace\loading.lua:100]: Preload file at: file:///c%3A/Users/downloader/AppData/Local/nvim-data/mason/packages/lua-language-server/script/workspace/workspace.lua , size = 17.542 KB
[12:25:49.338][info] [#0:script\workspace\loading.lua:100]: Preload file at: file:///c%3A/Users/downloader/AppData/Local/nvim-data/undo/C%25%25Users%25downloader%25AppData%25Local%25nvim-data%25lua%25custom%25plugins%25treesitter.lua , size = 72.495 KB
[12:25:49.446][info] [#0:script\workspace\loading.lua:172]: Loaded files takes [12.991] sec: file:///c%3A/Users/downloader/AppData/Local/nvim-data
[12:25:49.446][info] [#0:script\workspace\loading.lua:181]: Compile files takes [0.000] sec: file:///c%3A/Users/downloader/AppData/Local/nvim-data
[12:25:49.446][info] [#0:script\workspace\loading.lua:182]: Loaded finish:	file:///c%3A/Users/downloader/AppData/Local/nvim-data
[12:25:49.446][info] [#0:script\workspace\workspace.lua:387]: Preload finish at:	file:///c%3A/Users/downloader/AppData/Local/nvim-data
[12:25:49.685][warn] [#0:script\proto\proto.lua:189]: Method [textDocument/didOpen] takes [15.132]sec. {
  jsonrpc = "2.0",
  method = "textDocument/didOpen",
  params = {
    textDocument = {
      languageId = "lua",
      text = '"***"',
      uri = "file:///C:/Users/downloader/AppData/Local/nvim-data/lua/custom/plugins/treesitter.lua",
      version = 0
    }
  }
}
[12:25:49.811][info] [#0:script\provider\diagnostic.lua:560]: Diagnostics scope [file:///c%3A/Users/downloader/AppData/Local/nvim-data], files count:[3742]
[12:25:49.820][warn] [#0:script\proto\proto.lua:189]: Method [textDocument/documentHighlight] takes [14.819]sec. {
  id = 9,
  jsonrpc = "2.0",
  method = "textDocument/documentHighlight",
  params = {
    position = {
      character = 0,
      line = 1
    },
    textDocument = {
      uri = "file:///C:/Users/downloader/AppData/Local/nvim-data/lua/custom/plugins/treesitter.lua"
    }
  }
}
[12:25:49.827][warn] [#0:script\proto\proto.lua:189]: Method [textDocument/documentHighlight] takes [12.452]sec. {
  id = 10,
  jsonrpc = "2.0",
  method = "textDocument/documentHighlight",
  params = {
    position = {
      character = 0,
      line = 55
    },
    textDocument = {
      uri = "file:///C:/Users/downloader/AppData/Local/nvim-data/lua/custom/plugins/treesitter.lua"
    }
  }
}
[12:25:49.827][warn] [#0:script\proto\proto.lua:189]: Method [textDocument/semanticTokens/full] takes [15.017]sec. {
  id = 8,
  jsonrpc = "2.0",
  method = "textDocument/semanticTokens/full",
  params = {
    textDocument = {
      uri = "file:///C:/Users/downloader/AppData/Local/nvim-data/lua/custom/plugins/treesitter.lua"
    }
  }
}
[12:25:57.979][warn] [#0:script\await.lua:213]: Await step takes [1.284] sec.
[12:25:57.980][warn] [#0:script\core\diagnostics\init.lua:137]: Diagnostics [missing-fields] @ [file:///c%3A/Users/downloader/AppData/Local/nvim-data/lazy/blink.cmp/lua/blink/cmp/sources/lib/queue.lua] takes [1.284] sec!
[12:26:07.755][info] [#0:script\workspace\workspace.lua:290]: Scan files at:	file:///c%3A/Users/downloader/AppData/Local/nvim-data/lazy/readme/doc/telescope-fzf-native.nvim.md
[12:26:07.755][info] [#0:script\workspace\workspace.lua:290]: Scan files at:	file:///c%3A/Users/downloader/AppData/Local/nvim-data/lazy/readme/doc/mason-tool-installer.nvim.md
[12:26:07.756][info] [#0:script\workspace\workspace.lua:290]: Scan files at:	file:///c%3A/Users/downloader/AppData/Local/nvim-data/lazy/readme/doc/telescope-ui-select.nvim.md
[12:26:07.756][info] [#0:script\workspace\loading.lua:160]: Load files from disk:	file:///c%3A/Users/downloader/AppData/Local/nvim-data/lazy/readme/doc/telescope-fzf-native.nvim.md
[12:26:07.756][info] [#0:script\workspace\loading.lua:172]: Loaded files takes [0.000] sec: file:///c%3A/Users/downloader/AppData/Local/nvim-data/lazy/readme/doc/telescope-fzf-native.nvim.md
[12:26:07.756][info] [#0:script\workspace\loading.lua:181]: Compile files takes [0.000] sec: file:///c%3A/Users/downloader/AppData/Local/nvim-data/lazy/readme/doc/telescope-fzf-native.nvim.md
[12:26:07.756][info] [#0:script\workspace\loading.lua:182]: Loaded finish:	file:///c%3A/Users/downloader/AppData/Local/nvim-data/lazy/readme/doc/telescope-fzf-native.nvim.md
[12:26:07.756][info] [#0:script\workspace\loading.lua:160]: Load files from disk:	file:///c%3A/Users/downloader/AppData/Local/nvim-data/lazy/readme/doc/mason-tool-installer.nvim.md
[12:26:07.756][info] [#0:script\workspace\loading.lua:172]: Loaded files takes [0.000] sec: file:///c%3A/Users/downloader/AppData/Local/nvim-data/lazy/readme/doc/mason-tool-installer.nvim.md
[12:26:07.756][info] [#0:script\workspace\loading.lua:181]: Compile files takes [0.000] sec: file:///c%3A/Users/downloader/AppData/Local/nvim-data/lazy/readme/doc/mason-tool-installer.nvim.md
[12:26:07.756][info] [#0:script\workspace\loading.lua:182]: Loaded finish:	file:///c%3A/Users/downloader/AppData/Local/nvim-data/lazy/readme/doc/mason-tool-installer.nvim.md
[12:26:07.756][info] [#0:script\workspace\loading.lua:160]: Load files from disk:	file:///c%3A/Users/downloader/AppData/Local/nvim-data/lazy/readme/doc/telescope-ui-select.nvim.md
[12:26:07.756][info] [#0:script\workspace\loading.lua:172]: Loaded files takes [0.000] sec: file:///c%3A/Users/downloader/AppData/Local/nvim-data/lazy/readme/doc/telescope-ui-select.nvim.md
[12:26:07.756][info] [#0:script\workspace\loading.lua:181]: Compile files takes [0.000] sec: file:///c%3A/Users/downloader/AppData/Local/nvim-data/lazy/readme/doc/telescope-ui-select.nvim.md
[12:26:07.756][info] [#0:script\workspace\loading.lua:182]: Loaded finish:	file:///c%3A/Users/downloader/AppData/Local/nvim-data/lazy/readme/doc/telescope-ui-select.nvim.md
[12:26:10.767][info] [#0:script\workspace\workspace.lua:290]: Scan files at:	file:///c%3A/Users/downloader/AppData/Local/nvim-data/lazy/readme/doc/mason-tool-installer.nvim.md
[12:26:10.767][info] [#0:script\workspace\workspace.lua:290]: Scan files at:	file:///c%3A/Users/downloader/AppData/Local/nvim-data/lazy/readme/doc/telescope-fzf-native.nvim.md
[12:26:10.768][info] [#0:script\workspace\workspace.lua:290]: Scan files at:	file:///c%3A/Users/downloader/AppData/Local/nvim-data/lazy/readme/doc/telescope-ui-select.nvim.md
[12:26:10.797][info] [#0:script\workspace\workspace.lua:290]: Scan files at:	file:///c%3A/Users/downloader/AppData/Local/nvim-data/lazy/LuaSnip/.git/index
[12:26:10.797][info] [#0:script\workspace\loading.lua:160]: Load files from disk:	file:///c%3A/Users/downloader/AppData/Local/nvim-data/lazy/LuaSnip/.git/index
[12:26:10.797][info] [#0:script\workspace\loading.lua:172]: Loaded files takes [0.000] sec: file:///c%3A/Users/downloader/AppData/Local/nvim-data/lazy/LuaSnip/.git/index
[12:26:10.797][info] [#0:script\workspace\loading.lua:181]: Compile files takes [0.000] sec: file:///c%3A/Users/downloader/AppData/Local/nvim-data/lazy/LuaSnip/.git/index
[12:26:10.797][info] [#0:script\workspace\loading.lua:182]: Loaded finish:	file:///c%3A/Users/downloader/AppData/Local/nvim-data/lazy/LuaSnip/.git/index
[12:26:10.806][info] [#0:script\workspace\loading.lua:160]: Load files from disk:	file:///c%3A/Users/downloader/AppData/Local/nvim-data/lazy/readme/doc/mason-tool-installer.nvim.md
[12:26:10.806][info] [#0:script\workspace\loading.lua:172]: Loaded files takes [0.000] sec: file:///c%3A/Users/downloader/AppData/Local/nvim-data/lazy/readme/doc/mason-tool-installer.nvim.md
[12:26:10.806][info] [#0:script\workspace\loading.lua:181]: Compile files takes [0.000] sec: file:///c%3A/Users/downloader/AppData/Local/nvim-data/lazy/readme/doc/mason-tool-installer.nvim.md
[12:26:10.806][info] [#0:script\workspace\loading.lua:182]: Loaded finish:	file:///c%3A/Users/downloader/AppData/Local/nvim-data/lazy/readme/doc/mason-tool-installer.nvim.md
[12:26:10.806][info] [#0:script\workspace\loading.lua:160]: Load files from disk:	file:///c%3A/Users/downloader/AppData/Local/nvim-data/lazy/readme/doc/telescope-fzf-native.nvim.md
[12:26:10.806][info] [#0:script\workspace\loading.lua:172]: Loaded files takes [0.000] sec: file:///c%3A/Users/downloader/AppData/Local/nvim-data/lazy/readme/doc/telescope-fzf-native.nvim.md
[12:26:10.806][info] [#0:script\workspace\loading.lua:181]: Compile files takes [0.000] sec: file:///c%3A/Users/downloader/AppData/Local/nvim-data/lazy/readme/doc/telescope-fzf-native.nvim.md
[12:26:10.806][info] [#0:script\workspace\loading.lua:182]: Loaded finish:	file:///c%3A/Users/downloader/AppData/Local/nvim-data/lazy/readme/doc/telescope-fzf-native.nvim.md
[12:26:10.806][info] [#0:script\workspace\loading.lua:160]: Load files from disk:	file:///c%3A/Users/downloader/AppData/Local/nvim-data/lazy/readme/doc/telescope-ui-select.nvim.md
[12:26:10.806][info] [#0:script\workspace\loading.lua:172]: Loaded files takes [0.000] sec: file:///c%3A/Users/downloader/AppData/Local/nvim-data/lazy/readme/doc/telescope-ui-select.nvim.md
[12:26:10.806][info] [#0:script\workspace\loading.lua:181]: Compile files takes [0.000] sec: file:///c%3A/Users/downloader/AppData/Local/nvim-data/lazy/readme/doc/telescope-ui-select.nvim.md
[12:26:10.806][info] [#0:script\workspace\loading.lua:182]: Loaded finish:	file:///c%3A/Users/downloader/AppData/Local/nvim-data/lazy/readme/doc/telescope-ui-select.nvim.md
[12:26:11.919][warn] [#0:script\pub\report.lua:24]: Load proto error:	Disconnected!
